ratio_absorb,PSII_content_per_leaf,PSII_antenna_size,P700_red_initial,idx,Phi2_initial,Phi2,Phi2*PSII_antenna_size*100
0.1,0.07,0.1,0.1,0,0.525843149,0.525843149,5.2584314899999995
0.1,0.07,0.1,0.5,1,0.741827,0.741827,7.418270000000001
0.1,0.07,0.1,1.0,2,0.726447144,0.726447144,7.26447144
0.1,0.07,0.1,4.0,3,0.726554192,0.726554192,7.26554192
0.1,0.07,0.1,6.0,4,0.727389702,0.727389702,7.273897020000001
0.1,0.07,0.1,8.0,5,0.728300148,0.728300148,7.283001479999999
0.1,0.07,0.1,10.0,6,0.729240995,0.729240995,7.292409949999999
0.1,0.07,0.3,0.1,7,0.179136809,0.179136809,5.37410427
0.1,0.07,0.3,0.5,8,0.691808106,0.691808106,20.75424318
0.1,0.07,0.3,1.0,9,0.662238606,0.662238606,19.867158179999997
0.1,0.07,0.3,4.0,10,0.644930094,0.644930094,19.347902819999998
0.1,0.07,0.3,6.0,11,0.64573828,0.64573828,19.3721484
0.1,0.07,0.3,8.0,12,0.64661482,0.64661482,19.3984446
0.1,0.07,0.3,10.0,13,0.647517135,0.647517135,19.425514049999997
0.1,0.07,0.5,0.1,14,0.107722847,0.107722847,5.38614235
0.1,0.07,0.5,0.5,15,0.470515764,0.470515764,23.5257882
0.1,0.07,0.5,1.0,16,0.624843373,0.624843373,31.242168650000004
0.1,0.07,0.5,4.0,17,0.610109949,0.610109949,30.505497450000004
0.1,0.07,0.5,6.0,18,0.611685233,0.0,0.0
0.1,0.07,0.5,8.0,19,0.612545324,0.611685233,30.58426165
0.1,0.07,0.5,10.0,20,0.077011357,0.612545324,30.627266199999998
0.1,0.07,0.7,0.1,21,0.342001296,0.077011357,5.39079499
0.1,0.07,0.7,0.5,22,0.517793384,0.342001296,23.940090719999997
0.1,0.07,0.7,1.0,23,0.559463825,0.517793384,36.245536879999996
0.1,0.07,0.7,4.0,24,0.560260132,0.559463825,39.162467750000005
0.1,0.07,0.7,6.0,25,0.561094782,0.560260132,39.21820924
0.1,0.07,0.7,8.0,26,0.561971624,0.561094782,39.27663473999999
0.1,0.07,0.7,10.0,27,0.059926609,0.561971624,39.33801368
0.1,0.07,0.9,0.1,28,0.267738039,0.059926609,5.393394809999999
0.1,0.07,0.9,0.5,29,0.420422244,0.267738039,24.096423509999997
0.1,0.07,0.9,1.0,30,0.492332211,0.420422244,37.83800196
0.1,0.07,0.9,4.0,31,0.493166048,0.492332211,44.30989899
0.1,0.07,0.9,6.0,32,0.493995876,0.493166048,44.38494432
0.1,0.07,0.9,8.0,33,0.494823424,0.493995876,44.45962884
0.1,0.07,0.9,10.0,34,0.532622828,0.494823424,44.53410816
0.1,0.1,0.1,0.1,35,0.773141071,0.532622828,5.3262282800000005
0.1,0.1,0.1,0.5,36,0.755130555,0.773141071,7.7314107100000005
0.1,0.1,0.1,1.0,37,0.755301076,0.755130555,7.551305550000001
0.1,0.1,0.1,4.0,38,0.756091235,0.755301076,7.553010760000001
0.1,0.1,0.1,6.0,39,0.756938817,0.756091235,7.56091235
0.1,0.1,0.1,8.0,40,0.75781199,0.756938817,7.569388170000001
0.1,0.1,0.1,10.0,41,0.181734869,0.75781199,7.578119900000001
0.1,0.1,0.3,0.1,42,0.730375299,0.181734869,5.45204607
0.1,0.1,0.3,0.5,43,0.705190059,0.730375299,21.91125897
0.1,0.1,0.3,1.0,44,0.668287489,0.705190059,21.15570177
0.1,0.1,0.3,4.0,45,0.66914864,0.668287489,20.048624670000002
0.1,0.1,0.3,6.0,46,0.670081567,0.66914864,20.074459199999996
0.1,0.1,0.3,8.0,47,0.671036546,0.670081567,20.10244701
0.1,0.1,0.3,10.0,48,0.109303756,0.671036546,20.13109638
0.1,0.1,0.5,0.1,49,0.494114967,0.109303756,5.4651878
0.1,0.1,0.5,0.5,50,0.683402994,0.494114967,24.70574835
0.1,0.1,0.5,1.0,51,0.635581455,0.683402994,34.1701497
0.1,0.1,0.5,4.0,52,0.636307017,0.635581455,31.779072749999997
0.1,0.1,0.5,6.0,53,0.637144912,0.636307017,31.81535085
0.1,0.1,0.5,8.0,54,0.638023272,0.637144912,31.8572456
0.1,0.1,0.5,10.0,55,0.078145075,0.638023272,31.9011636
0.1,0.1,0.7,0.1,56,0.358106639,0.078145075,5.4701552499999995
0.1,0.1,0.7,0.5,57,0.586577784,0.358106639,25.06746473
0.1,0.1,0.7,1.0,58,0.611938559,0.586577784,41.060444880000006
0.1,0.1,0.7,4.0,59,0.612580554,0.611938559,42.83569913
0.1,0.1,0.7,6.0,60,0.613391601,0.612580554,42.88063878
0.1,0.1,0.7,8.0,61,0.614245664,0.613391601,42.93741207
0.1,0.1,0.7,10.0,62,0.060810779,0.614245664,42.99719648
0.1,0.1,0.9,0.1,63,0.280022555,0.060810779,5.47297011
0.1,0.1,0.9,0.5,64,0.479655753,0.280022555,25.20202995
0.1,0.1,0.9,1.0,65,0.579961752,0.479655753,43.16901777
0.1,0.1,0.9,4.0,66,0.580638917,0.579961752,52.19655768
0.1,0.1,0.9,6.0,67,0.581451887,0.580638917,52.25750253
0.1,0.1,0.9,8.0,68,0.582311636,0.581451887,52.33066983
0.1,0.1,0.9,10.0,69,0.577950693,0.582311636,52.40804724
0.1,1.0,0.1,0.1,70,0.828526616,0.577950693,5.77950693
0.1,1.0,0.1,0.5,71,0.828096984,0.828526616,8.28526616
0.1,1.0,0.1,1.0,72,0.828158512,0.828096984,8.280969840000001
0.1,1.0,0.1,4.0,73,0.828200275,0.828158512,8.28158512
0.1,1.0,0.1,6.0,74,0.828240973,0.828200275,8.28200275
0.1,1.0,0.1,8.0,75,0.828280679,0.828240973,8.282409730000001
0.1,1.0,0.1,10.0,76,0.202116316,0.828280679,8.28280679
0.1,1.0,0.3,0.1,77,0.796882498,0.202116316,6.063489479999999
0.1,1.0,0.3,0.5,78,0.824870124,0.796882498,23.90647494
0.1,1.0,0.3,1.0,79,0.816509357,0.824870124,24.74610372
0.1,1.0,0.3,4.0,80,0.816766996,0.816509357,24.49528071
0.1,1.0,0.3,6.0,81,0.817025972,0.816766996,24.503009879999997
0.1,1.0,0.3,8.0,82,0.817283783,0.817025972,24.510779160000002
0.1,1.0,0.3,10.0,83,0.121840612,0.817283783,24.51851349
0.1,1.0,0.5,0.1,84,0.545908725,0.121840612,6.0920306
0.1,1.0,0.5,0.5,85,0.816235937,0.545908725,27.295436249999998
0.1,1.0,0.5,1.0,86,0.799040611,0.816235937,40.81179685
0.1,1.0,0.5,4.0,87,0.799466535,0.799040611,39.95203055
0.1,1.0,0.5,6.0,88,0.799940648,0.799466535,39.97332675
0.1,1.0,0.5,8.0,89,0.800427886,0.799940648,39.9970324
0.1,1.0,0.5,10.0,90,0.087182232,0.800427886,40.021394300000004
0.1,1.0,0.7,0.1,91,0.396295313,0.087182232,6.102756239999999
0.1,1.0,0.7,0.5,92,0.727508136,0.396295313,27.740671909999996
0.1,1.0,0.7,1.0,93,0.788051001,0.727508136,50.92556951999999
0.1,1.0,0.7,4.0,94,0.780976644,0.788051001,55.16357007
0.1,1.0,0.7,6.0,95,0.781551092,0.780976644,54.668365079999994
0.1,1.0,0.7,8.0,96,0.782188356,0.781551092,54.70857643999999
0.1,1.0,0.7,10.0,97,0.067870911,0.782188356,54.753184919999995
0.1,1.0,0.9,0.1,98,0.310055866,0.067870911,6.108381990000001
0.1,1.0,0.9,0.5,99,0.589573201,0.310055866,27.905027940000004
0.1,1.0,0.9,1.0,100,0.788523705,0.589573201,53.06158809
0.1,1.0,0.9,4.0,101,0.763758359,0.788523705,70.96713345
0.1,1.0,0.9,6.0,102,0.764209825,0.763758359,68.73825231000001
0.1,1.0,0.9,8.0,103,0.764924566,0.764209825,68.77888425
0.1,1.0,0.9,10.0,104,0.608334528,0.764924566,68.84321094
0.1,3.0,0.1,0.1,105,0.829403184,0.608334528,6.08334528
0.1,3.0,0.1,0.5,106,0.829700746,0.829403184,8.29403184
0.1,3.0,0.1,1.0,107,0.829708921,0.829700746,8.29700746
0.1,3.0,0.1,4.0,108,0.829714252,0.829708921,8.297089210000001
0.1,3.0,0.1,6.0,109,0.829719442,0.829714252,8.297142520000001
0.1,3.0,0.1,8.0,110,0.829724518,0.829719442,8.29719442
0.1,3.0,0.1,10.0,111,0.21806549,0.829724518,8.29724518
0.1,3.0,0.3,0.1,112,0.80146479,0.21806549,6.541964699999999
0.1,3.0,0.3,0.5,113,0.827958894,0.80146479,24.0439437
0.1,3.0,0.3,1.0,114,0.828133121,0.827958894,24.83876682
0.1,3.0,0.3,4.0,115,0.82817632,0.828133121,24.84399363
0.1,3.0,0.3,6.0,116,0.828219403,0.82817632,24.845289599999997
0.1,3.0,0.3,8.0,117,0.828261736,0.828219403,24.84658209
0.1,3.0,0.3,10.0,118,0.131737664,0.828261736,24.84785208
0.1,3.0,0.5,0.1,119,0.566574113,0.131737664,6.5868832
0.1,3.0,0.5,0.5,120,0.82019879,0.566574113,28.328705650000003
0.1,3.0,0.5,1.0,121,0.825193083,0.82019879,41.009939499999994
0.1,3.0,0.5,4.0,122,0.825300771,0.825193083,41.25965415
0.1,3.0,0.5,6.0,123,0.825410487,0.825300771,41.26503855
0.1,3.0,0.5,8.0,124,0.825519299,0.825410487,41.270524349999995
0.1,3.0,0.5,10.0,125,0.094338091,0.825519299,41.27596495
0.1,3.0,0.7,0.1,126,0.414162003,0.094338091,6.60366637
0.1,3.0,0.7,0.5,127,0.741376316,0.414162003,28.99134021
0.1,3.0,0.7,1.0,128,0.823383774,0.741376316,51.89634211999999
0.1,3.0,0.7,4.0,129,0.821261786,0.823383774,57.63686417999999
0.1,3.0,0.7,6.0,130,0.821455551,0.821261786,57.48832502
0.1,3.0,0.7,8.0,131,0.821650639,0.821455551,57.50188856999999
0.1,3.0,0.7,10.0,132,0.073471302,0.821650639,57.51554473
0.1,3.0,0.9,0.1,133,0.324836422,0.073471302,6.6124171800000004
0.1,3.0,0.9,0.5,134,0.60796071,0.324836422,29.235277980000003
0.1,3.0,0.9,1.0,135,0.823129111,0.60796071,54.7164639
0.1,3.0,0.9,4.0,136,0.816670299,0.823129111,74.08161999000001
0.1,3.0,0.9,6.0,137,0.816559294,0.816670299,73.50032691
0.1,3.0,0.9,8.0,138,0.816847811,0.816559294,73.49033646000001
0.1,3.0,0.9,10.0,139,0.625095351,0.816847811,73.51630299
0.1,5.0,0.1,0.1,140,0.829483602,0.625095351,6.2509535099999995
0.1,5.0,0.1,0.5,141,0.829842842,0.829483602,8.294836020000002
0.1,5.0,0.1,1.0,142,0.829845929,0.829842842,8.29842842
0.1,5.0,0.1,4.0,143,0.829847952,0.829845929,8.29845929
0.1,5.0,0.1,6.0,144,0.829849921,0.829847952,8.29847952
0.1,5.0,0.1,8.0,145,0.829851838,0.829849921,8.298499210000001
0.1,5.0,0.1,10.0,146,0.227835328,0.829851838,8.29851838
0.1,5.0,0.3,0.1,147,0.80305504,0.227835328,6.83505984
0.1,5.0,0.3,0.5,148,0.82825351,0.80305504,24.0916512
0.1,5.0,0.3,1.0,149,0.829246194,0.82825351,24.8476053
0.1,5.0,0.3,4.0,150,0.829263049,0.829246194,24.877385819999997
0.1,5.0,0.3,6.0,151,0.82927954,0.829263049,24.877891469999998
0.1,5.0,0.3,8.0,152,0.829295728,0.82927954,24.878386199999998
0.1,5.0,0.3,10.0,153,0.13782933,0.829295728,24.87887184
0.1,5.0,0.5,0.1,154,0.57814287,0.13782933,6.8914665
0.1,5.0,0.5,0.5,155,0.820762898,0.57814287,28.9071435
0.1,5.0,0.5,1.0,156,0.828105368,0.820762898,41.0381449
0.1,5.0,0.5,4.0,157,0.828148792,0.828105368,41.4052684
0.1,5.0,0.5,6.0,158,0.828192465,0.828148792,41.407439600000004
0.1,5.0,0.5,8.0,159,0.828235702,0.828192465,41.40962325
0.1,5.0,0.5,10.0,160,0.098753129,0.828235702,41.411785099999996
0.1,5.0,0.7,0.1,161,0.424582594,0.098753129,6.912719029999999
0.1,5.0,0.7,0.5,162,0.747143039,0.424582594,29.720781579999993
0.1,5.0,0.7,1.0,163,0.8272745,0.747143039,52.30001273
0.1,5.0,0.7,4.0,164,0.826527927,0.8272745,57.909215
0.1,5.0,0.7,6.0,165,0.826609639,0.826527927,57.85695489
0.1,5.0,0.7,8.0,166,0.826691131,0.826609639,57.862674729999995
0.1,5.0,0.7,10.0,167,0.076928885,0.826691131,57.86837917
0.1,5.0,0.9,0.1,168,0.33355613,0.076928885,6.923599650000001
0.1,5.0,0.9,0.5,169,0.6175009,0.33355613,30.0200517
0.1,5.0,0.9,1.0,170,0.826910995,0.6175009,55.575081000000004
0.1,5.0,0.9,4.0,171,0.824648548,0.826910995,74.42198955
0.1,5.0,0.9,6.0,172,0.824556822,0.824648548,74.21836932
0.1,5.0,0.9,8.0,173,0.824685209,0.824556822,74.21011398
0.1,5.0,0.9,10.0,174,0.637020696,0.824685209,74.22166881
0.1,7.0,0.1,0.1,175,0.829507854,0.637020696,6.370206960000001
0.1,7.0,0.1,0.5,176,0.829884047,0.829507854,8.29507854
0.1,7.0,0.1,1.0,177,0.829885672,0.829884047,8.29884047
0.1,7.0,0.1,4.0,178,0.829886737,0.829885672,8.29885672
0.1,7.0,0.1,6.0,179,0.829887769,0.829886737,8.298867370000002
0.1,7.0,0.1,8.0,180,0.82988879,0.829887769,8.298877690000001
0.1,7.0,0.1,10.0,181,0.235324594,0.82988879,8.298887900000002
0.1,7.0,0.3,0.1,182,0.80404518,0.235324594,7.059737819999999
0.1,7.0,0.3,0.5,183,0.8283444,0.80404518,24.1213554
0.1,7.0,0.3,1.0,184,0.829568487,0.8283444,24.850331999999998
0.1,7.0,0.3,4.0,185,0.829577375,0.829568487,24.887054609999996
0.1,7.0,0.3,6.0,186,0.829586096,0.829577375,24.887321249999996
0.1,7.0,0.3,8.0,187,0.829594652,0.829586096,24.887582879999997
0.1,7.0,0.3,10.0,188,0.142522918,0.829594652,24.88783956
0.1,7.0,0.5,0.1,189,0.586593498,0.142522918,7.1261459
0.1,7.0,0.5,0.5,190,0.821000096,0.586593498,29.3296749
0.1,7.0,0.5,1.0,191,0.828963512,0.821000096,41.0500048
0.1,7.0,0.5,4.0,192,0.828986707,0.828963512,41.4481756
0.1,7.0,0.5,6.0,193,0.829010131,0.828986707,41.44933535
0.1,7.0,0.5,8.0,194,0.829033235,0.829010131,41.45050655
0.1,7.0,0.5,10.0,195,0.102152653,0.829033235,41.45166175
0.1,7.0,0.7,0.1,196,0.432388262,0.102152653,7.1506857099999985
0.1,7.0,0.7,0.5,197,0.75094215,0.432388262,30.26717834
0.1,7.0,0.7,1.0,198,0.828423041,0.75094215,52.56595049999999
0.1,7.0,0.7,4.0,199,0.828119611,0.828423041,57.989612869999995
0.1,7.0,0.7,6.0,200,0.8281639,0.828119611,57.96837277
0.1,7.0,0.7,8.0,201,0.828207831,0.8281639,57.971472999999996
0.1,7.0,0.7,10.0,202,0.079592502,0.828207831,57.97454817
0.1,7.0,0.9,0.1,203,0.34013162,0.079592502,7.163325179999999
0.1,7.0,0.9,0.5,204,0.624347421,0.34013162,30.611845800000005
0.1,7.0,0.9,1.0,205,0.828029647,0.624347421,56.19126789
0.1,7.0,0.9,4.0,206,0.827090301,0.828029647,74.52266823
0.1,7.0,0.9,6.0,207,0.827051127,0.827090301,74.43812709000001
0.1,7.0,0.9,8.0,208,0.827121941,0.827051127,74.43460143
0.1,7.0,0.9,10.0,209,0.493009265,0.827121941,74.44097469
0.3,0.07,0.1,0.1,210,0.64736017,0.493009265,4.93009265
0.3,0.07,0.1,0.5,211,0.644492529,0.64736017,6.473601700000001
0.3,0.07,0.1,1.0,212,0.645048078,0.644492529,6.4449252900000005
0.3,0.07,0.1,4.0,213,0.645885695,0.645048078,6.4504807799999995
0.3,0.07,0.1,6.0,214,0.646747352,0.645885695,6.458856950000001
0.3,0.07,0.1,8.0,215,0.647610876,0.646747352,6.46747352
0.3,0.07,0.1,10.0,216,0.168116892,0.647610876,6.476108760000001
0.3,0.07,0.3,0.1,217,0.473596558,0.168116892,5.04350676
0.3,0.07,0.3,0.5,218,0.490595834,0.473596558,14.20789674
0.3,0.07,0.3,1.0,219,0.492618914,0.490595834,14.71787502
0.3,0.07,0.3,4.0,220,0.493469327,0.492618914,14.77856742
0.3,0.07,0.3,6.0,221,0.494308352,0.493469327,14.804079810000001
0.3,0.07,0.3,8.0,222,0.495158128,0.494308352,14.829250559999998
0.3,0.07,0.3,10.0,223,0.10111181,0.495158128,14.854743839999998
0.3,0.07,0.5,0.1,224,0.303600877,0.10111181,5.0555905
0.3,0.07,0.5,0.5,225,0.328960088,0.303600877,15.180043849999999
0.3,0.07,0.5,1.0,226,0.331518381,0.328960088,16.4480044
0.3,0.07,0.5,4.0,227,0.332191057,0.331518381,16.57591905
0.3,0.07,0.5,6.0,228,0.332793166,0.332191057,16.60955285
0.3,0.07,0.5,8.0,229,0.333400144,0.332793166,16.639658299999997
0.3,0.07,0.5,10.0,230,0.072290378,0.333400144,16.6700072
0.3,0.07,0.7,0.1,231,0.21993574,0.072290378,5.06032646
0.3,0.07,0.7,0.5,232,0.240326897,0.21993574,15.395501799999996
0.3,0.07,0.7,1.0,233,0.24254707,0.240326897,16.822882789999998
0.3,0.07,0.7,4.0,234,0.243014799,0.24254707,16.978294899999998
0.3,0.07,0.7,6.0,235,0.243496869,0.243014799,17.01103593
0.3,0.07,0.7,8.0,236,0.243960935,0.243496869,17.04478083
0.3,0.07,0.7,10.0,237,0.056253723,0.243960935,17.07726545
0.3,0.07,0.9,0.1,238,0.17200008,0.056253723,5.06283507
0.3,0.07,0.9,0.5,239,0.187676352,0.17200008,15.480007200000001
0.3,0.07,0.9,1.0,240,0.189471703,0.187676352,16.89087168
0.3,0.07,0.9,4.0,241,0.189923326,0.189471703,17.05245327
0.3,0.07,0.9,6.0,242,0.190299165,0.189923326,17.093099340000002
0.3,0.07,0.9,8.0,243,0.190669953,0.190299165,17.126924849999998
0.3,0.07,0.9,10.0,244,0.507232244,0.190669953,17.16029577
0.3,0.1,0.1,0.1,245,0.672211333,0.507232244,5.072322440000001
0.3,0.1,0.1,0.5,246,0.667750057,0.672211333,6.72211333
0.3,0.1,0.1,1.0,247,0.668429504,0.667750057,6.67750057
0.3,0.1,0.1,4.0,248,0.669309557,0.668429504,6.68429504
0.3,0.1,0.1,6.0,249,0.670197326,0.669309557,6.6930955700000005
0.3,0.1,0.1,8.0,250,0.671062468,0.670197326,6.701973260000001
0.3,0.1,0.1,10.0,251,0.172678768,0.671062468,6.7106246800000005
0.3,0.1,0.3,0.1,252,0.562113782,0.172678768,5.1803630400000005
0.3,0.1,0.3,0.5,253,0.579785196,0.562113782,16.863413459999997
0.3,0.1,0.3,1.0,254,0.580180609,0.579785196,17.39355588
0.3,0.1,0.3,4.0,255,0.581018092,0.580180609,17.405418270000002
0.3,0.1,0.3,6.0,256,0.581876537,0.581018092,17.430542759999998
0.3,0.1,0.3,8.0,257,0.582767712,0.581876537,17.45629611
0.3,0.1,0.3,10.0,258,0.1038403,0.582767712,17.48303136
0.3,0.1,0.5,0.1,259,0.371462731,0.1038403,5.192015
0.3,0.1,0.5,0.5,260,0.439517271,0.371462731,18.57313655
0.3,0.1,0.5,1.0,261,0.443710426,0.439517271,21.97586355
0.3,0.1,0.5,4.0,262,0.444491732,0.443710426,22.185521299999998
0.3,0.1,0.5,6.0,263,0.445281735,0.444491732,22.2245866
0.3,0.1,0.5,8.0,264,0.446048397,0.445281735,22.26408675
0.3,0.1,0.5,10.0,265,0.074231703,0.446048397,22.30241985
0.3,0.1,0.7,0.1,266,0.270434071,0.074231703,5.196219209999999
0.3,0.1,0.7,0.5,267,0.331999878,0.270434071,18.93038497
0.3,0.1,0.7,1.0,268,0.337417413,0.331999878,23.239991460000002
0.3,0.1,0.7,4.0,269,0.338084539,0.337417413,23.619218909999997
0.3,0.1,0.7,6.0,270,0.338703627,0.338084539,23.66591773
0.3,0.1,0.7,8.0,271,0.339371237,0.338703627,23.70925389
0.3,0.1,0.7,10.0,272,0.05776632,0.339371237,23.755986589999996
0.3,0.1,0.9,0.1,273,0.211969106,0.05776632,5.1989688
0.3,0.1,0.9,0.5,274,0.262966831,0.211969106,19.077219539999998
0.3,0.1,0.9,1.0,275,0.268132215,0.262966831,23.667014790000003
0.3,0.1,0.9,4.0,276,0.268689992,0.268132215,24.13189935
0.3,0.1,0.9,6.0,277,0.269191139,0.268689992,24.18209928
0.3,0.1,0.9,8.0,278,0.269715457,0.269191139,24.227202510000005
0.3,0.1,0.9,10.0,279,0.554325148,0.269715457,24.27439113
0.3,1.0,0.1,0.1,280,0.821783545,0.554325148,5.54325148
0.3,1.0,0.1,0.5,281,0.816282151,0.821783545,8.217835449999999
0.3,1.0,0.1,1.0,282,0.816518802,0.816282151,8.16282151
0.3,1.0,0.1,4.0,283,0.816749293,0.816518802,8.16518802
0.3,1.0,0.1,6.0,284,0.817009684,0.816749293,8.16749293
0.3,1.0,0.1,8.0,285,0.817276416,0.817009684,8.170096840000001
0.3,1.0,0.1,10.0,286,0.190958294,0.817276416,8.172764160000002
0.3,1.0,0.3,0.1,287,0.785416968,0.190958294,5.72874882
0.3,1.0,0.3,0.5,288,0.803498438,0.785416968,23.562509040000002
0.3,1.0,0.3,1.0,289,0.763567116,0.803498438,24.10495314
0.3,1.0,0.3,4.0,290,0.764158667,0.763567116,22.90701348
0.3,1.0,0.3,6.0,291,0.76479608,0.764158667,22.92476001
0.3,1.0,0.3,8.0,292,0.765597242,0.76479608,22.9438824
0.3,1.0,0.3,10.0,293,0.11495475,0.765597242,22.967917259999997
0.3,1.0,0.5,0.1,294,0.527813004,0.11495475,5.7477374999999995
0.3,1.0,0.5,0.5,295,0.793683057,0.527813004,26.3906502
0.3,1.0,0.5,1.0,296,0.722936647,0.793683057,39.68415285
0.3,1.0,0.5,4.0,297,0.723622514,0.722936647,36.146832350000004
0.3,1.0,0.5,6.0,298,0.724498019,0.723622514,36.1811257
0.3,1.0,0.5,8.0,299,0.725435544,0.724498019,36.22490095
0.3,1.0,0.5,10.0,300,0.082212439,0.725435544,36.2717772
0.3,1.0,0.7,0.1,301,0.381766099,0.082212439,5.7548707299999995
0.3,1.0,0.7,0.5,302,0.700714981,0.381766099,26.72362693
0.3,1.0,0.7,1.0,303,0.695594592,0.700714981,49.050048669999995
0.3,1.0,0.7,4.0,304,0.695761491,0.695594592,48.69162143999999
0.3,1.0,0.7,6.0,305,0.696645052,0.695761491,48.70330437
0.3,1.0,0.7,8.0,306,0.697606397,0.696645052,48.765153639999994
0.3,1.0,0.7,10.0,307,0.063988112,0.697606397,48.83244779
0.3,1.0,0.9,0.1,308,0.298290567,0.063988112,5.75893008
0.3,1.0,0.9,0.5,309,0.566708794,0.298290567,26.846151030000005
0.3,1.0,0.9,1.0,310,0.682314307,0.566708794,51.00379146
0.3,1.0,0.9,4.0,311,0.676030662,0.682314307,61.408287630000004
0.3,1.0,0.9,6.0,312,0.676842928,0.676030662,60.84275957999999
0.3,1.0,0.9,8.0,313,0.677776667,0.676842928,60.91586352
0.3,1.0,0.9,10.0,314,0.577950693,0.677776667,60.999900030000006
0.3,3.0,0.1,0.1,315,0.828526616,0.577950693,5.77950693
0.3,3.0,0.1,0.5,316,0.828096984,0.828526616,8.28526616
0.3,3.0,0.1,1.0,317,0.828158512,0.828096984,8.280969840000001
0.3,3.0,0.1,4.0,318,0.828200275,0.828158512,8.28158512
0.3,3.0,0.1,6.0,319,0.828240973,0.828200275,8.28200275
0.3,3.0,0.1,8.0,320,0.828280679,0.828240973,8.282409730000001
0.3,3.0,0.1,10.0,321,0.202116316,0.828280679,8.28280679
0.3,3.0,0.3,0.1,322,0.796882498,0.202116316,6.063489479999999
0.3,3.0,0.3,0.5,323,0.824870124,0.796882498,23.90647494
0.3,3.0,0.3,1.0,324,0.816509357,0.824870124,24.74610372
0.3,3.0,0.3,4.0,325,0.816766996,0.816509357,24.49528071
0.3,3.0,0.3,6.0,326,0.817025972,0.816766996,24.503009879999997
0.3,3.0,0.3,8.0,327,0.817283783,0.817025972,24.510779160000002
0.3,3.0,0.3,10.0,328,0.121840612,0.817283783,24.51851349
0.3,3.0,0.5,0.1,329,0.545908725,0.121840612,6.0920306
0.3,3.0,0.5,0.5,330,0.816235937,0.545908725,27.295436249999998
0.3,3.0,0.5,1.0,331,0.799040611,0.816235937,40.81179685
0.3,3.0,0.5,4.0,332,0.799466535,0.799040611,39.95203055
0.3,3.0,0.5,6.0,333,0.799940648,0.799466535,39.97332675
0.3,3.0,0.5,8.0,334,0.800427886,0.799940648,39.9970324
0.3,3.0,0.5,10.0,335,0.087182232,0.800427886,40.021394300000004
0.3,3.0,0.7,0.1,336,0.396295313,0.087182232,6.102756239999999
0.3,3.0,0.7,0.5,337,0.727508136,0.396295313,27.740671909999996
0.3,3.0,0.7,1.0,338,0.788051001,0.727508136,50.92556951999999
0.3,3.0,0.7,4.0,339,0.780976644,0.788051001,55.16357007
0.3,3.0,0.7,6.0,340,0.781551092,0.780976644,54.668365079999994
0.3,3.0,0.7,8.0,341,0.782188356,0.781551092,54.70857643999999
0.3,3.0,0.7,10.0,342,0.067870911,0.782188356,54.753184919999995
0.3,3.0,0.9,0.1,343,0.310055866,0.067870911,6.108381990000001
0.3,3.0,0.9,0.5,344,0.589573201,0.310055866,27.905027940000004
0.3,3.0,0.9,1.0,345,0.788523705,0.589573201,53.06158809
0.3,3.0,0.9,4.0,346,0.763758359,0.788523705,70.96713345
0.3,3.0,0.9,6.0,347,0.764209825,0.763758359,68.73825231000001
0.3,3.0,0.9,8.0,348,0.764924566,0.764209825,68.77888425
0.3,3.0,0.9,10.0,349,0.591135979,0.764924566,68.84321094
0.3,5.0,0.1,0.1,350,0.829145166,0.591135979,5.911359790000001
0.3,5.0,0.1,0.5,351,0.829232211,0.829145166,8.29145166
0.3,5.0,0.1,1.0,352,0.829256906,0.829232211,8.29232211
0.3,5.0,0.1,4.0,353,0.829273078,0.829256906,8.29256906
0.3,5.0,0.1,6.0,354,0.829288842,0.829273078,8.292730780000001
0.3,5.0,0.1,8.0,355,0.829304255,0.829288842,8.29288842
0.3,5.0,0.1,10.0,356,0.208795468,0.829304255,8.293042550000001
0.3,5.0,0.3,0.1,357,0.799334578,0.208795468,6.26386404
0.3,5.0,0.3,0.5,358,0.827035327,0.799334578,23.98003734
0.3,5.0,0.3,1.0,359,0.824547824,0.827035327,24.81105981
0.3,5.0,0.3,4.0,360,0.824669068,0.824547824,24.73643472
0.3,5.0,0.3,6.0,361,0.824790328,0.824669068,24.740072039999998
0.3,5.0,0.3,8.0,362,0.824910087,0.824790328,24.743709839999998
0.3,5.0,0.3,10.0,363,0.125976642,0.824910087,24.74730261
0.3,5.0,0.5,0.1,364,0.55491338,0.125976642,6.2988321
0.3,5.0,0.5,0.5,365,0.818862755,0.55491338,27.745669
0.3,5.0,0.5,1.0,366,0.816363934,0.818862755,40.943137750000005
0.3,5.0,0.5,4.0,367,0.816628778,0.816363934,40.8181967
0.3,5.0,0.5,6.0,368,0.816905786,0.816628778,40.8314389
0.3,5.0,0.5,8.0,369,0.817182648,0.816905786,40.8452893
0.3,5.0,0.5,10.0,370,0.090171812,0.817182648,40.8591324
0.3,5.0,0.7,0.1,371,0.403954393,0.090171812,6.31202684
0.3,5.0,0.7,0.5,372,0.734445627,0.403954393,28.27680751
0.3,5.0,0.7,1.0,373,0.811544986,0.734445627,51.41119388999999
0.3,5.0,0.7,4.0,374,0.806434155,0.811544986,56.80814902
0.3,5.0,0.7,6.0,375,0.806854287,0.806434155,56.45039085
0.3,5.0,0.7,8.0,376,0.807288062,0.806854287,56.47980008999999
0.3,5.0,0.7,10.0,377,0.070209423,0.807288062,56.51016434
0.3,5.0,0.9,0.1,378,0.316362787,0.070209423,6.3188480700000005
0.3,5.0,0.9,0.5,379,0.597948702,0.316362787,28.472650830000003
0.3,5.0,0.9,1.0,380,0.811597628,0.597948702,53.81538318000001
0.3,5.0,0.9,4.0,381,0.795386455,0.811597628,73.04378652
0.3,5.0,0.9,6.0,382,0.795773419,0.795386455,71.58478095000001
0.3,5.0,0.9,8.0,383,0.796323628,0.795773419,71.61960771
0.3,5.0,0.9,10.0,384,0.600707704,0.796323628,71.66912652
0.3,7.0,0.1,0.1,385,0.829325669,0.600707704,6.00707704
0.3,7.0,0.1,0.5,386,0.829561053,0.829325669,8.29325669
0.3,7.0,0.1,1.0,387,0.829574251,0.829561053,8.295610530000001
0.3,7.0,0.1,4.0,388,0.829582799,0.829574251,8.29574251
0.3,7.0,0.1,6.0,389,0.829591156,0.829582799,8.29582799
0.3,7.0,0.1,8.0,390,0.82959933,0.829591156,8.29591156
0.3,7.0,0.1,10.0,391,0.213873001,0.82959933,8.2959933
0.3,7.0,0.3,0.1,392,0.800610406,0.213873001,6.41619003
0.3,7.0,0.3,0.5,393,0.827679207,0.800610406,24.01831218
0.3,7.0,0.3,1.0,394,0.82704847,0.827679207,24.83037621
0.3,7.0,0.3,4.0,395,0.827116366,0.82704847,24.8114541
0.3,7.0,0.3,6.0,396,0.827184018,0.827116366,24.81349098
0.3,7.0,0.3,8.0,397,0.827250895,0.827184018,24.815520539999998
0.3,7.0,0.3,10.0,398,0.129130538,0.827250895,24.81752685
0.3,7.0,0.5,0.1,399,0.561391525,0.129130538,6.456526899999999
0.3,7.0,0.5,0.5,400,0.819758141,0.561391525,28.06957625
0.3,7.0,0.5,1.0,401,0.822435479,0.819758141,40.98790705
0.3,7.0,0.5,4.0,402,0.82259818,0.822435479,41.12177395
0.3,7.0,0.5,6.0,403,0.822765302,0.82259818,41.129909
0.3,7.0,0.5,8.0,404,0.822931569,0.822765302,41.1382651
0.3,7.0,0.5,10.0,405,0.09244887,0.822931569,41.14657845
0.3,7.0,0.7,0.1,406,0.409587497,0.09244887,6.471420899999999
0.3,7.0,0.7,0.5,407,0.738483344,0.409587497,28.67112479
0.3,7.0,0.7,1.0,408,0.819696119,0.738483344,51.69383408
0.3,7.0,0.7,4.0,409,0.816459003,0.819696119,57.378728329999994
0.3,7.0,0.7,6.0,410,0.816739974,0.816459003,57.152130209999996
0.3,7.0,0.7,8.0,411,0.81702513,0.816739974,57.171798179999996
0.3,7.0,0.7,10.0,412,0.071992678,0.81702513,57.19175909999999
0.3,7.0,0.9,0.1,413,0.321029655,0.071992678,6.4793410200000014
0.3,7.0,0.9,0.5,414,0.603581653,0.321029655,28.892668950000004
0.3,7.0,0.9,1.0,415,0.819542981,0.603581653,54.322348770000005
0.3,7.0,0.9,4.0,416,0.80950734,0.819542981,73.75886829
0.3,7.0,0.9,6.0,417,0.809572687,0.80950734,72.85566060000001
0.3,7.0,0.9,8.0,418,0.809972534,0.809572687,72.86154183
0.3,7.0,0.9,10.0,419,0.419938834,0.809972534,72.89752806
0.7,0.07,0.1,0.1,420,0.558180806,0.419938834,4.1993883400000005
0.7,0.07,0.1,0.5,421,0.558445546,0.558180806,5.58180806
0.7,0.07,0.1,1.0,422,0.5597287,0.558445546,5.58445546
0.7,0.07,0.1,4.0,423,0.560594346,0.5597287,5.597287
0.7,0.07,0.1,6.0,424,0.561464989,0.560594346,5.605943460000001
0.7,0.07,0.1,8.0,425,0.562331327,0.561464989,5.61464989
0.7,0.07,0.1,10.0,426,0.144438224,0.562331327,5.62331327
0.7,0.07,0.3,0.1,427,0.239071048,0.144438224,4.33314672
0.7,0.07,0.3,0.5,428,0.241179481,0.239071048,7.17213144
0.7,0.07,0.3,1.0,429,0.242581553,0.241179481,7.23538443
0.7,0.07,0.3,4.0,430,0.243135051,0.242581553,7.27744659
0.7,0.07,0.3,6.0,431,0.243539641,0.243135051,7.294051529999999
0.7,0.07,0.3,8.0,432,0.244056951,0.243539641,7.30618923
0.7,0.07,0.3,10.0,433,0.086998773,0.244056951,7.3217085299999995
0.7,0.07,0.5,0.1,434,0.143939644,0.086998773,4.34993865
0.7,0.07,0.5,0.5,435,0.145264728,0.143939644,7.1969822
0.7,0.07,0.5,1.0,436,0.146122005,0.145264728,7.2632364
0.7,0.07,0.5,4.0,437,0.146516713,0.146122005,7.30610025
0.7,0.07,0.5,6.0,438,0.146765237,0.146516713,7.325835649999999
0.7,0.07,0.5,8.0,439,0.147100244,0.146765237,7.338261849999999
0.7,0.07,0.5,10.0,440,0.062239793,0.147100244,7.355012199999999
0.7,0.07,0.7,0.1,441,0.102793109,0.062239793,4.35678551
0.7,0.07,0.7,0.5,442,0.103670784,0.102793109,7.195517629999999
0.7,0.07,0.7,1.0,443,0.10432854,0.103670784,7.256954879999999
0.7,0.07,0.7,4.0,444,0.10455207,0.10432854,7.3029978
0.7,0.07,0.7,6.0,445,0.104844762,0.10455207,7.318644899999999
0.7,0.07,0.7,8.0,446,0.105066191,0.104844762,7.339133339999999
0.7,0.07,0.7,10.0,447,0.048452612,0.105066191,7.354633369999999
0.7,0.07,0.9,0.1,448,0.080057945,0.048452612,4.3607350799999995
0.7,0.07,0.9,0.5,449,0.080705607,0.080057945,7.2052150500000005
0.7,0.07,0.9,1.0,450,0.081202557,0.080705607,7.263504630000001
0.7,0.07,0.9,4.0,451,0.081420813,0.081202557,7.30823013
0.7,0.07,0.9,6.0,452,0.081610553,0.081420813,7.32787317
0.7,0.07,0.9,8.0,453,0.081800387,0.081610553,7.34494977
0.7,0.07,0.9,10.0,454,0.460140588,0.081800387,7.36203483
0.7,0.1,0.1,0.1,455,0.612892884,0.460140588,4.601405880000001
0.7,0.1,0.1,0.5,456,0.611498199,0.612892884,6.12892884
0.7,0.1,0.1,1.0,457,0.612176564,0.611498199,6.11498199
0.7,0.1,0.1,4.0,458,0.612989519,0.612176564,6.1217656400000005
0.7,0.1,0.1,6.0,459,0.613829973,0.612989519,6.12989519
0.7,0.1,0.1,8.0,460,0.614680592,0.613829973,6.13829973
0.7,0.1,0.1,10.0,461,0.157697471,0.614680592,6.146805920000001
0.7,0.1,0.3,0.1,462,0.331108892,0.157697471,4.73092413
0.7,0.1,0.3,0.5,463,0.335640404,0.331108892,9.933266759999999
0.7,0.1,0.3,1.0,464,0.337585085,0.335640404,10.06921212
0.7,0.1,0.3,4.0,465,0.33820784,0.337585085,10.12755255
0.7,0.1,0.3,6.0,466,0.338836449,0.33820784,10.1462352
0.7,0.1,0.3,8.0,467,0.339417957,0.338836449,10.165093469999999
0.7,0.1,0.3,10.0,468,0.094918413,0.339417957,10.18253871
0.7,0.1,0.5,0.1,469,0.203778926,0.094918413,4.7459206499999995
0.7,0.1,0.5,0.5,470,0.207273522,0.203778926,10.1889463
0.7,0.1,0.5,1.0,471,0.208718552,0.207273522,10.3636761
0.7,0.1,0.5,4.0,472,0.209114417,0.208718552,10.4359276
0.7,0.1,0.5,6.0,473,0.209508316,0.209114417,10.45572085
0.7,0.1,0.5,8.0,474,0.209967594,0.209508316,10.4754158
0.7,0.1,0.5,10.0,475,0.067878696,0.209967594,10.498379700000001
0.7,0.1,0.7,0.1,476,0.145722414,0.067878696,4.75150872
0.7,0.1,0.7,0.5,477,0.148099736,0.145722414,10.20056898
0.7,0.1,0.7,1.0,478,0.149145411,0.148099736,10.36698152
0.7,0.1,0.7,4.0,479,0.149466182,0.149145411,10.44017877
0.7,0.1,0.7,6.0,480,0.149802063,0.149466182,10.46263274
0.7,0.1,0.7,8.0,481,0.150130736,0.149802063,10.486144410000001
0.7,0.1,0.7,10.0,482,0.052837793,0.150130736,10.509151519999998
0.7,0.1,0.9,0.1,483,0.113328919,0.052837793,4.75540137
0.7,0.1,0.9,0.5,484,0.115073747,0.113328919,10.19960271
0.7,0.1,0.9,1.0,485,0.11589976,0.115073747,10.35663723
0.7,0.1,0.9,4.0,486,0.116176084,0.11589976,10.4309784
0.7,0.1,0.9,6.0,487,0.116468076,0.116176084,10.45584756
0.7,0.1,0.9,8.0,488,0.116672537,0.116468076,10.48212684
0.7,0.1,0.9,10.0,489,0.538978649,0.116672537,10.50052833
0.7,1.0,0.1,0.1,490,0.796185277,0.538978649,5.3897864900000005
0.7,1.0,0.1,0.5,491,0.780334775,0.796185277,7.96185277
0.7,1.0,0.1,1.0,492,0.780495983,0.780334775,7.80334775
0.7,1.0,0.1,4.0,493,0.781143758,0.780495983,7.8049598300000005
0.7,1.0,0.1,6.0,494,0.78184431,0.781143758,7.811437580000001
0.7,1.0,0.1,8.0,495,0.782566048,0.78184431,7.8184431
0.7,1.0,0.1,10.0,496,0.184308412,0.782566048,7.825660480000001
0.7,1.0,0.3,0.1,497,0.756222925,0.184308412,5.52925236
0.7,1.0,0.3,0.5,498,0.744041901,0.756222925,22.686687749999997
0.7,1.0,0.3,1.0,499,0.695458846,0.744041901,22.321257029999998
0.7,1.0,0.3,4.0,500,0.696326355,0.695458846,20.86376538
0.7,1.0,0.3,6.0,501,0.6972745,0.696326355,20.88979065
0.7,1.0,0.3,8.0,502,0.698246852,0.6972745,20.918235
0.7,1.0,0.3,10.0,503,0.110874537,0.698246852,20.94740556
0.7,1.0,0.5,0.1,504,0.508517503,0.110874537,5.54372685
0.7,1.0,0.5,0.5,505,0.729586583,0.508517503,25.42587515
0.7,1.0,0.5,1.0,506,0.657564824,0.729586583,36.47932915
0.7,1.0,0.5,4.0,507,0.658318383,0.657564824,32.878241200000005
0.7,1.0,0.5,6.0,508,0.659207428,0.658318383,32.91591915
0.7,1.0,0.5,8.0,509,0.660140725,0.659207428,32.9603714
0.7,1.0,0.5,10.0,510,0.079273134,0.660140725,33.00703625
0.7,1.0,0.7,0.1,511,0.367906802,0.079273134,5.549119379999999
0.7,1.0,0.7,0.5,512,0.637872256,0.367906802,25.753476139999997
0.7,1.0,0.7,1.0,513,0.636731039,0.637872256,44.65105791999999
0.7,1.0,0.7,4.0,514,0.637326694,0.636731039,44.57117273
0.7,1.0,0.7,6.0,515,0.638140318,0.637326694,44.61286857999999
0.7,1.0,0.7,8.0,516,0.639011707,0.638140318,44.66982226
0.7,1.0,0.7,10.0,517,0.061689847,0.639011707,44.730819489999995
0.7,1.0,0.9,0.1,518,0.287499811,0.061689847,5.5520862300000005
0.7,1.0,0.9,0.5,519,0.52107507,0.287499811,25.87498299
0.7,1.0,0.9,1.0,520,0.620599515,0.52107507,46.8967563
0.7,1.0,0.9,4.0,521,0.621028442,0.620599515,55.85395635
0.7,1.0,0.9,6.0,522,0.621794069,0.621028442,55.89255977999999
0.7,1.0,0.9,8.0,523,0.622634888,0.621794069,55.96146621
0.7,1.0,0.9,10.0,524,0.559247922,0.622634888,56.03713992
0.7,3.0,0.1,0.1,525,0.824647254,0.559247922,5.5924792199999995
0.7,3.0,0.1,0.5,526,0.821149222,0.824647254,8.246472540000001
0.7,3.0,0.1,1.0,527,0.821351402,0.821149222,8.21149222
0.7,3.0,0.1,4.0,528,0.821511073,0.821351402,8.213514020000002
0.7,3.0,0.1,6.0,529,0.821686232,0.821511073,8.215110730000001
0.7,3.0,0.1,8.0,530,0.821862487,0.821686232,8.21686232
0.7,3.0,0.1,10.0,531,0.193198752,0.821862487,8.218624870000001
0.7,3.0,0.3,0.1,532,0.789413418,0.193198752,5.7959625599999995
0.7,3.0,0.3,0.5,533,0.81213996,0.789413418,23.68240254
0.7,3.0,0.3,1.0,534,0.780772473,0.81213996,24.364198799999997
0.7,3.0,0.3,4.0,535,0.781243061,0.780772473,23.423174189999997
0.7,3.0,0.3,6.0,536,0.781853346,0.781243061,23.43729183
0.7,3.0,0.3,8.0,537,0.782538541,0.781853346,23.45560038
0.7,3.0,0.3,10.0,538,0.116333394,0.782538541,23.476156229999997
0.7,3.0,0.5,0.1,539,0.532076745,0.116333394,5.8166697
0.7,3.0,0.5,0.5,540,0.802635733,0.532076745,26.60383725
0.7,3.0,0.5,1.0,541,0.743553296,0.802635733,40.13178665
0.7,3.0,0.5,4.0,542,0.744117715,0.743553296,37.1776648
0.7,3.0,0.5,6.0,543,0.744917037,0.744117715,37.20588575
0.7,3.0,0.5,8.0,544,0.745786347,0.744917037,37.24585185
0.7,3.0,0.5,10.0,545,0.083207374,0.745786347,37.28931735
0.7,3.0,0.7,0.1,546,0.385051028,0.083207374,5.824516179999999
0.7,3.0,0.7,0.5,547,0.709639153,0.385051028,26.95357196
0.7,3.0,0.7,1.0,548,0.716648059,0.709639153,49.674740709999995
0.7,3.0,0.7,4.0,549,0.716296319,0.716648059,50.165364129999986
0.7,3.0,0.7,6.0,550,0.717146642,0.716296319,50.14074233
0.7,3.0,0.7,8.0,551,0.718083776,0.717146642,50.20026494
0.7,3.0,0.7,10.0,552,0.064765901,0.718083776,50.26586432
0.7,3.0,0.9,0.1,553,0.30091893,0.064765901,5.82893109
0.7,3.0,0.9,0.5,554,0.573408143,0.30091893,27.0827037
0.7,3.0,0.9,1.0,555,0.711693087,0.573408143,51.60673287
0.7,3.0,0.9,4.0,556,0.695497421,0.711693087,64.05237783000001
0.7,3.0,0.9,6.0,557,0.696285826,0.695497421,62.59476789
0.7,3.0,0.9,8.0,558,0.697226111,0.696285826,62.665724340000004
0.7,3.0,0.9,10.0,559,0.570089597,0.697226111,62.75034999
0.7,5.0,0.1,0.1,560,0.827644769,0.570089597,5.70089597
0.7,5.0,0.1,0.5,561,0.826484712,0.827644769,8.27644769
0.7,5.0,0.1,1.0,562,0.826590374,0.826484712,8.26484712
0.7,5.0,0.1,4.0,563,0.826666472,0.826590374,8.26590374
0.7,5.0,0.1,6.0,564,0.826740415,0.826666472,8.26666472
0.7,5.0,0.1,8.0,565,0.826812288,0.826740415,8.26740415
0.7,5.0,0.1,10.0,566,0.198292013,0.826812288,8.26812288
0.7,5.0,0.3,0.1,567,0.794652368,0.198292013,5.9487603899999995
0.7,5.0,0.3,0.5,568,0.821858303,0.794652368,23.839571040000003
0.7,5.0,0.3,1.0,569,0.80645564,0.821858303,24.655749089999997
0.7,5.0,0.3,4.0,570,0.80681389,0.80645564,24.193669200000002
0.7,5.0,0.3,6.0,571,0.807189132,0.80681389,24.2044167
0.7,5.0,0.3,8.0,572,0.80758691,0.807189132,24.215673959999997
0.7,5.0,0.3,10.0,573,0.119476328,0.80758691,24.227607300000003
0.7,5.0,0.5,0.1,574,0.540359857,0.119476328,5.9738164000000005
0.7,5.0,0.5,0.5,575,0.812883508,0.540359857,27.01799285
0.7,5.0,0.5,1.0,576,0.780736953,0.812883508,40.6441754
0.7,5.0,0.5,4.0,577,0.781187899,0.780736953,39.03684765
0.7,5.0,0.5,6.0,578,0.781764447,0.781187899,39.05939495
0.7,5.0,0.5,8.0,579,0.782396967,0.781764447,39.08822235
0.7,5.0,0.5,10.0,580,0.085475621,0.782396967,39.119848350000005
0.7,5.0,0.7,0.1,581,0.391693883,0.085475621,5.98329347
0.7,5.0,0.7,0.5,582,0.721846325,0.391693883,27.418571809999996
0.7,5.0,0.7,1.0,583,0.763016821,0.721846325,50.52924275
0.7,5.0,0.7,4.0,584,0.757522642,0.763016821,53.41117746999999
0.7,5.0,0.7,6.0,585,0.758183137,0.757522642,53.02658494
0.7,5.0,0.7,8.0,586,0.758967875,0.758183137,53.072819589999995
0.7,5.0,0.7,10.0,587,0.06653788,0.758967875,53.12775124999999
0.7,5.0,0.9,0.1,588,0.306293673,0.06653788,5.9884091999999995
0.7,5.0,0.9,0.5,589,0.583800829,0.306293673,27.56643057
0.7,5.0,0.9,1.0,590,0.763615856,0.583800829,52.54207461
0.7,5.0,0.9,4.0,591,0.737592029,0.763615856,68.72542704000001
0.7,5.0,0.9,6.0,592,0.738090799,0.737592029,66.38328261000001
0.7,5.0,0.9,8.0,593,0.738935497,0.738090799,66.42817191
0.7,5.0,0.9,10.0,594,0.577950693,0.738935497,66.50419473000001
0.7,7.0,0.1,0.1,595,0.828526616,0.577950693,5.77950693
0.7,7.0,0.1,0.5,596,0.828096984,0.828526616,8.28526616
0.7,7.0,0.1,1.0,597,0.828158512,0.828096984,8.280969840000001
0.7,7.0,0.1,4.0,598,0.828200275,0.828158512,8.28158512
0.7,7.0,0.1,6.0,599,0.828240973,0.828200275,8.28200275
0.7,7.0,0.1,8.0,600,0.828280679,0.828240973,8.282409730000001
0.7,7.0,0.1,10.0,601,0.202116316,0.828280679,8.28280679
0.7,7.0,0.3,0.1,602,0.796882498,0.202116316,6.063489479999999
0.7,7.0,0.3,0.5,603,0.824870124,0.796882498,23.90647494
0.7,7.0,0.3,1.0,604,0.816509357,0.824870124,24.74610372
0.7,7.0,0.3,4.0,605,0.816766996,0.816509357,24.49528071
0.7,7.0,0.3,6.0,606,0.817025972,0.816766996,24.503009879999997
0.7,7.0,0.3,8.0,607,0.817283783,0.817025972,24.510779160000002
0.7,7.0,0.3,10.0,608,0.121840612,0.817283783,24.51851349
0.7,7.0,0.5,0.1,609,0.545908725,0.121840612,6.0920306
0.7,7.0,0.5,0.5,610,0.816235937,0.545908725,27.295436249999998
0.7,7.0,0.5,1.0,611,0.799040611,0.816235937,40.81179685
0.7,7.0,0.5,4.0,612,0.799466535,0.799040611,39.95203055
0.7,7.0,0.5,6.0,613,0.799940648,0.799466535,39.97332675
0.7,7.0,0.5,8.0,614,0.800427886,0.799940648,39.9970324
0.7,7.0,0.5,10.0,615,0.087182232,0.800427886,40.021394300000004
0.7,7.0,0.7,0.1,616,0.396295313,0.087182232,6.102756239999999
0.7,7.0,0.7,0.5,617,0.727508136,0.396295313,27.740671909999996
0.7,7.0,0.7,1.0,618,0.788051001,0.727508136,50.92556951999999
0.7,7.0,0.7,4.0,619,0.780976644,0.788051001,55.16357007
0.7,7.0,0.7,6.0,620,0.781551092,0.780976644,54.668365079999994
0.7,7.0,0.7,8.0,621,0.782188356,0.781551092,54.70857643999999
0.7,7.0,0.7,10.0,622,0.067870911,0.782188356,54.753184919999995
0.7,7.0,0.9,0.1,623,0.310055866,0.067870911,6.108381990000001
0.7,7.0,0.9,0.5,624,0.589573201,0.310055866,27.905027940000004
0.7,7.0,0.9,1.0,625,0.788523705,0.589573201,53.06158809
0.7,7.0,0.9,4.0,626,0.763758359,0.788523705,70.96713345
0.7,7.0,0.9,6.0,627,0.764209825,0.763758359,68.73825231000001
0.7,7.0,0.9,8.0,628,0.764924566,0.764209825,68.77888425
0.7,7.0,0.9,10.0,629,0.381578603,0.764924566,68.84321094
0.9,0.07,0.1,0.1,630,0.489768135,0.381578603,3.8157860300000004
0.9,0.07,0.1,0.5,631,0.491022831,0.489768135,4.89768135
0.9,0.07,0.1,1.0,632,0.492727136,0.491022831,4.910228310000001
0.9,0.07,0.1,4.0,633,0.493578426,0.492727136,4.927271360000001
0.9,0.07,0.1,6.0,634,0.494413264,0.493578426,4.935784260000001
0.9,0.07,0.1,8.0,635,0.495235451,0.494413264,4.94413264
0.9,0.07,0.1,10.0,636,0.131210995,0.495235451,4.95235451
0.9,0.07,0.3,0.1,637,0.187122557,0.131210995,3.93632985
0.9,0.07,0.3,0.5,638,0.188457193,0.187122557,5.61367671
0.9,0.07,0.3,1.0,639,0.189518474,0.188457193,5.65371579
0.9,0.07,0.3,4.0,640,0.189988317,0.189518474,5.68555422
0.9,0.07,0.3,6.0,641,0.190300393,0.189988317,5.6996495099999995
0.9,0.07,0.3,8.0,642,0.190706248,0.190300393,5.70901179
0.9,0.07,0.3,10.0,643,0.079063979,0.190706248,5.72118744
0.9,0.07,0.5,0.1,644,0.112138505,0.079063979,3.9531989500000004
0.9,0.07,0.5,0.5,645,0.112906248,0.112138505,5.60692525
0.9,0.07,0.5,1.0,646,0.113577135,0.112906248,5.6453124
0.9,0.07,0.5,4.0,647,0.113896378,0.113577135,5.67885675
0.9,0.07,0.5,6.0,648,0.114098683,0.113896378,5.6948189000000005
0.9,0.07,0.5,8.0,649,0.114352953,0.114098683,5.704934150000001
0.9,0.07,0.5,10.0,650,0.056563266,0.114352953,5.71764765
0.9,0.07,0.7,0.1,651,0.080187707,0.056563266,3.9594286199999997
0.9,0.07,0.7,0.5,652,0.080711425,0.080187707,5.613139489999999
0.9,0.07,0.7,1.0,653,0.081247529,0.080711425,5.64979975
0.9,0.07,0.7,4.0,654,0.081444143,0.081247529,5.68732703
0.9,0.07,0.7,6.0,655,0.081641298,0.081444143,5.701090009999999
0.9,0.07,0.7,8.0,656,0.081814477,0.081641298,5.71489086
0.9,0.07,0.7,10.0,657,0.044037875,0.081814477,5.727013389999999
0.9,0.07,0.9,0.1,658,0.062498129,0.044037875,3.9634087499999997
0.9,0.07,0.9,0.5,659,0.062885883,0.062498129,5.62483161
0.9,0.07,0.9,1.0,660,0.063274065,0.062885883,5.65972947
0.9,0.07,0.9,4.0,661,0.063428312,0.063274065,5.694665850000001
0.9,0.07,0.9,6.0,662,0.063606075,0.063428312,5.708548080000001
0.9,0.07,0.9,8.0,663,0.063706557,0.063606075,5.72454675
0.9,0.07,0.9,10.0,664,0.433553143,0.063706557,5.73359013
0.9,0.1,0.1,0.1,665,0.579471718,0.433553143,4.3355314300000005
0.9,0.1,0.1,0.5,666,0.579211108,0.579471718,5.79471718
0.9,0.1,0.1,1.0,667,0.581129567,0.579211108,5.79211108
0.9,0.1,0.1,4.0,668,0.582860379,0.0,0.0
0.9,0.1,0.1,6.0,669,0.149004999,0.581129567,5.81129567
0.9,0.1,0.1,8.0,670,0.26415741,0.0,0.0
0.9,0.1,0.1,10.0,671,0.26671147,0.582860379,5.828603790000001
0.9,0.1,0.3,0.1,672,0.268263412,0.149004999,4.4701499700000005
0.9,0.1,0.3,0.5,673,0.268845153,0.26415741,7.924722299999999
0.9,0.1,0.3,1.0,674,0.269317531,0.26671147,8.0013441
0.9,0.1,0.3,4.0,675,0.269811941,0.268263412,8.047902359999998
0.9,0.1,0.3,6.0,676,0.089730641,0.268845153,8.06535459
0.9,0.1,0.3,8.0,677,0.159802301,0.269317531,8.079525929999999
0.9,0.1,0.3,10.0,678,0.161387907,0.269811941,8.09435823
0.9,0.1,0.5,0.1,679,0.162423471,0.089730641,4.48653205
0.9,0.1,0.5,0.5,680,0.162831229,0.159802301,7.99011505
0.9,0.1,0.5,1.0,681,0.163142761,0.161387907,8.06939535
0.9,0.1,0.5,4.0,682,0.163501472,0.162423471,8.12117355
0.9,0.1,0.5,6.0,683,0.064195731,0.162831229,8.14156145
0.9,0.1,0.5,8.0,684,0.114042285,0.163142761,8.15713805
0.9,0.1,0.5,10.0,685,0.115146258,0.163501472,8.175073600000001
0.9,0.1,0.7,0.1,686,0.11590777,0.064195731,4.4937011700000005
0.9,0.1,0.7,0.5,687,0.116183069,0.114042285,7.982959949999999
0.9,0.1,0.7,1.0,688,0.116467358,0.115146258,8.06023806
0.9,0.1,0.7,4.0,689,0.116680772,0.11590777,8.1135439
0.9,0.1,0.7,6.0,690,0.049968159,0.116183069,8.13281483
0.9,0.1,0.7,8.0,691,0.088767126,0.116467358,8.15271506
0.9,0.1,0.7,10.0,692,0.089622746,0.116680772,8.16765404
0.9,0.1,0.9,0.1,693,0.090223214,0.049968159,4.49713431
0.9,0.1,0.9,0.5,694,0.090440525,0.088767126,7.98904134
0.9,0.1,0.9,1.0,695,0.090634034,0.089622746,8.06604714
0.9,0.1,0.9,4.0,696,0.090820398,0.090223214,8.12008926
0.9,0.1,0.9,6.0,697,0.534525823,0.090440525,8.13964725
0.9,0.1,0.9,8.0,698,0.780864439,0.090634034,8.15706306
0.9,0.1,0.9,10.0,699,0.763066611,0.090820398,8.17383582
0.9,1.0,0.1,0.1,700,0.763234526,0.534525823,5.34525823
0.9,1.0,0.1,0.5,701,0.763991245,0.780864439,7.808644390000001
0.9,1.0,0.1,1.0,702,0.764803715,0.763066611,7.630666110000001
0.9,1.0,0.1,4.0,703,0.765640052,0.763234526,7.632345260000001
0.9,1.0,0.1,6.0,704,0.182493934,0.763991245,7.6399124500000015
0.9,1.0,0.1,8.0,705,0.739203716,0.764803715,7.64803715
0.9,1.0,0.1,10.0,706,0.717296774,0.765640052,7.656400520000001
0.9,1.0,0.3,0.1,707,0.67595896,0.182493934,5.47481802
0.9,1.0,0.3,0.5,708,0.676828784,0.739203716,22.17611148
0.9,1.0,0.3,1.0,709,0.677772604,0.717296774,21.51890322
0.9,1.0,0.3,4.0,710,0.678738597,0.67595896,20.278768799999998
0.9,1.0,0.3,6.0,711,0.109762429,0.676828784,20.304863519999998
0.9,1.0,0.3,8.0,712,0.499085199,0.677772604,20.33317812
0.9,1.0,0.3,10.0,713,0.698270425,0.678738597,20.36215791
0.9,1.0,0.5,0.1,714,0.64186824,0.109762429,5.4881214499999995
0.9,1.0,0.5,0.5,715,0.642598256,0.499085199,24.954259949999997
0.9,1.0,0.5,1.0,716,0.643450194,0.698270425,34.91352125
0.9,1.0,0.5,4.0,717,0.644340773,0.64186824,32.093412
0.9,1.0,0.5,6.0,718,0.078474469,0.642598256,32.1299128
0.9,1.0,0.5,8.0,719,0.36147513,0.643450194,32.1725097
0.9,1.0,0.5,10.0,720,0.603584212,0.644340773,32.21703865
0.9,1.0,0.7,0.1,721,0.620550905,0.078474469,5.49321283
0.9,1.0,0.7,0.5,722,0.621170886,0.36147513,25.3032591
0.9,1.0,0.7,1.0,723,0.62197593,0.603584212,42.25089484
0.9,1.0,0.7,4.0,724,0.622832682,0.620550905,43.438563349999995
0.9,1.0,0.7,6.0,725,0.061067824,0.621170886,43.48196202
0.9,1.0,0.7,8.0,726,0.282586062,0.62197593,43.5383151
0.9,1.0,0.7,10.0,727,0.493797796,0.622832682,43.598287739999996
0.9,1.0,0.9,0.1,728,0.595907751,0.061067824,5.496104160000001
0.9,1.0,0.9,0.5,729,0.596524252,0.282586062,25.432745580000006
0.9,1.0,0.9,1.0,730,0.597312474,0.493797796,44.44180164
0.9,1.0,0.9,4.0,731,0.598161963,0.595907751,53.63169759
0.9,1.0,0.9,6.0,732,0.554325148,0.596524252,53.68718268
0.9,1.0,0.9,8.0,733,0.821783545,0.597312474,53.75812266
0.9,1.0,0.9,10.0,734,0.816282151,0.598161963,53.834576670000004
0.9,3.0,0.1,0.1,735,0.816518802,0.554325148,5.54325148
0.9,3.0,0.1,0.5,736,0.816749293,0.821783545,8.217835449999999
0.9,3.0,0.1,1.0,737,0.817009684,0.816282151,8.16282151
0.9,3.0,0.1,4.0,738,0.817276416,0.816518802,8.16518802
0.9,3.0,0.1,6.0,739,0.190958294,0.816749293,8.16749293
0.9,3.0,0.1,8.0,740,0.785416968,0.817009684,8.170096840000001
0.9,3.0,0.1,10.0,741,0.803498438,0.817276416,8.172764160000002
0.9,3.0,0.3,0.1,742,0.763567116,0.190958294,5.72874882
0.9,3.0,0.3,0.5,743,0.764158667,0.785416968,23.562509040000002
0.9,3.0,0.3,1.0,744,0.76479608,0.803498438,24.10495314
0.9,3.0,0.3,4.0,745,0.765597242,0.763567116,22.90701348
0.9,3.0,0.3,6.0,746,0.11495475,0.764158667,22.92476001
0.9,3.0,0.3,8.0,747,0.527813004,0.76479608,22.9438824
0.9,3.0,0.3,10.0,748,0.793683057,0.765597242,22.967917259999997
0.9,3.0,0.5,0.1,749,0.722936647,0.11495475,5.7477374999999995
0.9,3.0,0.5,0.5,750,0.723622514,0.527813004,26.3906502
0.9,3.0,0.5,1.0,751,0.724498019,0.793683057,39.68415285
0.9,3.0,0.5,4.0,752,0.725435544,0.722936647,36.146832350000004
0.9,3.0,0.5,6.0,753,0.082212439,0.723622514,36.1811257
0.9,3.0,0.5,8.0,754,0.381766099,0.724498019,36.22490095
0.9,3.0,0.5,10.0,755,0.700714981,0.725435544,36.2717772
0.9,3.0,0.7,0.1,756,0.695594592,0.082212439,5.7548707299999995
0.9,3.0,0.7,0.5,757,0.695761491,0.381766099,26.72362693
0.9,3.0,0.7,1.0,758,0.696645052,0.700714981,49.050048669999995
0.9,3.0,0.7,4.0,759,0.697606397,0.695594592,48.69162143999999
0.9,3.0,0.7,6.0,760,0.063988112,0.695761491,48.70330437
0.9,3.0,0.7,8.0,761,0.298290567,0.696645052,48.765153639999994
0.9,3.0,0.7,10.0,762,0.566708794,0.697606397,48.83244779
0.9,3.0,0.9,0.1,763,0.682314307,0.063988112,5.75893008
0.9,3.0,0.9,0.5,764,0.676030662,0.298290567,26.846151030000005
0.9,3.0,0.9,1.0,765,0.676842928,0.566708794,51.00379146
0.9,3.0,0.9,4.0,766,0.677776667,0.682314307,61.408287630000004
0.9,3.0,0.9,6.0,767,0.564602868,0.676030662,60.84275957999999
0.9,3.0,0.9,8.0,768,0.826514732,0.676842928,60.91586352
0.9,3.0,0.9,10.0,769,0.824444602,0.677776667,60.999900030000006
0.9,5.0,0.1,0.1,770,0.824595728,0.564602868,5.646028680000001
0.9,5.0,0.1,0.5,771,0.824706958,0.826514732,8.26514732
0.9,5.0,0.1,1.0,772,0.8248208,0.824444602,8.244446020000002
0.9,5.0,0.1,4.0,773,0.82493253,0.824595728,8.24595728
0.9,5.0,0.1,6.0,774,0.195688039,0.824706958,8.247069580000002
0.9,5.0,0.1,8.0,775,0.792442303,0.8248208,8.248208000000002
0.9,5.0,0.1,10.0,776,0.818105716,0.82493253,8.2493253
0.9,5.0,0.3,0.1,777,0.795492679,0.195688039,5.87064117
0.9,5.0,0.3,0.5,778,0.795904396,0.792442303,23.77326909
0.9,5.0,0.3,1.0,779,0.796386969,0.818105716,24.54317148
0.9,5.0,0.3,4.0,780,0.796923418,0.795492679,23.86478037
0.9,5.0,0.3,6.0,781,0.117869063,0.795904396,23.877131879999997
0.9,5.0,0.3,8.0,782,0.536302131,0.796386969,23.891609069999998
0.9,5.0,0.3,10.0,783,0.808872391,0.796923418,23.90770254
0.9,5.0,0.5,0.1,784,0.763590371,0.117869063,5.89345315
0.9,5.0,0.5,0.5,785,0.764060943,0.536302131,26.81510655
0.9,5.0,0.5,1.0,786,0.764750464,0.808872391,40.44361955
0.9,5.0,0.5,4.0,787,0.765509642,0.763590371,38.179518550000004
0.9,5.0,0.5,6.0,788,0.084317366,0.764060943,38.20304715
0.9,5.0,0.5,8.0,789,0.388402047,0.764750464,38.2375232
0.9,5.0,0.5,10.0,790,0.716576548,0.765509642,38.275482100000005
0.9,5.0,0.7,0.1,791,0.739856834,0.084317366,5.90221562
0.9,5.0,0.7,0.5,792,0.737667497,0.388402047,27.188143289999996
0.9,5.0,0.7,1.0,793,0.738434417,0.716576548,50.160358360000004
0.9,5.0,0.7,4.0,794,0.739311613,0.739856834,51.78997838
0.9,5.0,0.7,6.0,795,0.065630196,0.737667497,51.63672479
0.9,5.0,0.7,8.0,796,0.30361954,0.738434417,51.69040919
0.9,5.0,0.7,10.0,797,0.579056561,0.739311613,51.75181291
0.9,5.0,0.9,0.1,798,0.739905763,0.065630196,5.90671764
0.9,5.0,0.9,0.5,799,0.716803539,0.30361954,27.325758600000004
0.9,5.0,0.9,1.0,800,0.717454805,0.579056561,52.11509049000001
0.9,5.0,0.9,4.0,801,0.718368502,0.739905763,66.59151867
0.9,5.0,0.9,6.0,802,0.57202121,0.716803539,64.51231851000001
0.9,5.0,0.9,8.0,803,0.827922676,0.717454805,64.57093245
0.9,5.0,0.9,10.0,804,0.82699124,0.718368502,64.65316518
0.9,7.0,0.1,0.1,805,0.827084056,0.57202121,5.7202120999999995
0.9,7.0,0.1,0.5,806,0.827149714,0.827922676,8.27922676
0.9,7.0,0.1,1.0,807,0.827213489,0.82699124,8.2699124
0.9,7.0,0.1,4.0,808,0.827275482,0.827084056,8.27084056
0.9,7.0,0.1,6.0,809,0.199220463,0.827149714,8.271497140000001
0.9,7.0,0.1,8.0,810,0.795282573,0.827213489,8.27213489
0.9,7.0,0.1,10.0,811,0.822799178,0.827275482,8.27275482
0.9,7.0,0.3,0.1,812,0.809463229,0.199220463,5.976613889999999
0.9,7.0,0.3,0.5,813,0.809798745,0.795282573,23.85847719
0.9,7.0,0.3,1.0,814,0.810142816,0.822799178,24.68397534
0.9,7.0,0.3,4.0,815,0.810500158,0.809463229,24.28389687
0.9,7.0,0.3,6.0,816,0.120049269,0.809798745,24.29396235
0.9,7.0,0.3,8.0,817,0.541745728,0.810142816,24.30428448
0.9,7.0,0.3,10.0,818,0.813911703,0.810500158,24.31500474
0.9,7.0,0.5,0.1,819,0.785903983,0.120049269,6.00246345
0.9,7.0,0.5,0.5,820,0.7863543,0.541745728,27.0872864
0.9,7.0,0.5,1.0,821,0.786904482,0.813911703,40.69558515
0.9,7.0,0.5,4.0,822,0.787500844,0.785903983,39.29519915
0.9,7.0,0.5,6.0,823,0.085890179,0.7863543,39.317715
0.9,7.0,0.5,8.0,824,0.392834853,0.786904482,39.345224099999996
0.9,7.0,0.5,10.0,825,0.723402044,0.787500844,39.375042199999996
0.9,7.0,0.7,0.1,826,0.770091608,0.085890179,6.01231253
0.9,7.0,0.7,0.5,827,0.763870389,0.392834853,27.498439709999996
0.9,7.0,0.7,1.0,828,0.764502819,0.723402044,50.63814308
0.9,7.0,0.7,4.0,829,0.765250223,0.770091608,53.90641255999999
0.9,7.0,0.7,6.0,830,0.06685918,0.763870389,53.47092723
0.9,7.0,0.7,8.0,831,0.307222559,0.764502819,53.51519733
0.9,7.0,0.7,10.0,832,0.585307441,0.765250223,53.567515609999994
0.9,7.0,0.9,0.1,833,0.770692679,0.06685918,6.0173262
0.9,7.0,0.9,0.5,834,0.744472004,0.307222559,27.650030310000002
0.9,7.0,0.9,1.0,835,0.744943765,0.585307441,52.677669689999995
0.9,7.0,0.9,4.0,836,0.745755777,0.770692679,69.36234111
0.9,7.0,0.9,6.0,837,0.0,0.744472004,67.00248036
0.9,7.0,0.9,8.0,838,0.0,0.744943765,67.04493885000001
0.9,7.0,0.9,10.0,839,0.0,0.745755777,67.11801992999999
