time_axis,NPQ,Phi2,LEF,qL,Z,V,pmf,Dy,pHlumen,fraction_Dy,fraction_DpH,Klumen,Cl_lumen,Cl_stroma,idx,LIGHT,ratio_absorb
1199.0500000000002,0.288781502529161,0.6513498419361954,131.49122474814027,0.4933827006212244,0.0171146811751528,0.982885318824847,0.08839772542498195,0.005188783743470395,6.413184305308141,0.05869815901400145,0.9413018409859986,0.08721508811826736,0.046739904122892785,0.03932600958771072,0,500.0,0.1
1199.0500000000002,0.2887484729572198,0.6510990414874908,118.29643283083176,0.4928255726397965,0.017108622702819237,0.9828913772971803,0.088397534164959,0.005189712667586178,6.413202975043786,0.05870879449330498,0.9412912055066951,0.08720939685095079,0.04673391251368123,0.039326608748631905,1,450.0,0.1
1199.0500000000002,0.28871142826317775,0.6508164299961317,106.42061350614817,0.4921988167531245,0.01710186443239458,0.9828981355676044,0.08839721216309182,0.005190653661413725,6.413224024972029,0.05871965341713255,0.9412803465828675,0.08720306872833924,0.04672724818474128,0.03932727518152589,2,405.0,0.1
1199.0500000000002,0.28867292554971247,0.6504994737149066,95.73179557605967,0.4914982750137689,0.017094824361913605,0.9829051756380849,0.0883969563930135,0.0051917037243755385,6.413245788856034,0.05873170224112193,0.941268297758878,0.08719657489473838,0.04672040205340293,0.039327959794659764,3,364.5,0.1
1199.0500000000002,0.28862846941021597,0.6501411680878029,86.11123040710132,0.4907075333950465,0.0170867102280987,0.9829132897719022,0.08839649394351748,0.005192759100462808,6.413271085949089,0.05874394863768245,0.9412560513623175,0.08718914575270412,0.04671256842057049,0.039328743157942984,4,328.05,0.1
1199.0500000000002,0.28857923817442366,0.6497383079511543,77.45201145329568,0.48982070563925617,0.017077744266428392,0.9829222557335712,0.08839609860530603,0.00519403699262758,6.413298973122027,0.058758667767826234,0.9412413322321737,0.08718098145540691,0.04670395419510208,0.039329604580489855,5,295.245,0.1
1199.0500000000002,0.28852500462824154,0.6492823726102304,69.65791690664702,0.4888200901345984,0.01706787923203289,0.9829321207679664,0.08839552837670969,0.005195316426041419,6.413329800822195,0.05877352078470589,0.9412264792152939,0.08717213615595096,0.04669461336393109,0.03933053866360693,6,265.7205,0.1
1199.0500000000002,0.2884656868161616,0.6487663306874862,62.642337072053955,0.487691512744608,0.017057106482558967,0.98294289351744,0.08839483682762087,0.005196649840775602,6.4133635502192465,0.058789065366822726,0.9412109346331775,0.08716263995960735,0.04668457405386527,0.03933154259461353,7,239.14845,0.1
1199.0500000000002,0.28839903813499684,0.6481829272506073,56.327320177815466,0.48641980272595686,0.017044997797005114,0.9829550022029938,0.08839418595889528,0.0051982648405870645,6.413401314694862,0.058807768627981635,0.9411922313720182,0.08715210805070527,0.04667343012865651,0.03933265698713438,8,215.233605,0.1
1199.0500000000002,0.28832787732917836,0.6475180632381987,50.642676736460494,0.4849775155162316,0.017032110574165038,0.9829678894258352,0.08839314568126747,0.005199659722972665,6.413441900695088,0.05882424120973358,0.9411757587902663,0.08714125684954463,0.0466619247461643,0.03933380752538361,9,193.7102445,0.1
1199.0500000000002,0.288246833462546,0.6467630899730846,45.52524824986074,0.4833463150248753,0.017017505955123337,0.9829824940448756,0.08839208553613517,0.005201364552533009,6.413487983606631,0.0588442338522027,0.9411557661477975,0.08712910756638197,0.046649028698404885,0.03933509713015953,10,174.3392201,0.1
1199.0500000000002,0.28815985332717986,0.6459022143481881,40.918147815341186,0.4814969058666838,0.017001815893151646,0.9829981841068479,0.08839084022375503,0.005203084965049936,6.4135374123549145,0.05886452656323139,0.9411354734367686,0.0871166144058735,0.04663573027357655,0.0393364269726424,11,156.905298,0.1
1199.0500000000002,0.2880560571353986,0.6449164807087937,36.77019291697117,0.47938882071477407,0.01698325838840377,0.983016741611596,0.08838912050298535,0.005204920650612003,6.413596669127112,0.05888644010721663,0.9411135598927833,0.08710196100073896,0.0466201208309211,0.039337987916907985,12,141.2147682,0.1
1199.0500000000002,0.28794487598544005,0.6437881190126282,33.035254691539485,0.4769930054590164,0.016963435996736324,0.9830365640032641,0.0883872120096846,0.005206812624130749,6.413660010240768,0.05890911711742791,0.9410908828825721,0.08708716666805329,0.04660429559442882,0.03933957044055713,13,127.0932914,0.1
1199.0500000000002,0.2878178492473896,0.6424910714045121,29.671830269590096,0.47425817142848536,0.0169409357637618,0.9830590642362376,0.0883848094264282,0.005208759480035009,6.413732500893445,0.0589327454996477,0.9410672545003523,0.08707104110528784,0.046586992277218284,0.039341300772278154,14,114.3839623,0.1
1199.0500000000002,0.2876731989086644,0.640997588397052,26.6425292844701,0.4711344532651361,0.016915496004409593,0.9830845039955907,0.08838195405542841,0.005210855416594962,6.413815022686109,0.05895836394512545,0.9410416360548746,0.08705371755632398,0.046568325413379325,0.03934316745866207,15,102.945566,0.1
1199.0500000000002,0.28750611029667683,0.6392700662121112,23.913678699128397,0.4675538786610735,0.016886409847428344,0.9831135901525707,0.08837816884230879,0.0052128101329306595,6.4139106881770305,0.05898300678520355,0.9410169932147964,0.08703501252819042,0.04654807069154972,0.03934519293084508,16,92.65100944,0.1
1199.0500000000002,0.2873130440995528,0.6372695680773924,21.454945475544196,0.46345069218833335,0.016853169792330182,0.9831468302076694,0.08837355227338364,0.005214828554584428,6.414021271353346,0.05900892765913314,0.9409910723408668,0.08701508915446834,0.04652635523220702,0.03934736447677932,17,83.3859085,0.1
1199.0500000000002,0.28708799747249647,0.6349450061531853,19.239007839217507,0.458739605654187,0.016814888375836983,0.983185111624163,0.08836767026012277,0.005216695792197863,6.414150425534585,0.05903398578416998,0.94096601421583,0.08699404679881069,0.04650322514093713,0.03934967748590629,18,75.04731765,0.1
1199.0500000000002,0.2868194339217679,0.6322370892189032,17.241261278391775,0.4533251679180751,0.016769882552794397,0.9832301174472049,0.08836012390346809,0.005218418892108242,6.414304916477336,0.059058528436778356,0.9409414715632215,0.08697130875432546,0.04647800077948277,0.039352199922051814,19,67.54258588,0.1
1199.0500000000002,0.2864965326152696,0.6290753788014298,15.439546161125438,0.4471011887522421,0.016716972019961175,0.9832830279800382,0.08835037909011298,0.00521985436717803,6.414491254617749,0.05908128997959818,0.9409187100204018,0.08694696879833218,0.04645067688278008,0.03935493231172198,20,60.7883273,0.1
1199.0500000000002,0.2861016013766343,0.6253778082965942,13.813922673384678,0.439951115711946,0.016653630841429703,0.9833463691585698,0.088337794978717,0.005220984006888444,6.41471981713619,0.05910249410486029,0.9408975058951397,0.08692057902221452,0.046420647441732715,0.03935793525582674,21,54.70949457,0.1
1199.0500000000002,0.2856164195005297,0.6210490560687838,12.346462954365403,0.43175214339223633,0.016577716228637344,0.9834222837713614,0.08832152621339785,0.005221615110088794,6.415001481611516,0.05912052625892611,0.9408794737410737,0.08689254109975844,0.046388148446650485,0.03936118515533499,22,49.23854511,0.1
1199.0500000000002,0.2850126259367956,0.6159777287600269,11.02107992379838,0.4223730232958342,0.016486048518811552,0.9835139514811886,0.08830017910423026,0.005221391145017129,6.415353534013114,0.059132282605661356,0.9408677173943387,0.08686260509141604,0.04635267540391326,0.03936473245960875,23,44.3146906,0.1
1199.0500000000002,0.28425234371001923,0.6100429717106999,9.823381368505665,0.4116937016056503,0.016374186781531398,0.9836258132184683,0.08827234407401438,0.005220266237805719,6.415798702729854,0.059138185207681784,0.9408618147923183,0.08683022483302381,0.04631333943690018,0.03936866605631001,24,39.88322154,0.1
1199.0500000000002,0.283290718215485,0.6031084477842742,8.740539897576229,0.399603046256292,0.01623780165106441,0.9837621983489345,0.0882356237301423,0.005217521759094768,6.416364967149207,0.0591316923129344,0.9408683076870655,0.08679547562222491,0.04626980918565176,0.039373019081434854,25,35.89489938,0.1
1199.0500000000002,0.2820707102982358,0.5950357231101446,7.761192026095659,0.38602771354065507,0.016071225977087975,0.9839287740229133,0.0881874102789267,0.0052126762376224905,6.4170877659782635,0.059109074839627,0.9408909251603731,0.08675823457633909,0.046221438908256855,0.03937785610917434,26,32.30540945,0.1
1199.0500000000002,0.28052292895507447,0.585687757079582,6.875343320062908,0.37094192330475717,0.01586837749014193,0.9841316225098588,0.08812434393388562,0.005205015235558653,6.418011188361217,0.05906444238596266,0.940935557614037,0.08671828756622442,0.04616736999479961,0.03938326300052007,27,29.0748685,0.1
1199.0500000000002,0.2785701199839348,0.5749418772850213,6.074275129971797,0.3543890998175117,0.015623219352138378,0.9843767806478612,0.08804248739951279,0.005193620700040073,6.419185555008788,0.05898993603047862,0.9410100639695214,0.08667604348098334,0.04610727771150631,0.03938927222884937,28,26.16738165,0.1
1199.0500000000002,0.27612454662469227,0.5626998923910898,5.350442289469166,0.3364887067589978,0.01532936310002395,0.9846706368999758,0.0879370244365264,0.005177221837059315,6.420669956675548,0.0588741985548998,0.9411258014451003,0.08663158613469418,0.04604039407967808,0.03939596059203222,29,23.55064349,0.1
1199.0500000000002,0.27309118854033454,0.5489057521430498,4.697348255147564,0.31744624076326794,0.01498116962979779,0.9850188303702028,0.08780271103001971,0.005154585081482222,6.422531234191041,0.0587064456298978,0.9412935543701021,0.08658411940865865,0.04596496165510209,0.03940350383448968,30,21.19557914,0.1
1199.0500000000002,0.2693909596241222,0.5335569221442027,4.109384843214892,0.29754845022975535,0.014575352939010924,0.9854246470609894,0.08763402913594842,0.00512386203794959,6.424830548366687,0.058468862867061266,0.9415311371329388,0.08653535873197199,0.04588182673184418,0.039411817326815646,31,19.07602122,0.1
1199.0500000000002,0.26494770653062244,0.5167069162226151,3.5816582669393413,0.27713185669114726,0.01410971487625751,0.9858902851237417,0.08742494105355411,0.005082920069433214,6.427632983597985,0.058140388872788926,0.9418596111272111,0.08648546915564434,0.0457902459040117,0.03942097540959879,32,17.1684191,0.1
1199.0500000000002,0.25970774704077926,0.4984826835163231,3.1097930753210923,0.256574877082539,0.013583895798405552,0.9864161042015944,0.08717064609664597,0.0050303344845257225,6.430994806464662,0.05770674773097767,0.9422932522690225,0.08643559587783005,0.04569057368334179,0.03943094263166584,33,15.45157719,0.1
1199.0500000000002,0.2536347641578081,0.4790595132076936,2.6897516713322966,0.23623953093636696,0.012999827163925873,0.9870001728360751,0.08686621119956409,0.004964370799570133,6.434969326666769,0.057149618091805146,0.9428503819081946,0.08638640754538857,0.04558275344595967,0.039441724655404034,34,13.90641947,0.1
1199.0500000000002,0.24671731452703502,0.4586637215612105,2.317682857110548,0.21645889784353284,0.012361417413594348,0.9876385825864048,0.0865081050840692,0.004884182832772182,6.439601295811717,0.0564592504340541,0.9435407495659461,0.0863402728526056,0.04546854694218515,0.03945314530578144,35,12.51577752,0.1
1199.0500000000002,0.2389514446404417,0.43753071774437036,1.9898230092987474,0.19748959305148758,0.011673288626576645,0.9883267113734233,0.08609235806408774,0.004788807522531134,6.444940824307389,0.05562407185650352,0.9443759281434962,0.08629924449306678,0.04534935062725541,0.03946506493727445,36,11.26419977,0.1
1199.0500000000002,0.23034269799147777,0.4159352694024424,1.7024470563833964,0.17954406426792516,0.010941241703613708,0.9890587582963857,0.08561817855900254,0.004680631875062694,6.451040888601002,0.05466866898625118,0.9453313310137487,0.08626644560477503,0.045227541746174146,0.039477245825382576,37,10.1377798,0.1
1199.0500000000002,0.2208956945640496,0.3941249702347907,1.451866234071229,0.16274574646760853,0.010172055285809608,0.9898279447141908,0.0850840891658641,0.004562290940708311,6.457970029580736,0.05362096467108638,0.9463790353289137,0.08624517428586735,0.04510547259987856,0.03948945274001215,38,9.124001816,0.1
1199.0500000000002,0.210624570001187,0.372343923870154,1.2344585723008248,0.14716759972534485,0.009374304582171266,0.9906256954178293,0.08449042646153176,0.004438796826758748,6.4658061727537826,0.05253609197650326,0.9474639080234967,0.08623891008275182,0.044985513726145204,0.039501448627385506,39,8.211601634,0.1
1199.0500000000002,0.19956505993878348,0.3507936002945872,1.0467147847296316,0.13282287129804712,0.00855880878296886,0.991441191217031,0.08383713635696001,0.004315025963049102,6.474631493434818,0.05146914778011759,0.9485308522198824,0.0862505231210399,0.04486938134638442,0.039513061865361604,40,7.390441471,0.1
1199.0500000000002,0.1877990160290291,0.329661695855212,0.8852886774654548,0.11970095132270772,0.0077389991219799,0.9922610008780198,0.08312583129211062,0.004196521214399731,6.484511498704819,0.05048396074943647,0.9495160392505635,0.08628245998412601,0.04475858894220763,0.0395241411057792,41,6.651397324,0.1
1199.0500000000002,0.17545987036677196,0.30908879779992915,0.7470401075401909,0.10775787674471049,0.006929761665199499,0.9930702383348006,0.08235764743741872,0.004086820464363445,6.4954862171157455,0.04962284121651485,0.9503771587834853,0.08633541402114674,0.044653288337700194,0.03953467116623002,42,5.986257591,0.1
1199.0500000000002,0.16273480155535058,0.28919650699069077,0.6290668221933109,0.0969402973989572,0.006146231776849039,0.9938537682231509,0.0815348053358945,0.003988201907365379,6.507556609524514,0.04891410350259745,0.9510858964974025,0.08640909853213444,0.04455320984202661,0.03954467901579729,43,5.387631832,0.1
1199.0500000000002,0.14984417222725283,0.2700740090188584,0.5287228351848681,0.08718125929649227,0.005402004498100349,0.9945979955019002,0.08065953929083872,0.003900845187600388,6.520688431612695,0.04836185801842443,0.9516381419815756,0.08650237652195025,0.044457752868192965,0.03955422471318074,44,4.848868649,0.1
1199.0500000000002,0.1370149577912117,0.25178397618129533,0.44362445583402377,0.07840566576880736,0.0047077427216820214,0.9952922572783173,0.07973418342971741,0.003823529500338892,6.534822434510358,0.04795345403796831,0.9520465459620316,0.08661329329636301,0.04436586266545434,0.039563413733454594,45,4.363981784,0.1
1199.0500000000002,0.1244587167087861,0.23437007985243424,0.371646679809687,0.07053537387399594,0.004070673496284417,0.9959293265037147,0.07876131213038184,0.0037543993136034855,6.549884786387028,0.04766806455916001,0.95233193544084,0.08673976458879641,0.044276559434844695,0.03957234405651548,46,3.927583606,0.1
1199.0500000000002,0.11235439402844875,0.21785273587798565,0.31091191569687604,0.06348890648300012,0.003494571422004699,0.9965054285779964,0.07774328125520595,0.0036912296802018053,6.565799140416597,0.047479725904970335,0.9525202740950295,0.08687961952479081,0.044188810402525605,0.039581118959747474,47,3.534825245,0.1
1199.0500000000002,0.10084416287470528,0.20224659387960603,0.25977417356411886,0.0571897999657723,0.002980330909120813,0.9970196690908791,0.07668290242824752,0.0036322756497491468,6.582489553691692,0.04736747746631375,0.9526325225336862,0.08703156399117147,0.04410243669292861,0.039589756330707104,48,3.181342721,0.1
1199.0500000000002,0.09002808992280512,0.1875439778761092,0.21680030130808622,0.05156097666127627,0.0025264350430718122,0.9974735649569286,0.07558244809687256,0.0035758514898574117,6.599890056549748,0.04731060693526745,0.9526893930647325,0.08719362734457009,0.044016437950289415,0.039598356204971055,49,2.863208449,0.1
1199.0500000000002,0.07997203675106809,0.17373055885768127,0.1807498079462085,0.04653151784861921,0.0021298171702397667,0.9978701828297603,0.0744442885662174,0.0035206606411639237,6.617939534582442,0.04729255548491705,0.9527074445150829,0.08736496824660203,0.043930862173765836,0.039606913782623446,50,2.576887604,0.1
1199.0500000000002,0.07071005814097982,0.16078737046117036,0.15055462494861654,0.04203702636707476,0.0017862848842382355,0.9982137151157616,0.0732708520950058,0.003465987697054905,6.636585593367485,0.04730377227878359,0.9526962277212163,0.08754429333686084,0.04384516881468844,0.03961548311853116,51,2.319198843,0.1
1199.0500000000002,0.06225144385579841,0.14868674892652084,0.1252993297621748,0.03801809810257062,0.0014910939531878476,0.9985089060468111,0.07206434370224749,0.0034111866970297127,6.655780716579704,0.047335291164627494,0.9526647088353727,0.08773099596868641,0.043759430521188754,0.03962405694788116,52,2.087278959,0.1
1199.0500000000002,0.05458427515231744,0.13738914393883406,0.10420248587723333,0.03441905733286042,0.0012392366210067876,0.9987607633789934,0.07082654765391665,0.0033555903915279523,6.675484045626855,0.047377579558152354,0.9526224204418478,0.08792434833508439,0.04367350340409583,0.03963264965959048,53,1.878551063,0.1
1199.0500000000002,0.04768314062865151,0.1268690074503064,0.08659945734344045,0.031195092477710278,0.0010257448962327264,0.9989742551037676,0.06955989293649747,0.0032993037657272502,6.69565684715383,0.047431121894101334,0.9525688781058985,0.08812393368474605,0.04358750687060068,0.03964124931293996,54,1.690695957,0.1
1199.0500000000002,0.04150966811906668,0.11708023054901329,0.07192669679728891,0.028301262915782895,0.0008458359866557449,0.9991541640133443,0.06826591424777553,0.0032418447435705183,6.71626550826325,0.04748848354809418,0.9525115164519059,0.08832921743607959,0.043501380304476416,0.03964986196955238,55,1.521626361,0.1
1199.0500000000002,0.036018856349435746,0.10798808942776354,0.0597076636182971,0.025701178937867948,0.0006950408540746403,0.9993049591459249,0.06694656936097275,0.003183305568239001,6.737278936787772,0.04754994327130631,0.9524500567286935,0.08853981479751577,0.043415164636189385,0.03965848353638105,56,1.369463725,0.1
1199.0500000000002,0.031161023246002943,0.09955605981869906,0.049540483063311144,0.02336241264415866,0.0005692744751016256,0.9994307255248985,0.06560366957722742,0.0031237315043309436,6.758667698785059,0.04761519483594895,0.9523848051640511,0.08875534868061355,0.04332888462538741,0.03966711153746121,57,1.232517352,0.1
1199.0500000000002,0.02688349067749174,0.09174136939389503,0.04108688599023917,0.021254800717221488,0.0004648585698639269,0.9995351414301352,0.06423865796199327,0.0030629880944193525,6.780405502207101,0.047681383746593024,0.9523186162534071,0.08897555949895311,0.04324264104616795,0.039675735895383264,58,1.109265617,0.1
1199.0500000000002,0.7638751509803011,0.6022346676869467,121.57604092591248,0.5472513521636682,0.089232005394252,0.9107679946057482,0.10174516401933645,0.007184684468437892,6.223992007485025,0.07061450573849033,0.9293854942615096,0.0868297063519281,0.049218373101996185,0.039078162689800425,59,500.0,0.2
1199.0500000000002,0.7631091711735634,0.6002902943522646,96.94648295020183,0.5425952794730471,0.0890002469534602,0.9109997530465401,0.10173546169634953,0.007187344797185878,6.224198051680605,0.07064738947662955,0.9293526105233705,0.08679783828680718,0.04918286399194979,0.0390817136008051,60,400.0,0.2
1199.0500000000002,0.76212038836943,0.5977754644824603,77.23236483453573,0.5366427685443432,0.08870274968046497,0.9112972503195357,0.10172177543314387,0.007189696995822078,6.22446535937797,0.07068001872275012,0.9293199812772499,0.08675954905225745,0.04913986983206014,0.039086013016794055,61,320.0,0.2
1199.0500000000002,0.7608225664529235,0.5945077472764594,61.448256509904844,0.529018343405995,0.08831494649536492,0.9116850535046355,0.10170283175991848,0.007191870255253259,6.224817308255579,0.0707145526916154,0.9292854473083845,0.08671324676501693,0.049087391770827465,0.039091260822917175,62,256.0,0.2
1199.0500000000002,0.7591012674657704,0.5902364320502846,48.80540879925361,0.5192346780580028,0.08780523543669985,0.9121947645633011,0.10167636110694737,0.007193499356325262,6.22528563748963,0.07074898509509046,0.9292510149049094,0.08665821494782754,0.04902416763060142,0.03909758323693989,63,204.8,0.2
1199.0500000000002,0.7567647040135773,0.5846198147940452,38.6726319781756,0.506665732035224,0.08712153555196732,0.9128784644480327,0.1016385573871765,0.007194013594880949,6.225924270128408,0.07078035902665383,0.9292196409733462,0.08659214762648274,0.048946991862402936,0.03910530081375972,64,163.84,0.2
1199.0500000000002,0.7535362151359679,0.5771904219668824,30.54501028493656,0.4905341161743862,0.08619236881012313,0.9138076311898763,0.10158238303794367,0.007191211387534792,6.226813805826519,0.07079191462052352,0.9292080853794766,0.08651368793836572,0.048853200625280924,0.039114679937471926,65,131.072,0.2
1199.0500000000002,0.7489814484427114,0.5673515337565896,24.01936054697011,0.4699833239984799,0.08491219800021199,0.9150878019997885,0.10149887339091797,0.007183695188764426,6.228080363297441,0.07077610744563481,0.9292238925543652,0.08642008851893258,0.04873798123594607,0.03912620187640543,66,104.8576,0.2
1199.0500000000002,0.7424564657564107,0.5543446851139148,18.775004776156003,0.44414309501327204,0.0831347001335397,0.9168652998664605,0.10137142677966474,0.007166572196787915,6.229919090285385,0.07069617565580112,0.9293038243441988,0.08630851381301965,0.04859540945986135,0.0391404590540139,67,83.88608,0.2
1199.0500000000002,0.7330607837010986,0.5373291159293242,14.558948929987384,0.4124413318539742,0.08067884708132557,0.9193211529186751,0.10117727024052552,0.007133926890508495,6.232610944166383,0.07050918521878444,0.9294908147812155,0.0861757898870165,0.04841788076187069,0.03915821192381297,68,67.108864,0.2
1199.0500000000002,0.7196616528915849,0.5155083613555753,11.174146479453796,0.37494936095527087,0.07735451020258076,0.9226454897974193,0.10088322783044801,0.007075093240769652,6.2365310901720274,0.07013151131301976,0.9298684886869802,0.08601907039740854,0.04819676097721156,0.03918032390227885,69,53.6870912,0.2
1199.0500000000002,0.7010668043604034,0.4883955534580503,8.46914402504444,0.33276599945034185,0.07302033968055203,0.9269796603194489,0.10044773054080378,0.0069744137146282095,6.242111386230407,0.0694332631384009,0.9305667368615991,0.08583577586756067,0.04792296012258688,0.03920770398774125,70,42.94967296,0.2
1199.0500000000002,0.6763760291534705,0.45610451449621997,6.327347847590486,0.28807166677809526,0.06765591758213871,0.9323440824178612,0.09982610862449444,0.006810815952559672,6.249745122134422,0.06822679998105624,0.9317732000189439,0.08562474035188361,0.04758962896799,0.03924103710320102,71,34.35973837,0.2
1199.0500000000002,0.6453391371966196,0.4195008458660725,4.655649607094121,0.24365025202196905,0.061393913117370455,0.9386060868826297,0.09897918584478761,0.006559645450796804,6.259674326766819,0.06627297842151193,0.9337270215784882,0.085391830653859,0.04719955322920567,0.03928004467707941,72,27.48779069,0.2
1199.0500000000002,0.608184397423722,0.38007971484874103,3.374518319547549,0.20204814882518857,0.05442575767916996,0.9455742423208303,0.09788104644798948,0.0062030220085971585,6.272032926010128,0.06337306587693672,0.9366269341230632,0.08515249137875668,0.04676701618324736,0.03932329838167533,73,21.99023256,0.2
1199.0500000000002,0.5647990464437188,0.3396106273804865,2.4121743405263243,0.16489973456882764,0.04688222201744737,0.9531177779825534,0.09652118430929188,0.005750192059998186,6.287150129178437,0.05957440428618953,0.9404255957138105,0.0849421015283339,0.046323482263564496,0.039367651773643556,74,17.59218604,0.2
1199.0500000000002,0.5140066225542668,0.2997571517649541,1.70328200588459,0.132809405901346,0.03887093933180801,0.9611290606681914,0.09490228770502127,0.005258744273115158,6.3059409428015645,0.05541219707235765,0.9445878029276423,0.08481335308664467,0.04590900539193376,0.03940909946080667,75,14.07374884,0.2
1199.0500000000002,0.4547849770067878,0.2618227725464648,1.1901753773962238,0.1057367045409967,0.03073612047062351,0.9692638795293768,0.09303673483927676,0.004817558473980634,6.329680393911731,0.05178125041703755,0.9482187495829624,0.0848129865478213,0.045552326800115166,0.03944476731998853,76,11.25899907,0.2
1199.0500000000002,0.38895181595727035,0.2266726779978825,0.8243125906454655,0.08342633979084013,0.023136429762523367,0.9768635702374768,0.09094471679620056,0.0044850145385560885,6.359004962372593,0.04931583373966593,0.9506841662603343,0.0849513893938157,0.04525533924147,0.039474466075853,77,9.007199255,0.2
1199.0500000000002,0.3214702996768938,0.19479363392196444,0.5667057098808947,0.0655096311699988,0.016688801495004825,0.9833111985049949,0.08865244477738046,0.004255340402696396,6.393381593755266,0.048000260037017795,0.9519997399629819,0.08520178333505374,0.04499996320489811,0.03950000367951024,78,7.205759404,0.2
1199.0500000000002,0.257711819935308,0.16637794327860952,0.3872225864552529,0.05143845155606698,0.011645010132857538,0.9883549898671425,0.08618734932120704,0.004088930967495636,6.431693027438143,0.04744235653908174,0.9525576434609182,0.085529499801634,0.04476851338662423,0.03952314866133759,79,5.764607523,0.2
1199.0500000000002,0.20127068850532764,0.14139008883619192,0.2632577976766845,0.04053630284675487,0.007921774966823121,0.9920782250331776,0.08357387928458673,0.003950921874852619,6.472950709837765,0.04727460198001219,0.9527253980199879,0.08590723333890778,0.04454837052649218,0.03954516294735077,80,4.611686018,0.2
1199.0500000000002,0.15373173335695994,0.11966681533945392,0.17824887513774448,0.032137469876022416,0.005282539524498001,0.9947174604755021,0.08083395700015866,0.00382229830910752,6.516472355149146,0.04728579989487587,0.9527142001051242,0.08631963940124951,0.04433404241181171,0.03956659575881892,81,3.689348815,0.2
1199.0500000000002,0.11521713881933275,0.10095034235629008,0.12029220080218454,0.025660418647305817,0.003466011190280211,0.9965339888097194,0.07798580716521893,0.0036943993910540595,6.5618098704305865,0.047372714611565545,0.9526272853884346,0.08675819834342348,0.04412324833694395,0.039587675166305604,82,2.951479052,0.2
1199.0500000000002,0.08497601788804661,0.08493234530261994,0.08096452196906374,0.02063574892907638,0.0022437624287353496,0.9977562375712647,0.07504454029838756,0.0035636140848446657,6.608651229774284,0.04748665354313435,0.9525133464568656,0.08721806537594158,0.04391530736447036,0.03960846926355298,83,2.361183241,0.2
1199.0500000000002,0.06183186795193294,0.07130280765019142,0.0543789841350953,0.016705844513926864,0.0014361610878344717,0.9985638389121656,0.07202339009615376,0.0034290783057064067,6.656761470159211,0.0476106208035173,0.9523893791964827,0.08769615102473215,0.043710131545531536,0.03962898684544684,84,1.888946593,0.2
1199.0500000000002,0.04448828465699643,0.05976487061348194,0.03646189114081207,0.01360483461652098,0.0009104517372869573,0.9990895482627133,0.06893386781914133,0.0032909454803520186,6.705951294353511,0.047740618426221335,0.9522593815737785,0.08819012082113166,0.0435077269578175,0.03964922730421829,85,1.511157275,0.2
1199.0500000000002,1.1842998216841842,0.5533237481768004,111.70208286517557,0.5544710500961632,0.20748158401085134,0.7925184159891496,0.10992778202865179,0.008871774341528511,6.115733205214612,0.08070547934367042,0.9192945206563297,0.08705846208361154,0.051216107984809,0.03887838920151918,87,500.0,0.3
1199.0500000000002,1.1796942701942164,0.5472648780484934,77.33498381538777,0.5399196727592048,0.20562594711347854,0.7943740528865216,0.10986832385820874,0.008868899578202487,6.116676261999895,0.08072298963863578,0.9192770103613641,0.08696029942773766,0.05109982358258878,0.03889001764174102,88,350.0,0.3
1199.0500000000002,1.1724712491198817,0.538159328145324,53.233935177088156,0.5187437926657694,0.2027426752947064,0.797257324705295,0.10976852670774365,0.008858607916581468,6.118168020147297,0.08070262198809247,0.9192973780119076,0.08682686978380079,0.05093807749327432,0.03890619225067262,89,245.0,0.3
1199.0500000000002,1.1608031201009867,0.5244191397569855,36.31231660508688,0.48825819771894274,0.1981584425859006,0.8018415574140996,0.10959660362290882,0.008833127326298068,6.120608728389821,0.08059672503552703,0.919403274964473,0.08664577527061104,0.050711387178276925,0.03892886128217231,90,171.5,0.3
1199.0500000000002,1.141613477077864,0.503818959320133,24.42004547100975,0.44561070292448124,0.1908244281157257,0.809175571884275,0.10929148714260153,0.008774072290417514,6.1247097524636,0.08028138802732458,0.9197186119726751,0.08640282647494812,0.05039334961577787,0.038960665038422215,91,120.05,0.3
1199.0500000000002,1.1102755673739158,0.47381838814818816,16.07615880477075,0.3893996863289043,0.17935959267076412,0.8206404073292365,0.10874759033968184,0.008645060790437123,6.131624507512587,0.07949657334709248,0.9205034266529075,0.08607928003339631,0.04994605197188002,0.03900539480281201,92,84.035,0.3
1199.0500000000002,1.0618247726667476,0.4327680106474986,10.278261388878951,0.3223490362026889,0.16274312208279643,0.8372568779172044,0.10781482091755903,0.008381965841041845,6.142785748724712,0.07774409628544848,0.9222559037145514,0.08565773555802791,0.04932931700641717,0.039067068299358236,93,58.8245,0.3
1199.0500000000002,0.9942065795623846,0.3816652428211208,6.345213956280089,0.25223728561463155,0.1414140211923725,0.858585978807627,0.10633445797541445,0.00788515056789883,6.1591782098747405,0.07415423667188106,0.925845763328119,0.0851325555625044,0.04852391031454461,0.03914760896854554,94,41.17715,0.3
1199.0500000000002,0.909411281898589,0.32473672122881114,3.7791441476210395,0.18816460783999261,0.11695526856562097,0.8830447314343793,0.10421027973214599,0.007061645436414986,6.18085609507115,0.0677634245770595,0.9322365754229404,0.08455365374615681,0.047583348368358244,0.03924166516316429,95,28.824005,0.3
1199.0500000000002,0.8048090970838722,0.2676128484988458,2.1800149872551335,0.13513806825291858,0.08974122141213775,0.9102587785878613,0.10143322783394179,0.0059943716923094815,6.209352397639462,0.05909672578560317,0.9409032742143968,0.08410180490585335,0.04667128235410088,0.03933287176458991,96,20.1768035,0.3
1199.0500000000002,0.6696363101946243,0.21488116813850766,1.2253068341517241,0.09364078290043244,0.0608787011796556,0.939121298820344,0.09805568102558318,0.005070683351974242,6.250250038773184,0.05171228487233348,0.9482877151276664,0.08402814104932195,0.04596100960691636,0.03940389903930839,97,14.12376245,0.3
1199.0500000000002,0.511736111736798,0.16907633317613008,0.6748892242535511,0.06303443562226155,0.03619109285696813,0.963808907143032,0.09417460191290809,0.004541884259978007,6.306121372451164,0.048228335071473075,0.9517716649285269,0.08436167828770418,0.04544902313731746,0.03945509768626822,98,9.886633715,0.3
1199.0500000000002,0.36091347785064776,0.13100813521337537,0.3660463360115492,0.04204295774279206,0.01963929662441461,0.9803607033755866,0.08990549145368142,0.004253293435136038,6.372463366357577,0.04730849421127149,0.9526915057887283,0.08492918591212359,0.04503274765319583,0.03949672523468041,99,6.9206436,0.3
1199.0500000000002,0.23837213187095294,0.10036407155747722,0.19629452631380936,0.028310193728664085,0.010084695234050523,0.989915304765949,0.0853443671690387,0.004032347749888833,6.444799676347502,0.04724796576942874,0.9527520342305713,0.08560369498487358,0.04465138330327599,0.03953486166967243,100,4.84445052,0.3
1199.0500000000002,0.14943471501395467,0.07625841892316539,0.10440501095063255,0.0194447247067334,0.004993957703966831,0.9950060422960328,0.08056139400566811,0.0038182420210596405,6.520947466923192,0.047395431390679574,0.9526045686093205,0.08633747573149134,0.044287133281757526,0.03957128667182419,101,3.391115364,0.3
1199.0500000000002,0.09000867944093498,0.05760584461481146,0.05520883242133125,0.013653503396044587,0.0024094491240054827,0.9975905508759944,0.07560681266598761,0.00359773022036149,6.599848625906231,0.04758473611025634,0.9524152638897437,0.08711357054427545,0.04393584540848812,0.039606415459151126,102,2.373780755,0.3
1199.0500000000002,0.052641176886900884,0.04334226717372082,0.02907626576229615,0.009772722685252878,0.0011399064202912042,0.9988600935797077,0.07051755973199955,0.0033694558886439028,6.680864935944072,0.04778179941279153,0.9522182005872086,0.08792385266568462,0.04359622283691787,0.03964037771630819,103,1.661646528,0.3
1199.0500000000002,0.030142715976426242,0.03252045229919779,0.015271711724541328,0.007095652861111512,0.0005311884389568788,0.9994688115610437,0.06532159460300827,0.003134215734404165,6.763543685523265,0.04798131096215301,0.9520186890378468,0.08876311290328183,0.04326759534160543,0.0396732404658395,104,1.16315257,0.3
1199.0500000000002,1.5018173544693285,0.5041805371573176,101.78125163826273,0.5213126766387536,0.32738719255154847,0.6726128074484532,0.11535044872175175,0.010196429317303416,6.047433009925861,0.08839522889244728,0.9116047711075528,0.08740706047854666,0.05277150869467493,0.03872284913053251,105,500.0,0.4
1199.0500000000002,1.4910484356659266,0.49169968613517084,59.55599625915171,0.49378956793831447,0.32241457801752976,0.6775854219824715,0.11521956641659006,0.010181607865118025,6.049367357475465,0.08836700209944512,0.9116329979005549,0.08717963592732103,0.05250181058083699,0.038749818941916356,106,300.0,0.4
1199.0500000000002,1.46840432022218,0.469704738100865,34.13496731688993,0.44802647802865636,0.3121513026949017,0.6878486973050995,0.11490662642228447,0.01011829657962985,6.053527835955756,0.08805668245425113,0.911943317545749,0.08681947582639275,0.05205497596542509,0.038794502403457484,107,180.0,0.4
1199.0500000000002,1.4202888689633064,0.43230200286366693,18.850101496893245,0.37767416507552953,0.2911380764126676,0.7088619235873332,0.11414811949852637,0.009911808815585479,6.062728155284319,0.08683286872247375,0.9131671312775262,0.08626096526825534,0.05131467223274298,0.038868532776725626,108,108.0,0.4
1199.0500000000002,1.32963979374963,0.37535001535598783,9.820163981093517,0.2868591231086786,0.2540335533587617,0.7459664466412383,0.1124764345144941,0.009343922974693145,6.081124807669984,0.08307449474693908,0.9169255052530609,0.0854413870830622,0.05014879778122636,0.03898512022187734,109,64.8,0.4
1199.0500000000002,1.1951581665960629,0.3035988767900859,4.76569130349728,0.19610411513223708,0.20352145289820717,0.796478547101793,0.10947677570294587,0.00809205090863183,6.110254586761433,0.07391568463901413,0.9260843153609859,0.08439037518773744,0.048572181537813466,0.039142781846218624,110,38.88,0.4
1199.0500000000002,1.0148330320295122,0.2300484238904877,2.1667087449507694,0.1233602102889757,0.14220588285988883,0.8577941171401117,0.10510732654880132,0.006235487213658508,6.1521360110809535,0.059324952857033056,0.9406750471429669,0.08354534948345273,0.047014230817865904,0.039298576918213354,111,23.328,0.4
1199.0500000000002,0.7574743496653835,0.16587772382188098,0.9373859567985884,0.07161888134660335,0.07565305810925402,0.9243469418907466,0.09960032665844619,0.004926718335094178,6.222106527944133,0.04946488121994096,0.950535118780059,0.08362069547566657,0.04598103104436423,0.039401896895563636,112,13.9968,0.4
1199.0500000000002,0.47993972508707117,0.1155150206542119,0.39165825328649007,0.039607024763187,0.03164822811084379,0.9683517718891567,0.0932943815771301,0.004411806866368634,6.318623754820642,0.04728909475847208,0.9527109052415279,0.0844012841297069,0.04530039848341042,0.03946996015165902,113,8.39808,0.4
1199.0500000000002,0.26492742637647104,0.07860356670211868,0.159909413096885,0.022112687146470498,0.011781182919416105,0.9882188170805843,0.08647580695759821,0.004087174497296317,6.426856125661635,0.047263791434309484,0.9527362085656905,0.08541300592983257,0.04472076604472584,0.03952792339552737,114,5.038848,0.4
1199.0500000000002,0.13175658304268262,0.052717660294750654,0.06434372677583663,0.01290654221532525,0.00413088502519916,0.9958691149748008,0.07931997455867972,0.0037691301209133083,6.54081925937056,0.04751804491232386,0.952481955087676,0.08651896370363968,0.04418362822876212,0.039581637177123846,115,3.0233088,0.4
1199.0500000000002,0.06111950130626563,0.03504182798998508,0.025661436741883224,0.007896283781636012,0.0013960429028401192,0.9986039570971608,0.07192823930921888,0.0034375218061682873,6.658488041615823,0.04779099054155336,0.9522090094584467,0.08768935672622233,0.043678624097574406,0.03963213759024255,116,1.81398528,0.4
1199.0500000000002,0.027173567111850504,0.02317508299526339,0.010182260336890287,0.004993770626670916,0.00046014609161985475,0.9995398539083805,0.06436564048583696,0.0030941092527311475,6.7788078127815705,0.04807082207460671,0.9519291779253933,0.08891139105706602,0.04320069676436177,0.0396799303235638,117,1.088391168,0.4
1199.0500000000002,1.6564333152113258,0.44745810068125635,90.32931146934713,0.44082504252011556,0.393452510359395,0.6065474896406042,0.11777100019890285,0.010774264938567197,6.016721078994405,0.0914848719696733,0.9085151280303266,0.08762495654503129,0.05358724325882071,0.0386412756741179,118,500.0,0.5
1199.0500000000002,1.6536747410288197,0.4288997877692619,43.291315807360206,0.40838650556054884,0.3916723261270848,0.6083276738729153,0.11777695183693697,0.010794547140451492,6.016959921725243,0.09165245738386364,0.9083475426161364,0.08722720918787702,0.05316579225975151,0.0386834207740248,119,250.0,0.5
1199.0500000000002,1.6280501849330098,0.3896394462649801,19.66348952523255,0.3437876920322819,0.3785881258243361,0.6214118741756642,0.11742495521594701,0.010685238710303005,6.021004724905933,0.09099631121476687,0.909003688785233,0.08641961544589156,0.052244174472617824,0.0387755825527383,120,125.0,0.5
1199.0500000000002,1.5110821131997931,0.3176034428161403,8.014320874845513,0.23949115483312503,0.3257639106808884,0.6742360893191109,0.11516151390987109,0.009737080829696255,6.0429261153304195,0.08455151753580743,0.9154484824641929,0.08497780079265926,0.05034546473417599,0.038965453526582504,121,62.5,0.5
1199.0500000000002,1.2781031953873145,0.2264793875927209,2.857426361121445,0.13668170159712525,0.23006058655084544,0.7699394134491535,0.10972140551844267,0.007143698878103735,6.09037155599435,0.06510761285039056,0.9348923871496094,0.08334497606671945,0.047830023162180005,0.039216997683782014,122,31.25,0.5
1199.0500000000002,0.887896967710976,0.14619543259346196,0.9222436568068348,0.0662420577977581,0.1035232517584995,0.8964767482414994,0.10197810906614227,0.005020387176172252,6.184037968500499,0.049230047370332576,0.9507699526296675,0.08323684564636638,0.046185896674242,0.03938141033257578,123,15.625,0.5
1199.0500000000002,0.4664821914362867,0.08868444752810085,0.27972580131508334,0.029243925359682087,0.029843257931418322,0.9701567420685822,0.09293761193425483,0.004383881593060867,6.324104494313433,0.04717015536388256,0.9528298446361173,0.08442716732949118,0.045243992176277614,0.03947560078237224,124,7.8125,0.5
1199.0500000000002,0.19413556400010362,0.05192747575966903,0.08189255226147849,0.013402612796025861,0.007279724252834127,0.9927202757471658,0.08322028945046625,0.0039467431277895116,6.478774227955388,0.047425251188379425,0.9525747488116206,0.08590293644312162,0.044458754013051056,0.039554124598694965,125,3.90625,0.5
1199.0500000000002,0.06922005784175676,0.029841507181364173,0.023530154732458022,0.006739463805854206,0.0016553704944851533,0.9983446295055142,0.07310938978144568,0.0034938232747479788,6.639740558221705,0.04778898154712807,0.9522110184528719,0.08749409322444843,0.04374920744235199,0.039625079255764833,126,1.953125,0.5
1199.0500000000002,1.7072793395478882,0.3905928469879956,78.85077344268309,0.3555739903479047,0.4161414703113861,0.583858529688615,0.11838342043591388,0.01079821503308957,6.006913243286261,0.09121391316652024,0.9087860868334797,0.08754698993852834,0.0537331138668418,0.038626688613315766,127,500.0,0.6
1199.0500000000002,1.7194032339328431,0.36550984138785253,29.5148058811981,0.3210169567666142,0.4212219893653154,0.5787780106346845,0.11856635017577544,0.010828834597950279,6.004374740369579,0.09133143240829056,0.9086685675917094,0.08693268044290758,0.053130816394251934,0.038686918360574814,128,200.0,0.6
1199.0500000000002,1.7013430497256796,0.30269909510551746,9.776941235464538,0.2402983668194311,0.4097738886793647,0.5902261113206356,0.11805798368469415,0.01041921726863249,6.006020559732304,0.08825508357136576,0.9117449164286343,0.08526066616650288,0.051328384397928695,0.03886716156020719,129,80.0,0.6
1199.0500000000002,1.411620336110338,0.19678810280519957,2.542468821115794,0.12107593485586979,0.2798132135991993,0.7201867864008012,0.11134293953901922,0.00700007025864024,6.06095217866035,0.0628694578108665,0.9371305421891336,0.08288411703741708,0.04785525781571584,0.03921447421842846,130,32.0,0.6
1199.0500000000002,0.7926326956557437,0.10739966443433771,0.5550151472823133,0.044199503020886995,0.08093029229450197,0.919069707705497,0.10010077558341599,0.004758140759051349,6.210956086260589,0.047533505297400476,0.9524664947025995,0.08338349399297015,0.045911563831087576,0.03940884361689122,131,12.8,0.6
1199.0500000000002,0.286216761109381,0.05377803109661492,0.11115843860826805,0.014979807453914204,0.013187837137869706,0.9868121628621302,0.08732189272296523,0.00413212323859753,6.413503841927205,0.04732058708223228,0.9526794129177677,0.08526371315599912,0.044765312348070574,0.0395234687651929,132,5.12,0.6
1199.0500000000002,0.07506422570709395,0.02589307709672013,0.021408751790900418,0.005855872716720116,0.0018501637891387,0.9981498362108614,0.07388230957234446,0.003530929142412982,6.627476992834476,0.04779126653119327,0.9522087334688069,0.08736583257042999,0.04379502507206008,0.03962049749279402,133,2.048,0.6
1199.0500000000002,1.7346811451130346,0.342549681681748,69.14984140854538,0.2919762395027755,0.42841736856155854,0.5715826314384417,0.11852449434654706,0.010620684196335928,6.001603164163148,0.08960750379736247,0.9103924962026376,0.08725927616418572,0.05357529069984668,0.03864247093001533,134,500.0,0.7
1199.0500000000002,1.7669073443413983,0.3076157961188504,18.62943031728792,0.2519047062117328,0.4427515265034341,0.5572484734965666,0.11885340343798509,0.010568484288225422,5.995251347504005,0.08892033303968365,0.9110796669603165,0.08625509734490985,0.052628353966376405,0.03873716460336228,135,150.0,0.7
1199.0500000000002,1.6795790597833526,0.20881046508495857,3.7936812827159416,0.14491671875079837,0.3958120604836093,0.604187939516391,0.115922598770747,0.00839833241067443,6.007928893998789,0.07244775741797141,0.9275522425820286,0.08312849512867732,0.04905741179552297,0.03909425882044771,136,45.0,0.7
1199.0500000000002,0.8575278925787044,0.09655700900513481,0.5262709600978451,0.040681652868134674,0.09462407635330872,0.9053759236466912,0.10128485769482473,0.004803120649424016,6.191971049243321,0.04742190243473084,0.9525780975652693,0.08319013809711183,0.04601146915533077,0.03939885308446691,137,13.5,0.7
1199.0500000000002,0.2105866782949391,0.03844467480661935,0.06286004334734169,0.009918317177939836,0.008187772242167827,0.9918122277578327,0.08406650484884794,0.003989980571891492,6.4653912620507255,0.04746219179395978,0.9525378082060403,0.08575981516702204,0.044508583591131724,0.03954914164088678,138,4.05,0.7
1199.0500000000002,0.032596476795081,0.01453246170673296,0.007128106620475448,0.003120381435210297,0.0005870872650183014,0.9994129127349816,0.06605653802360292,0.0031764142169158744,6.751997936555216,0.04808629575689988,0.9519137042431002,0.08862231488201396,0.04328952262540163,0.03967104773745982,139,1.215,0.7
1199.0500000000002,1.7585939002418371,0.30332320346558167,61.233250016292104,0.24611735413860045,0.4391125085133817,0.560887491486618,0.11850700749678009,0.010322828378334821,5.996930348025912,0.08710732466680605,0.9128926753331941,0.08684402122518771,0.053267263599947365,0.03867327364000532,140,500.0,0.8
1199.0500000000002,1.8288505182896078,0.25043760477849086,10.111350667941997,0.19367873034860478,0.47061481309437847,0.5293851869056205,0.11897394765986116,0.009956695944832693,5.983045804749525,0.08368803540905743,0.9163119645909426,0.08504061675739792,0.05160517243955938,0.03883948275604406,141,100.0,0.8
1199.0500000000002,1.2071026060023562,0.11247154769512605,0.9081723681198289,0.0573143147657796,0.19556483361532684,0.8044351663846727,0.1070748476654944,0.00523429385221086,6.1026574364452735,0.048884438785042596,0.9511155612149572,0.08242618081767078,0.04666909131278067,0.039333090868721984,142,20.0,0.8
1199.0500000000002,0.20888112029517458,0.03338643867853501,0.05391138459513369,0.008556201473854365,0.008075207129824702,0.9919247928701747,0.08398454818663575,0.0039883204580488645,6.466729537856885,0.047488740950076234,0.9525112590499238,0.08576844672897918,0.04449781029231604,0.039550218970768325,143,4.0,0.8
1199.0500000000002,1.783047585973172,0.2712293341673077,54.75431335502768,0.21224945555189317,0.4500393206450021,0.5499606793549979,0.11841508670412348,0.009941727750462273,5.992110684105647,0.08395659730769249,0.9160434026923074,0.08635353764446595,0.05287814584992945,0.03871218541500706,144,500.0,0.9
1199.0500000000002,1.889149955461857,0.17659515573646253,3.5649754686342296,0.1269742435322491,0.49227917613975325,0.5077208238602475,0.11815738614707709,0.008202296264809197,5.967415168628869,0.06941839631276467,0.9305816036872354,0.08260679688777085,0.049287608618252834,0.039071239138174695,145,50.0,0.9
1199.0500000000002,0.28771100658954263,0.03550395630999583,0.07166126165161042,0.009713481364567811,0.013220445272797521,0.9867795547272017,0.08738689668665077,0.004141384607629245,6.412574798682973,0.04739136815909165,0.9526086318409084,0.08523941585210365,0.044754214380124877,0.03952457856198751,146,5.0,0.9
