ratio_absorb,PSII_content_per_leaf,PSII_antenna_size,P700_red_initial,idx,Phi2,v_ATP_made,Phi2*PSII_antenna_size*ratio_absorb*100,NADPH,2NADPH,3_v_ATP_made
0.1,0.07,0.1,0.1,0,0.737374068,8.420526208000002,0.737374068,0.368687034,0.184343517,2.806842069333334
0.1,0.07,0.1,0.5,1,0.723128813,31.140337910000007,0.7231288130000001,0.3615644065,0.18078220325,10.380112636666668
0.1,0.07,0.1,1.0,2,0.722664831,31.23957731,0.722664831,0.3613324155,0.18066620775,10.413192436666668
0.1,0.07,0.1,4.0,3,0.72382302,31.35589734,0.72382302,0.36191151,0.180955755,10.45196578
0.1,0.07,0.1,6.0,4,0.724792317,31.42326403,0.7247923170000001,0.3623961585,0.18119807925,10.474421343333333
0.1,0.07,0.1,8.0,5,0.725777976,31.490039690000003,0.7257779760000002,0.3628889880000001,0.181444494,10.496679896666668
0.1,0.07,0.1,10.0,6,0.72677389,31.55778569,0.72677389,0.363386945,0.1816934725,10.519261896666666
0.1,0.07,0.3,0.1,7,0.219444826,6.335051200000001,0.658334478,0.329167239,0.1645836195,2.111683733333334
0.1,0.07,0.3,0.5,8,0.625335545,34.898985290000006,1.876006635,0.9380033175,0.46900165875,11.632995096666669
0.1,0.07,0.3,1.0,9,0.617268199,56.95666501000001,1.851804597,0.9259022985,0.46295114925,18.985555003333335
0.1,0.07,0.3,4.0,10,0.617295857,57.99882191,1.851887571,0.9259437855,0.46297189275,19.332940636666667
0.1,0.07,0.3,6.0,11,0.618179011,58.19086884000001,1.8545370329999995,0.9272685164999998,0.4636342582499999,19.39695628
0.1,0.07,0.3,8.0,12,0.619115959,58.37661409,1.8573478770000005,0.9286739385000002,0.4643369692500001,19.458871363333333
0.1,0.07,0.3,10.0,13,0.620040766,58.55108365000001,1.8601222980000005,0.9300611490000004,0.4650305745000001,19.517027883333338
0.1,0.07,0.5,0.1,14,0.09642554,4.517070013,0.4821277,0.24106385,0.120531925,1.5056900043333332
0.1,0.07,0.5,0.5,15,0.371910673,23.60233387,1.859553365,0.9297766825,0.46488834125,7.867444623333333
0.1,0.07,0.5,1.0,16,0.498899841,49.11819892,2.4944992050000003,1.2472496025000002,0.6236248012500001,16.37273297333333
0.1,0.07,0.5,4.0,17,0.520352283,64.7583735,2.6017614150000004,1.3008807075000002,0.6504403537500001,21.5861245
0.1,0.07,0.5,6.0,18,0.52116887,65.00994718,2.60584435,1.302922175,0.6514610875,21.66998239333333
0.1,0.07,0.5,8.0,19,0.522003053,65.23732944,2.6100152650000004,1.3050076325000002,0.6525038162500001,21.74577648
0.1,0.07,0.5,10.0,20,0.522759324,65.44464392,2.61379662,1.30689831,0.653449155,21.814881306666667
0.1,0.07,0.7,0.1,21,0.042249874,2.707228497,0.295749118,0.147874559,0.0739372795,0.902409499
0.1,0.07,0.7,0.5,22,0.185687054,13.87752597,1.2998093779999995,0.6499046889999998,0.3249523444999999,4.6258419900000005
0.1,0.07,0.7,1.0,23,0.302312697,28.547185310000003,2.116188879,1.0580944395,0.52904721975,9.515728436666668
0.1,0.07,0.7,4.0,24,0.418977892,66.14371678,2.932845244,1.466422622,0.733211311,22.047905593333336
0.1,0.07,0.7,6.0,25,0.419634171,66.44747761,2.937439197,1.4687195985,0.73435979925,22.149159203333337
0.1,0.07,0.7,8.0,26,0.42035082,66.69328662,2.94245574,1.47122787,0.735613935,22.23109554
0.1,0.07,0.7,10.0,27,0.420964567,66.91599605,2.946751969,1.4733759845,0.73668799225,22.305332016666668
0.1,0.07,0.9,0.1,28,0.011224597,0.902450895,0.101021373,0.0505106865,0.02525534325,0.300816965
0.1,0.07,0.9,0.5,29,0.053942486,4.543155672,0.485482374,0.242741187,0.1213705935,1.514385224
0.1,0.07,0.9,1.0,30,0.1025251,9.180824661,0.9227259,0.46136295,0.230681475,3.0602748870000003
0.1,0.07,0.9,4.0,31,0.277881995,38.57619823,2.5009379550000004,1.2504689775000002,0.6252344887500001,12.858732743333334
0.1,0.07,0.9,6.0,32,0.327964974,58.41795569999999,2.951684766,1.475842383,0.7379211915,19.4726519
0.1,0.07,0.9,8.0,33,0.341756555,66.48891043999998,3.075808995,1.5379044975,0.76895224875,22.162970146666662
0.1,0.07,0.9,10.0,34,0.342575304,66.89026305,3.083177736,1.541588868,0.770794434,22.29675435
0.1,0.1,0.1,0.1,35,0.771484303,5.866410445999999,0.7714843030000001,0.3857421515000001,0.19287107575,1.9554701486666664
0.1,0.1,0.1,0.5,36,0.753916555,23.70452495,0.7539165550000001,0.3769582775,0.18847913875,7.901508316666667
0.1,0.1,0.1,1.0,37,0.753448739,23.74624707,0.7534487390000001,0.3767243695,0.18836218475,7.91541569
0.1,0.1,0.1,4.0,38,0.754419262,23.80769414,0.7544192620000001,0.377209631,0.1886048155,7.935898046666666
0.1,0.1,0.1,6.0,39,0.755274071,23.84850963,0.755274071,0.3776370355,0.18881851775,7.94950321
0.1,0.1,0.1,8.0,40,0.756145246,23.88919284,0.7561452460000001,0.378072623,0.1890363115,7.96306428
0.1,0.1,0.1,10.0,41,0.757023213,23.93030431,0.757023213,0.3785116065,0.18925580325,7.976768103333334
0.1,0.1,0.3,0.1,42,0.227882848,4.414412889,0.683648544,0.341824272,0.170912136,1.471470963
0.1,0.1,0.3,0.5,43,0.70508427,24.3723333,2.11525281,1.057626405,0.5288132025,8.1241111
0.1,0.1,0.3,1.0,44,0.662438191,48.66050084,1.987314573,0.9936572865,0.49682864325,16.220166946666666
0.1,0.1,0.3,4.0,45,0.659868551,50.10448306000001,1.979605653,0.9898028265,0.49490141325,16.701494353333334
0.1,0.1,0.3,6.0,46,0.660810226,50.25533128000001,1.982430678,0.991215339,0.4956076695,16.751777093333335
0.1,0.1,0.3,8.0,47,0.661795251,50.39884334,1.985385753,0.9926928765,0.49634643825,16.799614446666666
0.1,0.1,0.3,10.0,48,0.662802571,50.54261993,1.9884077129999995,0.9942038564999998,0.4971019282499999,16.847539976666667
0.1,0.1,0.5,0.1,49,0.099098566,3.1522441700000003,0.49549283,0.247746415,0.1238732075,1.0507480566666667
0.1,0.1,0.5,0.5,50,0.427976391,16.16450766,2.1398819550000003,1.0699409775000002,0.5349704887500001,5.388169220000001
0.1,0.1,0.5,1.0,51,0.604529324,34.27592478,3.02264662,1.51132331,0.755661655,11.42530826
0.1,0.1,0.5,4.0,52,0.607890813,61.11699329,3.039454065,1.5197270325,0.75986351625,20.372331096666667
0.1,0.1,0.5,6.0,53,0.608729503,61.35546618000001,3.043647515,1.5218237575,0.76091187875,20.45182206
0.1,0.1,0.5,8.0,54,0.609588015,61.54965544999999,3.0479400750000005,1.5239700375000005,0.7619850187500001,20.516551816666663
0.1,0.1,0.5,10.0,55,0.610487743,61.74329927,3.052438715,1.5262193575,0.76310967875,20.581099756666667
0.1,0.1,0.7,0.1,56,0.043063102,1.891866321,0.3014417139999999,0.1507208569999999,0.0753604284999999,0.630622107
0.1,0.1,0.7,0.5,57,0.200840978,9.571141171,1.4058868459999998,0.7029434229999999,0.3514717114999999,3.1903803903333334
0.1,0.1,0.7,1.0,58,0.355737472,19.49767448,2.490162304,1.245081152,0.622540576,6.499224826666667
0.1,0.1,0.7,4.0,59,0.547968402,64.87025456,3.8357788139999993,1.9178894069999997,0.9589447034999998,21.62341818666667
0.1,0.1,0.7,6.0,60,0.54877093,65.30309704,3.84139651,1.920698255,0.9603491275,21.76769901333333
0.1,0.1,0.7,8.0,61,0.54960625,65.55549759,3.84724375,1.923621875,0.9618109375,21.85183253
0.1,0.1,0.7,10.0,62,0.550414275,65.77479985,3.852899925,1.9264499625,0.96322498125,21.92493328333333
0.1,0.1,0.9,0.1,63,0.01136845,0.631959377,0.10231605,0.051158025,0.0255790125,0.2106531256666667
0.1,0.1,0.9,0.5,64,0.055312088,3.164780932999999,0.497808792,0.248904396,0.124452198,1.0549269776666663
0.1,0.1,0.9,1.0,65,0.107689741,6.359879971,0.9692076690000002,0.4846038345000001,0.24230191725,2.1199599903333333
0.1,0.1,0.9,4.0,66,0.339741405,26.291472319999997,3.057672645,1.5288363225,0.76441816125,8.763824106666666
0.1,0.1,0.9,6.0,67,0.418519408,40.23758707,3.7666746720000006,1.8833373360000003,0.9416686680000002,13.412529023333333
0.1,0.1,0.9,8.0,68,0.460773092,54.51486107000001,4.146957828000001,2.0734789140000003,1.036739457,18.17162035666667
0.1,0.1,0.9,10.0,69,0.478916499,65.84573173,4.310248491,2.1551242455,1.07756212275,21.948577243333332
0.1,1.0,0.1,0.1,70,0.814280363,0.5915559789999999,0.8142803630000001,0.4071401815,0.20357009075,0.1971853263333333
0.1,1.0,0.1,0.5,71,0.828098504,2.726133644,0.828098504,0.414049252,0.207024626,0.9087112146666666
0.1,1.0,0.1,1.0,72,0.828105358,2.726318946,0.8281053580000001,0.414052679,0.2070263395,0.908772982
0.1,1.0,0.1,4.0,73,0.828168161,2.727199401,0.8281681610000001,0.4140840805,0.20704204025,0.909066467
0.1,1.0,0.1,6.0,74,0.828208478,2.727781131,0.8282084780000001,0.414104239,0.2070521195,0.909260377
0.1,1.0,0.1,8.0,75,0.828247416,2.7283418069999996,0.8282474160000001,0.414123708,0.207061854,0.9094472689999998
0.1,1.0,0.1,10.0,76,0.828285031,2.728865237,0.8282850310000001,0.4141425155,0.20707125775,0.9096217456666666
0.1,1.0,0.3,0.1,77,0.294274002,0.442960878,0.8828220059999999,0.4414110029999999,0.2207055014999999,0.147653626
0.1,1.0,0.3,0.5,78,0.823375324,2.426523161,2.470125972,1.235062986,0.617531493,0.8088410536666667
0.1,1.0,0.3,1.0,79,0.822647774,5.370409083,2.467943322,1.233971661,0.6169858305,1.790136361
0.1,1.0,0.3,4.0,80,0.816569605,8.059281162,2.4497088149999997,1.2248544075,0.6124272037499999,2.6864270539999997
0.1,1.0,0.3,6.0,81,0.816810851,8.063396109,2.4504325529999997,1.2252162765,0.6126081382499999,2.687798703
0.1,1.0,0.3,8.0,82,0.817056441,8.067538178,2.451169323,1.2255846615,0.61279233075,2.6891793926666665
0.1,1.0,0.3,10.0,83,0.817311004,8.071853223,2.451933012,1.225966506,0.612983253,2.690617741
0.1,1.0,0.5,0.1,84,0.131154702,0.317001153,0.6557735100000001,0.327886755,0.1639433775,0.105667051
0.1,1.0,0.5,0.5,85,0.565245041,1.579641086,2.826225205,1.4131126025,0.70655630125,0.5265470286666667
0.1,1.0,0.5,1.0,86,0.816787192,3.3527511069999996,4.083935960000001,2.0419679800000003,1.0209839900000002,1.1175837023333333
0.1,1.0,0.5,4.0,87,0.799068244,13.04338874,3.99534122,1.99767061,0.998835305,4.347796246666666
0.1,1.0,0.5,6.0,88,0.79949237,13.05552461,3.997461850000001,1.9987309250000005,0.9993654625000002,4.351841536666667
0.1,1.0,0.5,8.0,89,0.799964969,13.06743035,3.999824845000001,1.9999124225000005,0.9999562112500002,4.3558101166666665
0.1,1.0,0.5,10.0,90,0.800451794,13.07931981,4.00225897,2.001129485,1.0005647425,4.35977327
0.1,1.0,0.7,0.1,91,0.059058132,0.1910755789999998,0.4134069239999999,0.2067034619999999,0.1033517309999999,0.0636918596666666
0.1,1.0,0.7,0.5,92,0.258309767,0.946993887,1.808168369,0.9040841845,0.45204209225,0.315664629
0.1,1.0,0.7,1.0,93,0.487393004,1.901794369,3.4117510280000007,1.7058755140000004,0.8529377570000002,0.6339314563333334
0.1,1.0,0.7,4.0,94,0.811487241,8.898403808,5.680410686999999,2.8402053434999996,1.4201026717499998,2.9661346026666666
0.1,1.0,0.7,6.0,95,0.79442962,13.98015193,5.56100734,2.78050367,1.390251835,4.660050643333333
0.1,1.0,0.7,8.0,96,0.78089546,17.63244437,5.466268219999999,2.7331341099999995,1.3665670549999998,5.8774814566666675
0.1,1.0,0.7,10.0,97,0.781451478,17.6584925,5.470160346,2.735080173,1.3675400865,5.886164166666667
0.1,1.0,0.9,0.1,98,0.017306284,0.064879959,0.155756556,0.077878278,0.038939139,0.021626653
0.1,1.0,0.9,0.5,99,0.073169229,0.317101527,0.6585230610000001,0.3292615305,0.16463076525,0.105700509
0.1,1.0,0.9,1.0,100,0.138494849,0.6320241859999998,1.246453641,0.6232268205,0.31161341025,0.2106747286666666
0.1,1.0,0.9,4.0,101,0.498469898,2.526853973,4.486229082,2.243114541,1.1215572705,0.8422846576666667
0.1,1.0,0.9,6.0,102,0.699961802,3.80439838,6.299656218000001,3.1498281090000004,1.5749140545000002,1.2681327933333333
0.1,1.0,0.9,8.0,103,0.800814913,5.229803732,7.207334217,3.6036671085,1.80183355425,1.7432679106666666
0.1,1.0,0.9,10.0,104,0.811864164,6.872896031,7.306777476000001,3.653388738,1.826694369,2.2909653436666666
0.1,3.0,0.1,0.1,105,0.819801327,0.2017690489999998,0.8198013270000001,0.4099006635,0.20495033175,0.0672563496666666
0.1,3.0,0.1,0.5,106,0.829704542,0.909714828,0.8297045420000001,0.414852271,0.2074261355,0.30323827600000003
0.1,3.0,0.1,1.0,107,0.829705842,0.909752776,0.8297058420000001,0.414852921,0.2074264605,0.30325092533333337
0.1,3.0,0.1,4.0,108,0.829713973,0.909964468,0.8297139730000002,0.4148569865000001,0.20742849325,0.3033214893333333
0.1,3.0,0.1,6.0,109,0.82971918,0.9101077909999998,0.8297191800000001,0.41485959,0.207429795,0.3033692636666666
0.1,3.0,0.1,8.0,110,0.829724252,0.9102425659999998,0.8297242520000001,0.414862126,0.207431063,0.3034141886666666
0.1,3.0,0.1,10.0,111,0.829729213,0.910377706,0.829729213,0.4148646065,0.20743230325,0.30345923533333335
0.1,3.0,0.3,0.1,112,0.471479047,0.1492311439999998,1.4144371409999998,0.7072185704999999,0.3536092852499999,0.0497437146666666
0.1,3.0,0.3,0.5,113,0.825525319,0.814119244,2.4765759570000005,1.2382879785000005,0.6191439892500001,0.2713730813333333
0.1,3.0,0.3,1.0,114,0.82856114,1.790325278,2.48568342,1.24284171,0.621420855,0.5967750926666667
0.1,3.0,0.3,4.0,115,0.828157921,2.726617919,2.484473763,1.2422368815,0.62111844075,0.9088726396666668
0.1,3.0,0.3,6.0,116,0.828201074,2.727223861,2.4846032219999996,1.2423016109999998,0.6211508054999999,0.9090746203333334
0.1,3.0,0.3,8.0,117,0.828243525,2.727814005,2.484730575,1.2423652875,0.62118264375,0.909271335
0.1,3.0,0.3,10.0,118,0.828285114,2.728405233,2.4848553420000004,1.2424276710000002,0.6212138355000001,0.9094684110000001
0.1,3.0,0.5,0.1,119,0.231787247,0.107049354,1.158936235,0.5794681175,0.28973405875,0.035683118
0.1,3.0,0.5,0.5,120,0.702953882,0.5295110439999999,3.51476941,1.757384705,0.8786923525,0.1765036813333333
0.1,3.0,0.5,1.0,121,0.821847575,1.126604359,4.109237875000001,2.0546189375000004,1.0273094687500002,0.37553478633333337
0.1,3.0,0.5,4.0,122,0.825217266,4.5299179800000005,4.126086330000001,2.0630431650000003,1.0315215825,1.50997266
0.1,3.0,0.5,6.0,123,0.825324892,4.531493483,4.12662446,2.06331223,1.031656115,1.5104978276666667
0.1,3.0,0.5,8.0,124,0.825434629,4.532876388,4.127173145,2.0635865725,1.03179328625,1.510958796
0.1,3.0,0.5,10.0,125,0.825543383,4.534326212,4.127716915,2.0638584575,1.03192922875,1.5114420706666667
0.1,3.0,0.7,0.1,126,0.11287636,0.0648871639999998,0.79013452,0.39506726,0.19753363,0.021629054666666602
0.1,3.0,0.7,0.5,127,0.393563149,0.3173206329999999,2.754942043,1.3774710215,0.68873551075,0.1057735443333333
0.1,3.0,0.7,1.0,128,0.63599074,0.6337487299999998,4.4519351799999995,2.22596759,1.112983795,0.21124957666666658
0.1,3.0,0.7,4.0,129,0.826306409,2.9643993729999996,5.784144862999999,2.8920724314999995,1.4460362157499995,0.9881331243333332
0.1,3.0,0.7,6.0,130,0.824457037,4.64805528,5.771199258999999,2.8855996294999997,1.44279981475,1.5493517600000002
0.1,3.0,0.7,8.0,131,0.821210825,6.304322211,5.748475774999999,2.8742378874999996,1.4371189437499998,2.101440737
0.1,3.0,0.7,10.0,132,0.821388424,6.3112156630000005,5.749718968,2.874859484,1.437429742,2.1037385543333333
0.1,3.0,0.9,0.1,133,0.038461505,0.0224675059999997,0.346153545,0.1730767725,0.08653838625,0.007489168666666567
0.1,3.0,0.9,0.5,134,0.131217536,0.1070445919999998,1.180957824,0.590478912,0.295239456,0.0356815306666666
0.1,3.0,0.9,1.0,135,0.226885425,0.212183301,2.041968825,1.0209844125,0.51049220625,0.070727767
0.1,3.0,0.9,4.0,136,0.638267621,0.8443786549999998,5.744408589000001,2.8722042945000004,1.4361021472500002,0.2814595516666666
0.1,3.0,0.9,6.0,137,0.750789709,1.332750391,6.757107381000001,3.3785536905000004,1.6892768452500002,0.4442501303333333
0.1,3.0,0.9,8.0,138,0.814892851,1.757976737,7.334035659,3.6670178295,1.83350891475,0.5859922456666666
0.1,3.0,0.9,10.0,139,0.823136963,2.29814192,7.408232667000002,3.704116333500001,1.8520581667500005,0.7660473066666666
0.1,5.0,0.1,0.1,140,0.82229921,0.1233769579999998,0.82229921,0.411149605,0.2055748025,0.0411256526666666
0.1,5.0,0.1,0.5,141,0.829845531,0.546438843,0.8298455310000001,0.4149227655,0.20746138275,0.182146281
0.1,5.0,0.1,1.0,142,0.829846021,0.5464562419999999,0.8298460210000003,0.4149230105000001,0.20746150525,0.18215208066666663
0.1,5.0,0.1,4.0,143,0.829849097,0.5465717199999999,0.8298490970000001,0.4149245485,0.20746227425,0.1821905733333333
0.1,5.0,0.1,6.0,144,0.829851074,0.5466455329999997,0.829851074,0.414925537,0.2074627685,0.1822151776666666
0.1,5.0,0.1,8.0,145,0.829853003,0.5467189299999999,0.8298530030000001,0.4149265015,0.20746325075,0.1822396433333333
0.1,5.0,0.1,10.0,146,0.829854891,0.5467910929999998,0.829854891,0.4149274455,0.20746372275,0.1822636976666666
0.1,5.0,0.3,0.1,147,0.619213691,0.0904048799999999,1.8576410730000004,0.9288205365000002,0.4644102682500001,0.030134959999999964
0.1,5.0,0.3,0.5,148,0.826068201,0.4919489989999998,2.478204603,1.2391023015,0.61955115075,0.1639829996666666
0.1,5.0,0.3,1.0,149,0.829106067,1.075318701,2.4873182010000003,1.2436591005000002,0.6218295502500001,0.358439567
0.1,5.0,0.3,4.0,150,0.829259888,1.636911229,2.4877796639999996,1.2438898319999998,0.6219449159999999,0.5456370763333334
0.1,5.0,0.3,6.0,151,0.829276516,1.637197039,2.487829548,1.243914774,0.621957387,0.5457323463333333
0.1,5.0,0.3,8.0,152,0.829292804,1.637501775,2.487878412,1.243939206,0.621969603,0.545833925
0.1,5.0,0.3,10.0,153,0.829308757,1.637781514,2.487926271,1.2439631355,0.62198156775,0.5459271713333333
0.1,5.0,0.5,0.1,154,0.348833027,0.0649190739999999,1.744165135,0.8720825675,0.43604128375,0.021639691333333298
0.1,5.0,0.5,0.5,155,0.762556433,0.3201670019999997,3.8127821650000007,1.9063910825000003,0.9531955412500002,0.1067223339999999
0.1,5.0,0.5,1.0,156,0.823248762,0.6817381539999999,4.11624381,2.058121905,1.0290609525,0.2272460513333333
0.1,5.0,0.5,4.0,157,0.828121018,2.725733865,4.14060509,2.070302545,1.0351512725,0.908577955
0.1,5.0,0.5,6.0,158,0.828164399,2.726348794,4.1408219950000005,2.0704109975,1.03520549875,0.9087829313333334
0.1,5.0,0.5,8.0,159,0.828208068,2.726965848,4.14104034,2.07052017,1.035260085,0.9089886159999999
0.1,5.0,0.5,10.0,160,0.828251249,2.727623956,4.141256245,2.0706281225,1.03531406125,0.9092079853333334
0.1,5.0,0.7,0.1,161,0.179852324,0.0395062959999999,1.258966268,0.629483134,0.314741567,0.0131687653333333
0.1,5.0,0.7,0.5,162,0.529518295,0.19140195,3.706628065,1.8533140325,0.92665701625,0.06380065
0.1,5.0,0.7,1.0,163,0.723446314,0.3823183969999998,5.064124198,2.532062099,1.2660310495,0.1274394656666666
0.1,5.0,0.7,4.0,164,0.82775438,1.780838579,5.79428066,2.89714033,1.448570165,0.5936128596666667
0.1,5.0,0.7,6.0,165,0.827621662,2.788202534,5.793351633999999,2.8966758169999993,1.4483379084999997,0.9294008446666666
0.1,5.0,0.7,8.0,166,0.826523319,3.797052983,5.785663232999999,2.8928316164999996,1.4464158082499998,1.2656843276666667
0.1,5.0,0.7,10.0,167,0.826586702,3.811090261,5.786106913999999,2.8930534569999997,1.4465267285,1.2703634203333334
0.1,5.0,0.9,0.1,168,0.065848354,0.0138740919999999,0.5926351860000001,0.296317593,0.1481587965,0.0046246973333333
0.1,5.0,0.9,0.5,169,0.202793255,0.0649013439999999,1.825139295,0.9125696475,0.45628482375,0.0216337813333333
0.1,5.0,0.9,1.0,170,0.330750494,0.1281398779999998,2.976754446,1.488377223,0.7441886115,0.0427132926666666
0.1,5.0,0.9,4.0,171,0.722651077,0.5090124659999999,6.503859693000001,3.2519298465000004,1.6259649232500002,0.16967082199999997
0.1,5.0,0.9,6.0,172,0.794800341,0.7725025890000001,7.153203069000001,3.5766015345000004,1.7883007672500002,0.257500863
0.1,5.0,0.9,8.0,173,0.81857206,1.0644746559999998,7.36714854,3.68357427,1.841787135,0.3548248853333333
0.1,5.0,0.9,10.0,174,0.824593697,1.385615632,7.421343273,3.7106716365,1.85533581825,0.4618718773333333
0.1,7.0,0.1,0.1,175,0.823769782,0.0895619559999999,0.8237697820000001,0.411884891,0.2059424455,0.0298539853333333
0.1,7.0,0.1,0.5,176,0.829886097,0.3908498829999999,0.829886097,0.4149430485,0.20747152425,0.1302832943333333
0.1,7.0,0.1,1.0,177,0.829886352,0.3908606679999998,0.8298863520000002,0.4149431760000001,0.207471588,0.13028688933333327
0.1,7.0,0.1,4.0,178,0.829887972,0.390934281,0.8298879720000001,0.414943986,0.207471993,0.130311427
0.1,7.0,0.1,6.0,179,0.829889014,0.3909798819999999,0.8298890140000001,0.4149445070000001,0.2074722535,0.1303266273333333
0.1,7.0,0.1,8.0,180,0.829890038,0.391029588,0.8298900380000002,0.4149450190000001,0.2074725095,0.130343196
0.1,7.0,0.1,10.0,181,0.829891037,0.3910764799999998,0.8298910370000001,0.4149455185,0.20747275925,0.1303588266666666
0.1,7.0,0.3,0.1,182,0.702618723,0.0651854529999999,2.1078561689999997,1.0539280845,0.5269640422499999,0.021728484333333298
0.1,7.0,0.3,0.5,183,0.826448987,0.3538471929999999,2.479346961,1.2396734805,0.61983674025,0.1179490643333333
0.1,7.0,0.3,1.0,184,0.82927306,0.7690992510000001,2.48781918,1.24390959,0.621954795,0.256366417
0.1,7.0,0.3,4.0,185,0.829577651,1.1694086269999997,2.4887329530000004,1.2443664765000002,0.6221832382500001,0.38980287566666655
0.1,7.0,0.3,6.0,186,0.829586433,1.169600284,2.488759299,1.2443796495,0.62218982475,0.3898667613333333
0.1,7.0,0.3,8.0,187,0.829595032,1.1697951,2.488785096,1.244392548,0.622196274,0.3899317
0.1,7.0,0.3,10.0,188,0.829603458,1.169989669,2.488810374,1.244405187,0.6222025935,0.38999655633333336
0.1,7.0,0.5,0.1,189,0.462718887,0.0468129289999998,2.313594435,1.1567972175,0.57839860875,0.0156043096666666
0.1,7.0,0.5,0.5,190,0.786986654,0.2305942819999998,3.93493327,1.967466635,0.9837333175,0.0768647606666666
0.1,7.0,0.5,1.0,191,0.824152626,0.4908788419999997,4.12076313,2.060381565,1.0301907825,0.16362628066666657
0.1,7.0,0.5,4.0,192,0.82897498,1.947895859,4.1448749000000005,2.07243745,1.036218725,0.6492986196666667
0.1,7.0,0.5,6.0,193,0.828998159,1.948273889,4.144990795,2.0724953975,1.03624769875,0.6494246296666667
0.1,7.0,0.5,8.0,194,0.829021594,1.948657475,4.145107970000001,2.0725539850000003,1.0362769925000002,0.6495524916666667
0.1,7.0,0.5,10.0,195,0.829044667,1.9490297,4.145223335000001,2.0726116675000004,1.0363058337500002,0.6496765666666667
0.1,7.0,0.7,0.1,196,0.253615832,0.0285766939999998,1.775310824,0.887655412,0.443827706,0.009525564666666599
0.1,7.0,0.7,0.5,197,0.631539847,0.1374559779999999,4.420778928999999,2.2103894644999995,1.1051947322499998,0.045818659333333296
0.1,7.0,0.7,1.0,198,0.763364943,0.2747867109999999,5.343554601,2.6717773005,1.33588865025,0.0915955703333333
0.1,7.0,0.7,4.0,199,0.828205949,1.2740928669999998,5.797441643,2.8987208215,1.44936041075,0.42469762233333325
0.1,7.0,0.7,6.0,200,0.828553285,1.991983385,5.799872994999999,2.8999364974999997,1.44996824875,0.6639944616666666
0.1,7.0,0.7,8.0,201,0.82811605,2.7117603069999996,5.79681235,2.898406175,1.4492030875,0.9039201023333332
0.1,7.0,0.7,10.0,202,0.828155312,2.7259165209999994,5.797087184,2.898543592,1.449271796,0.9086388403333331
0.1,7.0,0.9,0.1,203,0.097661591,0.0101701129999998,0.8789543190000001,0.4394771595,0.21973857975,0.0033900376666666002
0.1,7.0,0.9,0.5,204,0.280724169,0.046785573,2.5265175210000006,1.2632587605000003,0.6316293802500001,0.015595191
0.1,7.0,0.9,1.0,205,0.434741728,0.092079489,3.912675552,1.956337776,0.978168888,0.030693163
0.1,7.0,0.9,4.0,206,0.762272338,0.3656041319999999,6.860451042000001,3.430225521000001,1.7151127605000005,0.12186804399999997
0.1,7.0,0.9,6.0,207,0.805515911,0.5565565369999999,7.249643198999999,3.6248215995,1.81241079975,0.18551884566666663
0.1,7.0,0.9,8.0,208,0.820629388,0.76671971,7.385664492000001,3.692832246000001,1.846416123,0.2555732366666667
0.1,7.0,0.9,10.0,209,0.825278706,0.994718772,7.427508354,3.713754177,1.8568770885,0.331572924
0.3,0.07,0.1,0.1,210,0.584599797,25.04320843,1.7537993909999998,0.8768996954999999,0.4384498477499999,8.347736143333334
0.3,0.07,0.1,0.5,211,0.61680234,57.1024089,1.85040702,0.92520351,0.462601755,19.0341363
0.3,0.07,0.1,1.0,212,0.616370149,57.57756028999999,1.849110447,0.9245552235,0.46227761175,19.192520096666662
0.3,0.07,0.1,4.0,213,0.617443571,58.03995585999999,1.8523307130000004,0.9261653565000002,0.4630826782500001,19.346651953333332
0.3,0.07,0.1,6.0,214,0.618336476,58.22545611999999,1.855009428,0.927504714,0.463752357,19.40848537333333
0.3,0.07,0.1,8.0,215,0.619267638,58.407359189999994,1.857802914,0.928901457,0.4644507285,19.46911973
0.3,0.07,0.1,10.0,216,0.620198403,58.58352294,1.860595209,0.9302976045,0.46514880225,19.52784098
0.3,0.07,0.3,0.1,217,0.183460739,19.0277581,1.651146651,0.8255733255,0.41278666275,6.342586033333333
0.3,0.07,0.3,0.5,218,0.338543568,64.49952177,3.046892112,1.523446056,0.761723028,21.49984059
0.3,0.07,0.3,1.0,219,0.34099956,66.08495551,3.068996039999999,1.5344980199999996,0.7672490099999998,22.028318503333335
0.3,0.07,0.3,4.0,220,0.342522805,66.88047015,3.0827052449999996,1.5413526224999998,0.7706763112499999,22.29349005
0.3,0.07,0.3,6.0,221,0.343111267,67.13177019,3.088001403,1.5440007015,0.77200035075,22.37725673
0.3,0.07,0.3,8.0,222,0.343558898,67.35612808,3.0920300819999995,1.5460150409999998,0.7730075204999999,22.452042693333336
0.3,0.07,0.3,10.0,223,0.344041745,67.57678162,3.096375705,1.5481878525,0.77409392625,22.525593873333335
0.3,0.07,0.5,0.1,224,0.085687881,13.58900585,1.2853182149999998,0.6426591074999999,0.3213295537499999,4.529668616666666
0.3,0.07,0.5,0.5,225,0.208818473,61.70002745,3.132277095,1.5661385475,0.78306927375,20.566675816666667
0.3,0.07,0.5,1.0,226,0.214442798,66.30368851999998,3.2166419699999995,1.6083209849999998,0.8041604924999999,22.10122950666666
0.3,0.07,0.5,4.0,227,0.215626763,67.2572458,3.234401445,1.6172007225,0.80860036125,22.419081933333334
0.3,0.07,0.5,6.0,228,0.215998596,67.51205187,3.23997894,1.61998947,0.809994735,22.504017289999997
0.3,0.07,0.5,8.0,229,0.216309476,67.74412858,3.2446421400000003,1.62232107,0.8111605350000001,22.58137619333333
0.3,0.07,0.5,10.0,230,0.216507332,67.9639765,3.24760998,1.62380499,0.811902495,22.654658833333333
0.3,0.07,0.7,0.1,231,0.03958765,8.141554809,0.83134065,0.415670325,0.2078351625,2.713851603
0.3,0.07,0.7,0.5,232,0.12800018,42.1867764,2.6880037799999994,1.3440018899999997,0.6720009449999998,14.0622588
0.3,0.07,0.7,1.0,233,0.154674584,65.46092704,3.248166264,1.624083132,0.812041566,21.820309013333333
0.3,0.07,0.7,4.0,234,0.156352357,67.32828194,3.2833994969999996,1.6416997484999998,0.8208498742499999,22.442760646666667
0.3,0.07,0.7,6.0,235,0.156592328,67.58768487,3.2884388879999995,1.6442194439999998,0.8221097219999999,22.529228290000002
0.3,0.07,0.7,8.0,236,0.156824616,67.82254288,3.293316935999999,1.6466584679999996,0.8233292339999998,22.607514293333335
0.3,0.07,0.7,10.0,237,0.157027671,68.04846739000001,3.297581090999999,1.6487905454999996,0.8243952727499998,22.682822463333338
0.3,0.07,0.9,0.1,238,0.010953301,2.707001267,0.295739127,0.1478695635,0.07393478175,0.9023337556666666
0.3,0.07,0.9,0.5,239,0.048472157,13.85321687,1.308748239,0.6543741195,0.32718705975,4.617738956666667
0.3,0.07,0.9,1.0,240,0.080411788,28.33081682000001,2.171118276,1.085559138,0.542779569,9.44360560666667
0.3,0.07,0.9,4.0,241,0.122334414,67.1240028,3.303029178,1.651514589,0.8257572945,22.3746676
0.3,0.07,0.9,6.0,242,0.12258247,67.46374335,3.3097266899999997,1.654863345,0.8274316724999999,22.48791445
0.3,0.07,0.9,8.0,243,0.122765718,67.71315149,3.314674386,1.657337193,0.8286685965,22.57105049666667
0.3,0.07,0.9,10.0,244,0.122995131,67.94677255,3.320868537,1.6604342685,0.83021713425,22.648924183333335
0.3,0.1,0.1,0.1,245,0.671963836,17.52561101,2.015891508,1.007945754,0.503972877,5.841870336666666
0.3,0.1,0.1,0.5,246,0.659602275,49.47164096,1.978806825,0.9894034125,0.49470170625,16.49054698666667
0.3,0.1,0.1,1.0,247,0.658947576,49.81080333,1.976842728,0.988421364,0.494210682,16.60360111
0.3,0.1,0.1,4.0,248,0.660028805,50.13704179,1.9800864150000004,0.9900432075000002,0.4950216037500001,16.71234726333333
0.3,0.1,0.1,6.0,249,0.660993483,50.284758100000005,1.9829804490000005,0.9914902245000002,0.4957451122500001,16.761586033333334
0.3,0.1,0.1,8.0,250,0.661978375,50.4273888,1.985935125,0.9929675625,0.49648378125,16.809129600000002
0.3,0.1,0.1,10.0,251,0.662968448,50.56688197,1.988905344,0.994452672,0.497226336,16.855627323333334
0.3,0.1,0.3,0.1,252,0.20658192,13.2066414,1.85923728,0.92961864,0.46480932,4.4022138
0.3,0.1,0.3,0.5,253,0.472791912,61.43136959,4.255127207999999,2.1275636039999997,1.0637818019999998,20.477123196666668
0.3,0.1,0.3,1.0,254,0.47859046,65.81766783,4.307314139999999,2.1536570699999995,1.0768285349999998,21.93922261
0.3,0.1,0.3,4.0,255,0.480254044,66.71840051999999,4.322286396,2.161143198,1.080571599,22.239466839999995
0.3,0.1,0.3,6.0,256,0.480999389,66.96617276,4.3289945009999995,2.1644972504999997,1.08224862525,22.32205758666667
0.3,0.1,0.3,8.0,257,0.481744579,67.19724123,4.335701211,2.1678506055,1.08392530275,22.39908041
0.3,0.1,0.3,10.0,258,0.482471759,67.41934948,4.342245831,2.1711229155,1.08556145775,22.473116493333332
0.3,0.1,0.5,0.1,259,0.092954319,9.438998551,1.394314785,0.6971573925,0.34857869625,3.146332850333333
0.3,0.1,0.5,0.5,260,0.285075876,48.07267699,4.27613814,2.13806907,1.069034535,16.024225663333333
0.3,0.1,0.5,1.0,261,0.320291197,66.14309804,4.804367955,2.4021839775,1.20109198875,22.047699346666665
0.3,0.1,0.5,4.0,262,0.322652366,67.56783805,4.839785490000001,2.4198927450000003,1.2099463725,22.522612683333335
0.3,0.1,0.5,6.0,263,0.323162171,67.8281912,4.847432565,2.4237162825,1.21185814125,22.60939706666667
0.3,0.1,0.5,8.0,264,0.323676494,68.06792319,4.85514741,2.427573705,1.2137868525,22.68930773
0.3,0.1,0.5,10.0,265,0.324150615,68.29720123,4.862259224999999,2.4311296124999995,1.2155648062499995,22.76573374333333
0.3,0.1,0.7,0.1,266,0.041488945,5.669312080000001,0.8712678449999999,0.4356339224999999,0.2178169612499999,1.8897706933333336
0.3,0.1,0.7,0.5,267,0.159473887,29.11973238,3.348951627,1.6744758135,0.83723790675,9.70657746
0.3,0.1,0.7,1.0,268,0.223052399,57.2000687,4.684100378999999,2.3420501894999997,1.1710250947499998,19.066689566666668
0.3,0.1,0.7,4.0,269,0.237546337,67.66803267,4.988473077,2.4942365385,1.24711826925,22.55601089
0.3,0.1,0.7,6.0,270,0.237963101,67.94379585,4.997225121,2.4986125605,1.24930628025,22.64793195
0.3,0.1,0.7,8.0,271,0.238315778,68.18529434,5.004631338,2.502315669,1.2511578345,22.728431446666665
0.3,0.1,0.7,10.0,272,0.238806776,68.42683918999998,5.014942295999999,2.5074711479999996,1.2537355739999998,22.80894639666666
0.3,0.1,0.9,0.1,273,0.01117545,1.891748629,0.30173715,0.150868575,0.0754342875,0.6305828763333333
0.3,0.1,0.9,0.5,274,0.052304207,9.560155852,1.4122135889999998,0.7061067944999999,0.3530533972499999,3.1867186173333333
0.3,0.1,0.9,1.0,275,0.094177729,19.37466467,2.5427986830000004,1.2713993415000002,0.6356996707500001,6.458221556666667
0.3,0.1,0.9,4.0,276,0.186604109,66.96792069,5.038310943,2.5191554715,1.25957773575,22.32264023
0.3,0.1,0.9,6.0,277,0.187405413,67.71822809,5.059946151,2.5299730755,1.26498653775,22.572742696666666
0.3,0.1,0.9,8.0,278,0.187695995,68.00042736,5.067791865000001,2.533895932500001,1.2669479662500005,22.66680912
0.3,0.1,0.9,10.0,279,0.187972251,68.24360778,5.075250777,2.5376253885,1.26881269425,22.74786926
0.3,1.0,0.1,0.1,280,0.811488643,1.7643324320000002,2.4344659290000004,1.2172329645000002,0.6086164822500001,0.5881108106666667
0.3,1.0,0.1,0.5,281,0.816285289,8.051496401,2.448855867,1.2244279335,0.61221396675,2.6838321336666664
0.3,1.0,0.1,1.0,282,0.816266313,8.053810444,2.448798939,1.2243994695,0.61219973475,2.6846034813333333
0.3,1.0,0.1,4.0,283,0.816489714,8.05832342,2.4494691420000003,1.2247345710000002,0.6123672855000001,2.686107806666667
0.3,1.0,0.1,6.0,284,0.81675682,8.062654445,2.4502704600000005,1.2251352300000002,0.6125676150000001,2.6875514816666666
0.3,1.0,0.1,8.0,285,0.817022884,8.06712266,2.451068652,1.225534326,0.612767163,2.689040886666667
0.3,1.0,0.1,10.0,286,0.81728706,8.071578554,2.45186118,1.22593059,0.612965295,2.6905261846666666
0.3,1.0,0.3,0.1,287,0.275265853,1.32266536,2.477392677,1.2386963385,0.61934816925,0.4408884533333333
0.3,1.0,0.3,0.5,288,0.811931331,7.273098225,7.307381979,3.6536909895,1.82684549475,2.424366075
0.3,1.0,0.3,1.0,289,0.785525261,16.13313314,7.069727348999999,3.5348636744999995,1.7674318372499995,5.3777110466666675
0.3,1.0,0.3,4.0,290,0.763408822,21.84377613,6.870679398,3.435339699,1.7176698495,7.2812587099999995
0.3,1.0,0.3,6.0,291,0.764072476,21.87322069,6.876652283999999,3.4383261419999993,1.7191630709999997,7.291073563333334
0.3,1.0,0.3,8.0,292,0.764856557,21.90698792,6.883709013,3.4418545065,1.72092725325,7.302329306666667
0.3,1.0,0.3,10.0,293,0.765677924,21.94099403,6.891101315999999,3.4455506579999997,1.722775329,7.313664676666666
0.3,1.0,0.5,0.1,294,0.121447461,0.9456100429999996,1.821711915,0.9108559575,0.45542797875,0.3152033476666665
0.3,1.0,0.5,0.5,295,0.542432387,4.728445323,8.136485805,4.0682429025,2.03412145125,1.576148441
0.3,1.0,0.5,1.0,296,0.795117004,10.0635814,11.92675506,5.96337753,2.981688765,3.3545271333333333
0.3,1.0,0.5,4.0,297,0.722994825,32.56448619999999,10.844922375,5.4224611875,2.71123059375,10.85482873333333
0.3,1.0,0.5,6.0,298,0.723626394,32.62915707,10.85439591,5.427197955,2.7135989775,10.87638569
0.3,1.0,0.5,8.0,299,0.724461142,32.69159751,10.86691713,5.433458565,2.7167292825,10.89719917
0.3,1.0,0.5,10.0,300,0.725346261,32.756811459999994,10.880193915,5.4400969575,2.72004847875,10.918937153333331
0.3,1.0,0.7,0.1,301,0.054018468,0.5685217609999997,1.134387828,0.567193914,0.283596957,0.18950725366666657
0.3,1.0,0.7,0.5,302,0.244359216,2.835222165999999,5.131543536,2.565771768,1.282885884,0.945074055333333
0.3,1.0,0.7,1.0,303,0.465643538,5.667675396999999,9.778514298,4.889257149,2.4446285745,1.8892251323333331
0.3,1.0,0.7,4.0,304,0.741207194,26.8114645,15.565351073999995,7.782675536999998,3.891337768499999,8.937154833333333
0.3,1.0,0.7,6.0,305,0.696998191,40.72469407,14.636962010999998,7.318481005499999,3.659240502749999,13.574898023333333
0.3,1.0,0.7,8.0,306,0.69598408,41.05840769,14.615665679999998,7.307832839999999,3.6539164199999994,13.686135896666668
0.3,1.0,0.7,10.0,307,0.696842721,41.16308358,14.633697141,7.3168485705,3.65842428525,13.72102786
0.3,1.0,0.9,0.1,308,0.015355736,0.1910657429999999,0.414604872,0.207302436,0.103651218,0.06368858099999997
0.3,1.0,0.9,0.5,309,0.067727007,0.946674761,1.828629189,0.9143145945,0.45715729725,0.3155582536666667
0.3,1.0,0.9,1.0,310,0.129997388,1.891582187,3.5099294759999995,1.7549647379999995,0.8774823689999999,0.6305273956666667
0.3,1.0,0.9,4.0,311,0.477844077,7.554071330000001,12.901790079,6.4508950395,3.22544751975,2.518023776666667
0.3,1.0,0.9,6.0,312,0.668719069,11.39203048,18.055414863,9.0277074315,4.51385371575,3.7973434933333334
0.3,1.0,0.9,8.0,313,0.752935352,15.7439054,20.329254504,10.164627252,5.082313626,5.247968466666666
0.3,1.0,0.9,10.0,314,0.750821633,20.70782706,20.272184091000003,10.136092045500002,5.068046022750001,6.90260902
0.3,3.0,0.1,0.1,315,0.818182181,0.5975400399999999,2.454546543,1.2272732715,0.61363663575,0.19918001333333332
0.3,3.0,0.1,0.5,316,0.82810692,2.725795476,2.48432076,1.24216038,0.62108019,0.908598492
0.3,3.0,0.1,1.0,317,0.828113783,2.725995267,2.4843413490000006,1.2421706745000003,0.6210853372500001,0.908665089
0.3,3.0,0.1,4.0,318,0.828176633,2.7268638609999996,2.4845298990000004,1.2422649495000002,0.6211324747500001,0.9089546203333332
0.3,3.0,0.1,6.0,319,0.828217011,2.727429117,2.484651033,1.2423255165,0.62116275825,0.9091430389999999
0.3,3.0,0.1,8.0,320,0.828256095,2.727982404,2.484768285,1.2423841425,0.62119207125,0.909327468
0.3,3.0,0.1,10.0,321,0.828294039,2.728525848,2.484882117,1.2424410585,0.62122052925,0.909508616
0.3,3.0,0.3,0.1,322,0.405939951,0.4431066079999998,3.653459559,1.8267297795,0.91336488975,0.1477022026666666
0.3,3.0,0.3,0.5,323,0.823825119,2.434297595,7.414426070999999,3.7072130355,1.85360651775,0.8114325316666666
0.3,3.0,0.3,1.0,324,0.822694293,5.372227713,7.404248636999999,3.7021243185,1.85106215925,1.790742571
0.3,3.0,0.3,4.0,325,0.816603251,8.057045733,7.349429259,3.6747146295,1.83735731475,2.685681911
0.3,3.0,0.3,6.0,326,0.816846937,8.061051593,7.351622432999999,3.6758112165,1.83790560825,2.6870171976666666
0.3,3.0,0.3,8.0,327,0.817096368,8.065265245,7.353867311999999,3.676933656,1.838466828,2.6884217483333335
0.3,3.0,0.3,10.0,328,0.817354833,8.069617713,7.356193497,3.6780967485,1.83904837425,2.689872571
0.3,3.0,0.5,0.1,329,0.19188926,0.317023371,2.8783389,1.43916945,0.719584725,0.105674457
0.3,3.0,0.5,0.5,330,0.662712285,1.5817229199999998,9.940684275,4.9703421375,2.48517106875,0.5272409733333333
0.3,3.0,0.5,1.0,331,0.818326387,3.369220089,12.274895805,6.1374479025,3.06872395125,1.123073363
0.3,3.0,0.5,4.0,332,0.799128338,13.03672796,11.98692507,5.993462535,2.9967312675,4.345575986666667
0.3,3.0,0.5,6.0,333,0.799551481,13.04930094,11.993272215,5.9966361075,2.99831805375,4.34976698
0.3,3.0,0.5,8.0,334,0.800025076,13.06121117,12.000376139999998,6.000188069999999,3.0000940349999996,4.353737056666667
0.3,3.0,0.5,10.0,335,0.800516194,13.07340563,12.00774291,6.003871455,3.0019357275,4.357801876666667
0.3,3.0,0.7,0.1,336,0.091094602,0.1910798539999998,1.9129866419999997,0.9564933209999998,0.4782466604999999,0.0636932846666666
0.3,3.0,0.7,0.5,337,0.342050859,0.947117369,7.183068038999998,3.591534019499999,1.7957670097499996,0.3157057896666667
0.3,3.0,0.7,1.0,338,0.586835218,1.8952840920000005,12.323539578,6.161769789,3.0808848945,0.6317613640000002
0.3,3.0,0.7,4.0,339,0.811668381,8.905266907000001,17.045036001,8.5225180005,4.26125900025,2.968422302333334
0.3,3.0,0.7,6.0,340,0.794491785,13.98292369,16.684327484999997,8.342163742499999,4.171081871249999,4.660974563333333
0.3,3.0,0.7,8.0,341,0.780966301,17.62094345,16.400292321,8.2001461605,4.10007308025,5.873647816666666
0.3,3.0,0.7,10.0,342,0.781516579,17.64718954,16.411848159,8.2059240795,4.10296203975,5.882396513333333
0.3,3.0,0.9,0.1,343,0.029636597,0.0648803169999999,0.8001881190000001,0.4000940595,0.20004702975,0.021626772333333297
0.3,3.0,0.9,0.5,344,0.107941399,0.3171063499999997,2.914417773,1.4572088865,0.72860444325,0.10570211666666657
0.3,3.0,0.9,1.0,345,0.192059811,0.632040621,5.185614897,2.5928074485,1.29640372425,0.210680207
0.3,3.0,0.9,4.0,346,0.591631075,2.527030608,15.974039025,7.9870195125,3.99350975625,0.842343536
0.3,3.0,0.9,6.0,347,0.750105402,3.817538628999999,20.252845853999997,10.126422926999998,5.063211463499999,1.272512876333333
0.3,3.0,0.9,8.0,348,0.806296053,5.261819283,21.769993431,10.8849967155,5.44249835775,1.753939761
0.3,3.0,0.9,10.0,349,0.812895799,6.892693535,21.948186573,10.9740932865,5.48704664325,2.2975645116666668
0.3,5.0,0.1,0.1,350,0.820896112,0.3632860069999998,2.4626883360000003,1.231344168,0.6156720840000001,0.1210953356666666
0.3,5.0,0.1,0.5,351,0.829239685,1.636524273,2.487719055,1.2438595275,0.62192976375,0.545508091
0.3,5.0,0.1,1.0,352,0.829243287,1.636599014,2.487729861,1.2438649305,0.62193246525,0.5455330046666667
0.3,5.0,0.1,4.0,353,0.829267981,1.637041462,2.4878039430000003,1.2439019715,0.6219509857500001,0.5456804873333333
0.3,5.0,0.1,6.0,354,0.829283722,1.637329475,2.487851166,1.243925583,0.6219627915,0.5457764916666666
0.3,5.0,0.1,8.0,355,0.829299026,1.6375990700000005,2.487897078,1.243948539,0.6219742695,0.5458663566666668
0.3,5.0,0.1,10.0,356,0.829313988,1.637874661,2.487941964,1.243970982,0.621985491,0.5459582203333333
0.3,5.0,0.3,0.1,357,0.536622235,0.2670348009999999,4.829600115,2.4148000575,1.20740002875,0.08901160033333329
0.3,5.0,0.3,0.5,358,0.82523467,1.467133088,7.427112029999999,3.713556014999999,1.8567780075,0.4890443626666667
0.3,5.0,0.3,1.0,359,0.826830321,3.2236497880000003,7.441472888999999,3.720736444499999,1.86036822225,1.0745499293333334
0.3,5.0,0.3,4.0,360,0.824607408,4.888435249,7.421466671999999,3.710733336,1.855366668,1.6294784163333331
0.3,5.0,0.3,6.0,361,0.824725979,4.890007423000001,7.422533811,3.7112669055,1.85563345275,1.6300024743333337
0.3,5.0,0.3,8.0,362,0.824844058,4.891630545,7.423596522,3.711798261,1.8558991305,1.630543515
0.3,5.0,0.3,10.0,363,0.824961076,4.893193764,7.424649683999999,3.712324842,1.856162421,1.631064588
0.3,5.0,0.5,0.1,364,0.276479695,0.19114296,4.1471954250000005,2.0735977125,1.03679885625,0.06371432
0.3,5.0,0.5,0.5,365,0.733472787,0.953016757,11.002091805,5.5010459025,2.75052295125,0.31767225233333335
0.3,5.0,0.5,1.0,366,0.821447568,2.033378453,12.32171352,6.16085676,3.08042838,0.6777928176666667
0.3,5.0,0.5,4.0,367,0.816426653,8.05064996,12.246399795,6.1231998975,3.06159994875,2.6835499866666663
0.3,5.0,0.5,6.0,368,0.816691803,8.055583963000002,12.250377045,6.1251885225,3.06259426125,2.685194654333334
0.3,5.0,0.5,8.0,369,0.816969244,8.060299721,12.25453866,6.12726933,3.063634665,2.6867665736666666
0.3,5.0,0.5,10.0,370,0.817246724,8.064914991,12.25870086,6.12935043,3.064675215,2.688304997
0.3,5.0,0.7,0.1,371,0.137419967,0.1154467039999998,2.885819307,1.4429096535,0.72145482675,0.0384822346666666
0.3,5.0,0.7,0.5,372,0.449787475,0.5694652269999999,9.445536975,4.7227684875,2.36138424375,0.1898217423333333
0.3,5.0,0.7,1.0,373,0.678740989,1.1402020879999997,14.253560768999998,7.126780384499999,3.5633901922499995,0.3800673626666666
0.3,5.0,0.7,4.0,374,0.821844881,5.342575065,17.258742501,8.6293712505,4.31468562525,1.7808583550000001
0.3,5.0,0.7,6.0,375,0.814682769,8.377556337,17.108338148999998,8.554169074499999,4.2770845372499995,2.792518779
0.3,5.0,0.7,8.0,376,0.806367718,11.08283189,16.933722077999995,8.466861038999998,4.233430519499999,3.6942772966666664
0.3,5.0,0.7,10.0,377,0.806768952,11.09591481,16.942147992,8.471073996,4.235536998,3.69863827
0.3,5.0,0.9,0.1,378,0.047919214,0.0394990899999999,1.293818778,0.646909389,0.3234546945,0.0131663633333333
0.3,5.0,0.9,0.5,379,0.157898982,0.1911433809999999,4.2632725140000005,2.1316362570000003,1.0658181285,0.06371446033333329
0.3,5.0,0.9,1.0,380,0.266899409,0.3802017919999998,7.206284043,3.6031420215,1.80157101075,0.1267339306666666
0.3,5.0,0.9,4.0,381,0.679093896,1.519868873,18.335535192,9.167767596,4.583883798,0.5066229576666667
0.3,5.0,0.9,6.0,382,0.781584854,2.304062588,21.102791058,10.551395529,5.2756977645,0.7680208626666666
0.3,5.0,0.9,8.0,383,0.814224164,3.177521968,21.984052428,10.992026214,5.496013107,1.0591739893333334
0.3,5.0,0.9,10.0,384,0.820321102,4.147117451000001,22.148669753999997,11.074334876999998,5.537167438499999,1.3823724836666669
0.3,7.0,0.1,0.1,385,0.822522906,0.2624870779999998,2.467568718,1.233784359,0.6168921795,0.08749569266666661
0.3,7.0,0.1,0.5,386,0.829566887,1.169159483,2.488700661,1.2443503305,0.62217516525,0.3897198276666667
0.3,7.0,0.1,1.0,387,0.829568944,1.1692092439999997,2.488706832,1.244353416,0.622176708,0.3897364146666666
0.3,7.0,0.1,4.0,388,0.829582041,1.1694986829999998,2.4887461230000003,1.2443730615000002,0.6221865307500001,0.3898328943333333
0.3,7.0,0.1,6.0,389,0.829590404,1.169681761,2.488771212,1.244385606,0.622192803,0.38989392033333337
0.3,7.0,0.1,8.0,390,0.829598555,1.169867552,2.4887956650000005,1.2443978325000002,0.6221989162500001,0.38995585066666666
0.3,7.0,0.1,10.0,391,0.829606528,1.170057888,2.4888195840000003,1.244409792,0.6222048960000001,0.390019296
0.3,7.0,0.3,0.1,392,0.634870856,0.1916059389999999,5.713837704,2.856918852,1.428459426,0.06386864633333329
0.3,7.0,0.3,0.5,393,0.825842772,1.0527246019999998,7.432584948,3.716292474,1.858146237,0.3509082006666666
0.3,7.0,0.3,1.0,394,0.82805833,2.303506986,7.452524969999999,3.726262484999999,1.8631312424999995,0.767835662
0.3,7.0,0.3,4.0,395,0.827088044,3.5011924619999997,7.443792396,3.721896198,1.860948099,1.167064154
0.3,7.0,0.3,6.0,396,0.827155111,3.5020802840000007,7.444395999,3.7221979995,1.86109899975,1.167360094666667
0.3,7.0,0.3,8.0,397,0.827222119,3.502972589,7.444999070999998,3.722499535499999,1.8612497677499995,1.1676575296666667
0.3,7.0,0.3,10.0,398,0.827287978,3.503858091,7.445591802,3.722795901,1.8613979505,1.167952697
0.3,7.0,0.5,0.1,399,0.365259182,0.1371454339999998,5.47888773,2.739443865,1.3697219325,0.045715144666666596
0.3,7.0,0.5,0.5,400,0.767608401,0.6840815589999999,11.514126015,5.7570630075,2.87853150375,0.2280271863333333
0.3,7.0,0.5,1.0,401,0.822846137,1.460732675,12.342692055,6.1713460275,3.08567301375,0.4869108916666667
0.3,7.0,0.5,4.0,402,0.822480017,5.800699867999999,12.337200255,6.1686001275,3.08430006375,1.9335666226666663
0.3,7.0,0.5,6.0,403,0.822642776,5.803217586999999,12.33964164,6.16982082,3.08491041,1.934405862333333
0.3,7.0,0.5,8.0,404,0.822809917,5.805546160999999,12.342148754999998,6.171074377499999,3.0855371887499996,1.9351820536666662
0.3,7.0,0.5,10.0,405,0.822976124,5.807906372,12.34464186,6.17232093,3.086160465,1.9359687906666665
0.3,7.0,0.7,0.1,406,0.189220609,0.0829734289999998,3.973632789,1.9868163945,0.99340819725,0.0276578096666666
0.3,7.0,0.7,0.5,407,0.547641903,0.407703456,11.500479962999998,5.750239981499999,2.8751199907499996,0.135901152
0.3,7.0,0.7,1.0,408,0.731741717,0.8171668669999999,15.366576057,7.6832880285,3.84164401425,0.2723889556666666
0.3,7.0,0.7,4.0,409,0.825006951,3.818562357,17.325145970999998,8.662572985499999,4.331286492749999,1.272854119
0.3,7.0,0.7,6.0,410,0.821450565,5.981150503,17.250461865,8.6252309325,4.31261546625,1.9937168343333334
0.3,7.0,0.7,8.0,411,0.816405075,8.04440921,17.144506574999998,8.572253287499999,4.286126643749999,2.6814697366666667
0.3,7.0,0.7,10.0,412,0.816670845,8.052601836,17.150087744999997,8.575043872499998,4.287521936249999,2.6842006119999997
0.3,7.0,0.9,0.1,413,0.068952567,0.0285680879999997,1.861719309,0.9308596545,0.46542982725,0.0095226959999999
0.3,7.0,0.9,0.5,414,0.213395069,0.1371151989999999,5.761666862999999,2.8808334314999997,1.44041671575,0.0457050663333333
0.3,7.0,0.9,1.0,415,0.346442037,0.272271474,9.353934999,4.6769674995,2.33848374975,0.090757158
0.3,7.0,0.9,4.0,416,0.730806156,1.0889367919999997,19.731766212,9.865883106,4.932941553,0.3629789306666666
0.3,7.0,0.9,6.0,417,0.694802734,1.670455789,18.759673818000003,9.379836909000002,4.689918454500001,0.5568185963333333
0.3,7.0,0.9,8.0,418,0.817646843,2.283907621,22.076464761,11.0382323805,5.51911619025,0.7613025403333333
0.3,7.0,0.9,10.0,419,0.822792994,2.972127971,22.215410838,11.107705419,5.5538527095,0.9907093236666666
0.7,0.07,0.1,0.1,420,0.3854752,49.46925336999999,2.6983264,1.3491632,0.6745816,16.48975112333333
0.7,0.07,0.1,0.5,421,0.417168266,65.17294126000002,2.9201778620000005,1.4600889310000005,0.7300444655000001,21.724313753333337
0.7,0.07,0.1,1.0,422,0.418137506,65.77199375,2.926962542,1.463481271,0.7317406355,21.923997916666664
0.7,0.07,0.1,4.0,423,0.419576888,66.42055188,2.937038216,1.468519108,0.734259554,22.14018396
0.7,0.07,0.1,6.0,424,0.420258236,66.66355858,2.9418076520000005,1.4709038260000002,0.7354519130000001,22.221186193333335
0.7,0.07,0.1,8.0,425,0.420875147,66.88580157,2.946126029,1.4730630145,0.73653150725,22.29526719
0.7,0.07,0.1,10.0,426,0.421525675,67.10564063,2.9506797249999996,1.4753398624999998,0.7376699312499999,22.368546876666667
0.7,0.07,0.3,0.1,427,0.126864658,41.39321786,2.664157817999999,1.3320789089999996,0.6660394544999998,13.797739286666667
0.7,0.07,0.3,0.5,428,0.155130582,65.97168023,3.257742222,1.628871111,0.8144355555,21.990560076666668
0.7,0.07,0.3,1.0,429,0.155795124,66.70050232,3.271697604,1.635848802,0.817924401,22.233500773333333
0.7,0.07,0.3,4.0,430,0.15640498,67.39732087000002,3.28450458,1.64225229,0.821126145,22.465773623333337
0.7,0.07,0.3,6.0,431,0.15665591,67.64713609,3.28977411,1.644887055,0.8224435275,22.549045363333335
0.7,0.07,0.3,8.0,432,0.156915565,67.87933736,3.2952268649999996,1.6476134324999998,0.8238067162499999,22.626445786666665
0.7,0.07,0.3,10.0,433,0.15708532,68.10142347,3.2987917199999996,1.6493958599999998,0.8246979299999999,22.70047449
0.7,0.07,0.5,0.1,434,0.065602172,31.01106627999999,2.29607602,1.14803801,0.574019005,10.33702209333333
0.7,0.07,0.5,0.5,435,0.094189212,65.83485773999999,3.29662242,1.64831121,0.824155605,21.944952579999995
0.7,0.07,0.5,1.0,436,0.0946887,66.74574322,3.3141045,1.65705225,0.828526125,22.24858107333333
0.7,0.07,0.5,4.0,437,0.095095033,67.4783566,3.328326155,1.6641630775,0.83208153875,22.492785533333333
0.7,0.07,0.5,6.0,438,0.095218801,67.7285897,3.332658035,1.6663290175,0.83316450875,22.576196566666667
0.7,0.07,0.5,8.0,439,0.095334248,67.95987654000001,3.3366986799999996,1.6683493399999998,0.8341746699999999,22.653292180000005
0.7,0.07,0.5,10.0,440,0.095527705,68.18776467,3.343469675,1.6717348375,0.83586741875,22.729254890000004
0.7,0.07,0.7,0.1,441,0.034007591,18.97918535,1.6663719589999997,0.8331859794999998,0.4165929897499999,6.326395116666667
0.7,0.07,0.7,0.5,442,0.067164133,64.88462942,3.2910425169999993,1.6455212584999996,0.8227606292499998,21.628209806666664
0.7,0.07,0.7,1.0,443,0.067891261,66.6642828,3.3266717889999993,1.6633358944999996,0.8316679472499998,22.2214276
0.7,0.07,0.7,4.0,444,0.068227646,67.49421319,3.3431546539999997,1.6715773269999998,0.8357886634999999,22.49807106333333
0.7,0.07,0.7,6.0,445,0.068383096,67.749078,3.3507717039999996,1.6753858519999998,0.8376929259999999,22.583026
0.7,0.07,0.7,8.0,446,0.068421708,67.98051123,3.3526636919999993,1.6763318459999996,0.8381659229999998,22.660170410000003
0.7,0.07,0.7,10.0,447,0.068515527,68.20735577,3.3572608230000003,1.6786304115,0.8393152057500001,22.73578525666667
0.7,0.07,0.9,0.1,448,0.010509874,6.326878178,0.662122062,0.331061031,0.1655305155,2.1089593926666668
0.7,0.07,0.9,0.5,449,0.037761834,32.85604538,2.3789955419999997,1.189497771,0.5947488854999999,10.952015126666666
0.7,0.07,0.9,1.0,450,0.051393125,61.95791428000001,3.2377668749999997,1.6188834375,0.8094417187499999,20.652638093333337
0.7,0.07,0.9,4.0,451,0.053181287,67.43024417999999,3.350421081,1.6752105405,0.83760527025,22.476748059999995
0.7,0.07,0.9,6.0,452,0.053282391,67.69713292,3.3567906329999992,1.6783953164999996,0.8391976582499998,22.565710973333335
0.7,0.07,0.9,8.0,453,0.0,0.0,0.0,0.0,0.0,0.0
0.7,0.07,0.9,10.0,454,0.053403456,68.16184145,3.364417728,1.682208864,0.841104432,22.720613816666667
0.7,0.1,0.1,0.1,455,0.502738455,38.39209637,3.519169185,1.7595845925,0.87979229625,12.797365456666666
0.7,0.1,0.1,0.5,456,0.547272017,64.11903658,3.830904119,1.9154520595,0.95772602975,21.373012193333334
0.7,0.1,0.1,1.0,457,0.547642042,64.74875433,3.833494294,1.916747147,0.9583735735,21.582918109999998
0.7,0.1,0.1,4.0,458,0.548932257,65.37133954999999,3.842525799,1.9212628995,0.96063144975,21.790446516666663
0.7,0.1,0.1,6.0,459,0.0,0.0,0.0,0.0,0.0,0.0
0.7,0.1,0.1,8.0,460,0.550572642,65.8210683,3.854008494,1.927004247,0.9635021235,21.9403561
0.7,0.1,0.1,10.0,461,0.551362771,66.02502012,3.8595393969999994,1.9297696984999997,0.9648848492499998,22.008340039999997
0.7,0.1,0.3,0.1,462,0.162317711,29.994380060000005,3.408671931,1.7043359655,0.85216798275,9.998126686666668
0.7,0.1,0.3,0.5,463,0.235531643,66.0732066,4.946164502999999,2.4730822514999997,1.23654112575,22.0244022
0.7,0.1,0.3,1.0,464,0.236770337,67.03547041,4.972177077,2.4860885385,1.24304426925,22.345156803333335
0.7,0.1,0.3,4.0,465,0.237747807,67.78464465,4.992703946999999,2.4963519734999995,1.2481759867499995,22.59488155
0.7,0.1,0.3,6.0,466,0.23815686,68.04255403000002,5.001294059999999,2.5006470299999997,1.2503235149999998,22.68085134333334
0.7,0.1,0.3,8.0,467,0.238419018,68.27294894,5.006799378,2.503399689,1.2516998445,22.757649646666668
0.7,0.1,0.3,10.0,468,0.238887307,68.51018684,5.016633446999999,2.5083167234999997,1.2541583617499998,22.836728946666668
0.7,0.1,0.5,0.1,469,0.079290996,21.78000824,2.77518486,1.38759243,0.693796215,7.260002746666667
0.7,0.1,0.5,0.5,470,0.144140001,65.60122935,5.0449000349999995,2.5224500175,1.26122500875,21.86707645
0.7,0.1,0.5,1.0,471,0.145329408,67.06069819,5.08652928,2.54326464,1.27163232,22.353566063333332
0.7,0.1,0.5,4.0,472,0.145968142,67.87625137,5.108884969999999,2.5544424849999996,1.2772212424999998,22.625417123333335
0.7,0.1,0.5,6.0,473,0.146295762,68.13947936,5.120351669999999,2.5601758349999995,1.2800879174999995,22.713159786666665
0.7,0.1,0.5,8.0,474,0.146512265,68.37743705,5.127929275,2.5639646375,1.28198231875,22.792479016666665
0.7,0.1,0.5,10.0,475,0.146648836,68.60471309,5.1327092599999995,2.5663546299999997,1.283177315,22.868237696666668
0.7,0.1,0.7,0.1,476,0.038190098,13.18260384,1.8713148019999997,0.9356574009999998,0.4678287004999999,4.39420128
0.7,0.1,0.7,0.5,477,0.100416994,60.56570014000001,4.920432705999999,2.4602163529999994,1.2301081764999997,20.188566713333337
0.7,0.1,0.7,1.0,478,0.104552862,66.84680087,5.123090237999999,2.5615451189999994,1.2807725594999997,22.282266956666664
0.7,0.1,0.7,4.0,479,0.105110661,67.88600590000001,5.150422388999998,2.575211194499999,1.2876055972499996,22.628668633333337
0.7,0.1,0.7,6.0,480,0.105298551,68.14883781,5.159628999,2.5798144995,1.28990724975,22.71627927
0.7,0.1,0.7,8.0,481,0.105462742,68.3887898,5.167674357999999,2.5838371789999997,1.2919185894999998,22.796263266666667
0.7,0.1,0.7,10.0,482,0.105588087,68.61989152,5.173816262999999,2.5869081314999995,1.2934540657499998,22.87329717333333
0.7,0.1,0.9,0.1,483,0.010905493,4.410596494,0.6870460589999999,0.3435230294999999,0.1717615147499999,1.4701988313333334
0.7,0.1,0.9,0.5,484,0.045252538,22.54696675,2.850909894,1.425454947,0.7127274735,7.515655583333333
0.7,0.1,0.9,1.0,485,0.068699214,45.240857340000005,4.328050481999999,2.1640252409999996,1.0820126204999998,15.080285780000002
0.7,0.1,0.9,4.0,486,0.082078493,67.76873342,5.170945059,2.5854725295,1.29273626475,22.589577806666668
0.7,0.1,0.9,6.0,487,0.082201263,68.05722279,5.178679569,2.5893397845,1.29466989225,22.685740929999998
0.7,0.1,0.9,8.0,488,0.082354196,68.30479868,5.188314348,2.594157174,1.297078587,22.768266226666668
0.7,0.1,0.9,10.0,489,0.082426693,68.53757567,5.192881659,2.5964408295,1.29822041475,22.845858556666666
0.7,1.0,0.1,0.1,490,0.805182582,4.096520646,5.636278074000001,2.8181390370000003,1.4090695185000002,1.365506882
0.7,1.0,0.1,0.5,491,0.780431376,17.59266482,5.463019632000001,2.7315098160000004,1.3657549080000002,5.864221606666667
0.7,1.0,0.1,1.0,492,0.779904579,17.60412693,5.459332053000001,2.7296660265000003,1.3648330132500002,5.86804231
0.7,1.0,0.1,4.0,493,0.780461265,17.62917692,5.4632288550000006,2.7316144275000003,1.36580721375,5.876392306666666
0.7,1.0,0.1,6.0,494,0.781178646,17.65296633,5.468250522,2.734125261,1.3670626305,5.88432211
0.7,1.0,0.1,8.0,495,0.781897989,17.67648046,5.473285923,2.7366429615,1.36832148075,5.892160153333333
0.7,1.0,0.1,10.0,496,0.782614574,17.6999006,5.478302018,2.739151009,1.3695755045,5.8999668666666665
0.7,1.0,0.3,0.1,497,0.26374976,3.0746167379999996,5.538744959999999,2.7693724799999995,1.3846862399999995,1.024872246
0.7,1.0,0.3,0.5,498,0.773386506,16.95212808,16.241116626,8.120558313,4.0602791565,5.6507093600000005
0.7,1.0,0.3,1.0,499,0.707739039,37.16224417,14.862519819,7.4312599095,3.71562995475,12.387414723333334
0.7,1.0,0.3,4.0,500,0.69560698,41.03354384000001,14.607746579999995,7.303873289999998,3.651936644999999,13.677847946666668
0.7,1.0,0.3,6.0,501,0.696402175,41.12480249,14.624445675,7.3122228375,3.65611141875,13.708267496666666
0.7,1.0,0.3,8.0,502,0.0,0.0,0.0,0.0,0.0,0.0
0.7,1.0,0.3,10.0,503,0.697528206,41.24664937,14.648092326,7.324046163,3.6620230815,13.748883123333334
0.7,1.0,0.5,0.1,504,0.115822602,2.199327204,4.05379107,2.026895535,1.0134477675,0.733109068
0.7,1.0,0.5,0.5,505,0.520668535,10.96576656,18.223398725,9.1116993625,4.55584968125,3.6552555200000003
0.7,1.0,0.5,1.0,506,0.731950457,23.44804814,25.618265995,12.8091329975,6.40456649875,7.816016046666667
0.7,1.0,0.5,4.0,507,0.658107943,54.29931849,23.033778005,11.5168890025,5.75844450125,18.09977283
0.7,1.0,0.5,6.0,508,0.653694697,53.7012131,22.879314395,11.4396571975,5.71982859875,17.900404366666667
0.7,1.0,0.5,8.0,509,0.659726849,54.63537225,23.090439715,11.5452198575,5.77260992875,18.211790750000002
0.7,1.0,0.5,10.0,510,0.659921587,54.67966159999999,23.097255545,11.5486277725,5.77431388625,18.226553866666663
0.7,1.0,0.7,0.1,511,0.051183916,1.322122484,2.508011884,1.254005942,0.627002971,0.4407074946666667
0.7,1.0,0.7,0.5,512,0.235323811,6.595825305,11.530866739,5.7654333695,2.88271668475,2.198608435
0.7,1.0,0.7,1.0,513,0.447028316,13.14919434,21.904387483999997,10.952193742,5.476096870999999,4.38306478
0.7,1.0,0.7,4.0,514,0.634553249,59.10613126999999,31.09310920099999,15.546554600499997,7.773277300249997,19.702043756666665
0.7,1.0,0.7,6.0,515,0.637639221,61.59841806,31.244321829,15.6221609145,7.81108045725,20.53280602
0.7,1.0,0.7,8.0,516,0.638420629,61.84608953,31.28261082099999,15.641305410499996,7.820652705249998,20.615363176666666
0.7,1.0,0.7,10.0,517,0.638993177,61.99755164,31.310665673,15.6553328365,7.82766641825,20.665850546666665
0.7,1.0,0.9,0.1,518,0.014293199,0.4427500699999998,0.9004715369999999,0.4502357684999999,0.2251178842499999,0.14758335666666658
0.7,1.0,0.9,0.5,519,0.064654641,2.205389954,4.073242382999999,2.0366211914999997,1.0183105957499998,0.7351299846666667
0.7,1.0,0.9,1.0,520,0.124967981,4.407376696,7.872982803,3.9364914015,1.96824570075,1.4691255653333333
0.7,1.0,0.9,4.0,521,0.453456181,17.47537614,28.567739402999997,14.2838697015,7.141934850749999,5.82512538
0.7,1.0,0.9,6.0,522,0.598256415,26.21033957,37.690154145,18.8450770725,9.42253853625,8.736779856666667
0.7,1.0,0.9,8.0,523,0.650913855,36.08815787,41.007572865,20.5037864325,10.25189321625,12.029385956666667
0.7,1.0,0.9,10.0,524,0.64850304,47.13135378,40.85569152,20.42784576,10.21392288,15.71045126
0.7,3.0,0.1,0.1,525,0.816368437,1.385504528,5.714579058999999,2.8572895294999996,1.4286447647499998,0.4618348426666667
0.7,3.0,0.1,0.5,526,0.821173137,6.306421427,5.748211959000001,2.8741059795000004,1.4370529897500002,2.102140475666667
0.7,3.0,0.1,1.0,527,0.821177882,6.307760682,5.748245173999999,2.8741225869999996,1.4370612934999998,2.102586894
0.7,3.0,0.1,4.0,528,0.821377849,6.311007481,5.749644943000001,2.8748224715000004,1.4374112357500002,2.1036691603333333
0.7,3.0,0.1,6.0,529,0.82155818,6.313615298,5.75090726,2.87545363,1.437726815,2.1045384326666667
0.7,3.0,0.1,8.0,530,0.82173605,6.316220535,5.75215235,2.876076175,1.4380380875,2.105406845
0.7,3.0,0.1,10.0,531,0.821912944,6.318758107,5.753390607999999,2.8766953039999996,1.4383476519999998,2.1062527023333333
0.7,3.0,0.3,0.1,532,0.366255532,1.029823246,7.691366172,3.845683086,1.922841543,0.34327441533333336
0.7,3.0,0.3,0.5,533,0.817332228,5.672447074000001,17.163976788,8.581988394,4.290994197,1.8908156913333336
0.7,3.0,0.3,1.0,534,0.799773778,12.54776293,16.795249337999998,8.397624668999999,4.1988123344999995,4.182587643333333
0.7,3.0,0.3,4.0,535,0.780778872,17.6242218,16.396356311999995,8.198178155999997,4.099089077999999,5.8747406
0.7,3.0,0.3,6.0,536,0.781358443,17.64422056,16.408527303,8.2042636515,4.10213182575,5.881406853333334
0.7,3.0,0.3,8.0,537,0.782037956,17.6665815,16.422797076,8.211398538,4.105699269,5.8888605
0.7,3.0,0.3,10.0,538,0.782754952,17.68997142,16.437853991999997,8.218926995999999,4.109463497999999,5.896657139999999
0.7,3.0,0.5,0.1,539,0.169549939,0.736191301,5.934247865000001,2.9671239325000003,1.48356196625,0.2453971003333333
0.7,3.0,0.5,0.5,540,0.630997719,3.682469846,22.084920165,11.0424600825,5.52123004125,1.2274899486666666
0.7,3.0,0.5,1.0,541,0.806080672,7.855293067,28.212823519999997,14.10641176,7.053205879999999,2.618431022333333
0.7,3.0,0.5,4.0,542,0.743493109,26.89384893,26.022258815,13.0111294075,6.50556470375,8.96461631
0.7,3.0,0.5,6.0,543,0.743981179,26.933698029999995,26.039341264999997,13.0196706325,6.509835316249999,8.977899343333332
0.7,3.0,0.5,8.0,544,0.744771751,26.979065830000003,26.067011285000003,13.033505642500002,6.516752821250001,8.993021943333334
0.7,3.0,0.5,10.0,545,0.74565154,27.028213969999996,26.0978039,13.04890195,6.524450975,9.009404656666666
0.7,3.0,0.7,0.1,546,0.079175369,0.442765269,3.879593080999999,1.9397965404999995,0.9698982702499996,0.147588423
0.7,3.0,0.7,0.5,547,0.311943065,2.205952756,15.285210184999997,7.642605092499998,3.821302546249999,0.7353175853333332
0.7,3.0,0.7,1.0,548,0.55237347,4.413967537,27.066300029999997,13.533150015,6.766575007499999,1.4713225123333336
0.7,3.0,0.7,4.0,549,0.764920071,20.84984409,37.481083479,18.7405417395,9.37027086975,6.949948030000001
0.7,3.0,0.7,6.0,550,0.722888011,32.668391019999994,35.42151253899999,17.710756269499996,8.855378134749998,10.889463673333331
0.7,3.0,0.7,8.0,551,0.716210247,34.57734413,35.094302103,17.5471510515,8.77357552575,11.525781376666666
0.7,3.0,0.7,10.0,552,0.716936421,34.6488403,35.129884628999996,17.564942314499998,8.782471157249999,11.549613433333334
0.7,3.0,0.9,0.1,553,0.024952335,0.1490618089999998,1.571997105,0.7859985525,0.39299927625,0.049687269666666596
0.7,3.0,0.9,0.5,554,0.095109987,0.7367928849999998,5.991929181,2.9959645905,1.49798229525,0.2455976283333333
0.7,3.0,0.9,1.0,555,0.172516252,1.4716067229999998,10.868523876,5.434261938,2.717130969,0.4905355743333333
0.7,3.0,0.9,4.0,556,0.558254604,5.884254955000001,35.170040052000004,17.585020026000002,8.792510013000001,1.9614183183333338
0.7,3.0,0.9,6.0,557,0.724564385,8.885085577,45.647556255,22.8237781275,11.41188906375,2.9616951923333334
0.7,3.0,0.9,8.0,558,0.779166498,12.284759010000002,49.087489374,24.543744687,12.2718723435,4.09491967
0.7,3.0,0.9,10.0,559,0.774092215,16.12782543,48.767809545,24.3839047725,12.19195238625,5.3759418100000005
0.7,5.0,0.1,0.1,560,0.819553346,0.840220854,5.7368734219999995,2.868436711,1.4342183555,0.280073618
0.7,5.0,0.1,0.5,561,0.82650145,3.809545959,5.7855101499999995,2.8927550749999997,1.4463775375,1.269848653
0.7,5.0,0.1,1.0,562,0.826511172,3.809933877,5.785578204,2.892789102,1.446394551,1.269977959
0.7,5.0,0.1,4.0,563,0.826619629,3.811418876999999,5.786337402999999,2.8931687014999996,1.4465843507499998,1.2704729589999997
0.7,5.0,0.1,6.0,564,0.826693482,3.812356385,5.786854374,2.893427187,1.4467135935,1.2707854616666667
0.7,5.0,0.1,8.0,565,0.826765295,3.813343487000001,5.787357065,2.8936785325,1.44683926625,1.271114495666667
0.7,5.0,0.1,10.0,566,0.826836032,3.814257609,5.787852224,2.893926112,1.446963056,1.271419203
0.7,5.0,0.3,0.1,567,0.476449482,0.6194810119999998,10.005439122,5.002719561,2.5013597805,0.2064936706666666
0.7,5.0,0.3,0.5,568,0.822557016,3.4152791890000005,17.273697335999998,8.636848667999999,4.3184243339999995,1.1384263963333334
0.7,5.0,0.3,1.0,569,0.81705409,7.525837917,17.158135889999997,8.579067944999998,4.289533972499999,2.508612639
0.7,5.0,0.3,4.0,570,0.806580402,11.09202892,16.938188441999998,8.469094220999999,4.234547110499999,3.6973429733333334
0.7,5.0,0.3,6.0,571,0.80692742,11.09958912,16.94547582,8.47273791,4.236368955,3.69986304
0.7,5.0,0.3,8.0,572,0.807324871,11.1080878,16.953822290999998,8.476911145499999,4.2384555727499995,3.702695933333333
0.7,5.0,0.3,10.0,573,0.807748741,11.11700576,16.962723561,8.4813617805,4.24068089025,3.7056685866666665
0.7,5.0,0.5,0.1,574,0.234717282,0.4428762639999999,8.21510487,4.107552435,2.0537762175,0.1476254213333333
0.7,5.0,0.5,0.5,575,0.705159895,2.216745738,24.680596325,12.3402981625,6.17014908125,0.738915246
0.7,5.0,0.5,1.0,576,0.816192748,4.733684866,28.566746179999996,14.283373089999998,7.141686544999999,1.5778949553333332
0.7,5.0,0.5,4.0,577,0.780875987,17.60768043,27.330659545000003,13.665329772500002,6.832664886250001,5.86922681
0.7,5.0,0.5,6.0,578,0.781314649,17.62746786,27.346012715,13.6730063575,6.83650317875,5.87582262
0.7,5.0,0.5,8.0,579,0.781906773,17.64806745,27.36673705499999,13.683368527499995,6.841684263749998,5.88268915
0.7,5.0,0.5,10.0,580,0.782574602,17.67017901,27.390111069999996,13.695055534999998,6.847527767499999,5.890059669999999
0.7,5.0,0.7,0.1,581,0.114151972,0.2666377579999998,5.593446628,2.796723314,1.398361657,0.08887925266666659
0.7,5.0,0.7,0.5,582,0.398521676,1.3251946849999998,19.527562124,9.763781062,4.881890531,0.4417315616666666
0.7,5.0,0.7,1.0,583,0.639506502,2.654487339,31.335818598,15.667909299,7.8339546495,0.884829113
0.7,5.0,0.7,4.0,584,0.798822855,12.49032735,39.142319895,19.5711599475,9.78557997375,4.16344245
0.7,5.0,0.7,6.0,585,0.771894209,19.60747916,37.822816241,18.9114081205,9.45570406025,6.535826386666667
0.7,5.0,0.7,8.0,586,0.757655065,23.39545807,37.12509818499999,18.562549092499996,9.281274546249998,7.798486023333333
0.7,5.0,0.7,10.0,587,0.758216694,23.43230097,37.152618006,18.576309003,9.2881545015,7.81076699
0.7,5.0,0.9,0.1,588,0.038524472,0.0901779509999999,2.4270417359999996,1.2135208679999998,0.6067604339999999,0.030059316999999964
0.7,5.0,0.9,0.5,589,0.132993511,0.4430416769999999,8.378591193,4.1892955965,2.09464779825,0.14768055899999996
0.7,5.0,0.9,1.0,590,0.230134415,0.8839817609999999,14.498468145,7.2492340725,3.62461703625,0.294660587
0.7,5.0,0.9,4.0,591,0.640986895,3.539404548,40.382174385,20.1910871925,10.09554359625,1.179801516
0.7,5.0,0.9,6.0,592,0.764920445,5.361263972,48.189988035,24.0949940175,12.04749700875,1.7870879906666666
0.7,5.0,0.9,8.0,593,0.801764563,7.403114913,50.51116746899999,25.255583734499996,12.627791867249998,2.467704971
0.7,5.0,0.9,10.0,594,0.8041123,9.681746264,50.6590749,25.32953745,12.664768725,3.2272487546666664
0.7,7.0,0.1,0.1,595,0.821383047,0.605718819,5.7496813289999995,2.8748406645,1.43742033225,0.201906273
0.7,7.0,0.1,0.5,596,0.828110113,2.72507496,5.796770791000001,2.8983853955000005,1.4491926977500005,0.90835832
0.7,7.0,0.1,1.0,597,0.828116999,2.7252633380000004,5.7968189930000005,2.8984094965,1.44920474825,0.9084211126666668
0.7,7.0,0.1,4.0,598,0.828179934,2.726148167,5.7972595380000005,2.898629769,1.4493148845,0.9087160556666666
0.7,7.0,0.1,6.0,599,0.828220463,2.726717304,5.797543241,2.8987716205,1.44938581025,0.908905768
0.7,7.0,0.1,8.0,600,0.828259785,2.727335641,5.7978184950000005,2.8989092475,1.44945462375,0.9091118803333332
0.7,7.0,0.1,10.0,601,0.828298151,2.727880153,5.798087057,2.8990435285,1.44952176425,0.9092933843333334
0.7,7.0,0.3,0.1,602,0.572999566,0.4436044369999997,12.032990886,6.016495443,3.0082477215,0.14786814566666656
0.7,7.0,0.3,0.5,603,0.824292872,2.447989043,17.310150311999998,8.655075155999999,4.327537577999999,0.8159963476666667
0.7,7.0,0.3,1.0,604,0.822712527,5.375754271,17.276963066999997,8.638481533499998,4.319240766749999,1.7919180903333334
0.7,7.0,0.3,4.0,605,0.816627876,8.051721689,17.149185395999996,8.574592697999998,4.287296348999999,2.683907229666667
0.7,7.0,0.3,6.0,606,0.81687457,8.055907427,17.154365969999997,8.577182984999999,4.288591492499999,2.6853024756666666
0.7,7.0,0.3,8.0,607,0.817128296,8.060165682,17.159694216,8.579847108,4.289923554,2.6867218939999997
0.7,7.0,0.3,10.0,608,0.817391405,8.064591742,17.165219505,8.5826097525,4.29130487625,2.688197247333333
0.7,7.0,0.5,0.1,609,0.305170661,0.3170997349999998,10.680973135,5.3404865675,2.67024328375,0.1056999116666666
0.7,7.0,0.5,0.5,610,0.747079681,1.58894483,26.147788834999997,13.073894417499998,6.536947208749999,0.5296482766666667
0.7,7.0,0.5,1.0,611,0.819745211,3.3964762650000004,28.691082385,14.3455411925,7.17277059625,1.132158755
0.7,7.0,0.5,4.0,612,0.799188027,13.02384361,27.971580944999996,13.985790472499998,6.992895236249999,4.341281203333334
0.7,7.0,0.5,6.0,613,0.799614782,13.03651743,27.98651737,13.993258685,6.9966293425,4.34550581
0.7,7.0,0.5,8.0,614,0.800094874,13.04858122,28.00332059,14.001660295,7.0008301475,4.349527073333333
0.7,7.0,0.5,10.0,615,0.800594027,13.06079214,28.020790945,14.0103954725,7.00519773625,4.35359738
0.7,7.0,0.7,0.1,616,0.153511527,0.1910961039999999,7.522064822999999,3.7610324115,1.88051620575,0.0636987013333333
0.7,7.0,0.7,0.5,617,0.484012055,0.947694865,23.716590694999997,11.8582953475,5.929147673749999,0.31589828833333333
0.7,7.0,0.7,1.0,618,0.699531403,1.900446326,34.277038747,17.1385193735,8.56925968675,0.6334821086666667
0.7,7.0,0.7,4.0,619,0.811726545,8.91883145,39.774600705,19.8873003525,9.94365017625,2.972943816666667
0.7,7.0,0.7,6.0,620,0.794498736,13.98811405,38.93043806399999,19.465219031999997,9.732609515999998,4.662704683333334
0.7,7.0,0.7,8.0,621,0.78106695,17.59849101,38.27228055,19.136140275,9.5680701375,5.86616367
0.7,7.0,0.7,10.0,622,0.781619651,17.62335009,38.29936289899999,19.14968144949999,9.574840724749995,5.874450029999999
0.7,7.0,0.9,0.1,623,0.054096167,0.0648822069999999,3.408058521,1.7040292605,0.85201463025,0.0216274023333333
0.7,7.0,0.9,0.5,624,0.175436237,0.3171367359999999,11.052482931,5.5262414655,2.76312073275,0.1057122453333333
0.7,7.0,0.9,1.0,625,0.292865318,0.632166953,18.450515034,9.225257517,4.6126287585,0.2107223176666667
0.7,7.0,0.9,4.0,626,0.698896546,2.533854051,44.030482398,22.015241199,11.0076205995,0.844618017
0.7,7.0,0.9,6.0,627,0.784823826,3.8490513920000007,49.443901038,24.721950519,12.3609752595,1.283017130666667
0.7,7.0,0.9,8.0,628,0.809935471,5.312823675,51.025934672999995,25.512967336499997,12.75648366825,1.7709412249999998
0.7,7.0,0.9,10.0,629,0.813572126,6.929518794,51.255043938,25.627521969,12.8137609845,2.309839598
0.9,0.07,0.1,0.1,630,0.320611177,54.736381510000015,2.885500593,1.4427502965,0.72137514825,18.245460503333337
0.9,0.07,0.1,0.5,631,0.340428165,65.67133473,3.063853485,1.5319267425,0.76596337125,21.89044491
0.9,0.07,0.1,1.0,632,0.34135214,66.25113061,3.0721692600000003,1.5360846300000002,0.7680423150000001,22.083710203333336
0.9,0.07,0.1,4.0,633,0.342483511,66.89642521999998,3.0823515990000003,1.5411757995000002,0.7705878997500001,22.298808406666662
0.9,0.07,0.1,6.0,634,0.343057748,67.14330614,3.087519732,1.543759866,0.771879933,22.38110204666667
0.9,0.07,0.1,8.0,635,0.34354706,67.36853864,3.0919235400000007,1.5459617700000003,0.7729808850000002,22.456179546666664
0.9,0.07,0.1,10.0,636,0.344052065,67.58885756999999,3.096468585,1.5482342925,0.77411714625,22.529619189999995
0.9,0.07,0.3,0.1,637,0.107221764,48.9400648,2.8949876279999995,1.4474938139999998,0.7237469069999999,16.313354933333333
0.9,0.07,0.3,0.5,638,0.121595999,66.10642264,3.283091973,1.6415459865,0.82077299325,22.035474213333334
0.9,0.07,0.3,1.0,639,0.122093657,66.76604144,3.296528739,1.6482643695,0.82413218475,22.255347146666665
0.9,0.07,0.3,4.0,640,0.122567704,67.45032574,3.3093280079999996,1.6546640039999998,0.8273320019999999,22.483441913333333
0.9,0.07,0.3,6.0,641,0.122739361,67.69902742,3.313962747,1.6569813735,0.82849068675,22.566342473333332
0.9,0.07,0.3,8.0,642,0.122927049,67.93027505,3.319030323,1.6595151615,0.82975758075,22.64342501666667
0.9,0.07,0.3,10.0,643,0.123067662,68.15347558,3.3228268739999995,1.6614134369999998,0.8307067184999999,22.717825193333336
0.9,0.07,0.5,0.1,644,0.057624085,38.60580963,2.593083825,1.2965419125,0.64827095625,12.868603210000002
0.9,0.07,0.5,0.5,645,0.073573951,66.02536304,3.310827795,1.6554138975,0.82770694875,22.008454346666667
0.9,0.07,0.5,1.0,646,0.073919554,66.79656166,3.32637993,1.663189965,0.8315949825,22.26552055333333
0.9,0.07,0.5,4.0,647,0.074241638,67.50637042,3.3408737100000003,1.6704368550000002,0.8352184275000001,22.50212347333333
0.9,0.07,0.5,6.0,648,0.074335486,67.75624269000001,3.3450968700000008,1.6725484350000004,0.8362742175000002,22.58541423
0.9,0.07,0.5,8.0,649,0.074449267,67.98841222000001,3.350217015,1.6751085075,0.83755425375,22.662804073333337
0.9,0.07,0.5,10.0,650,0.074555373,68.21453798,3.354991785,1.6774958925,0.83874794625,22.738179326666668
0.9,0.07,0.7,0.1,651,0.031379002,24.262171530000003,1.976877126,0.988438563,0.4942192815,8.08739051
0.9,0.07,0.7,0.5,652,0.052585937,65.55212528,3.312914031,1.6564570155,0.82822850775,21.850708426666667
0.9,0.07,0.7,1.0,653,0.052981374,66.74531602999998,3.337826562,1.668913281,0.8344566405,22.248438676666662
0.9,0.07,0.7,4.0,654,0.053210519,67.51810164,3.3522626969999996,1.6761313484999998,0.8380656742499999,22.50603388
0.9,0.07,0.7,6.0,655,0.053283902,67.77013133999999,3.356885826,1.678442913,0.8392214565,22.59004378
0.9,0.07,0.7,8.0,656,0.053404358,68.00466398,3.364474554,1.682237277,0.8411186385,22.668221326666668
0.9,0.07,0.7,10.0,657,0.0,0.0,0.0,0.0,0.0,0.0
0.9,0.07,0.9,0.1,658,0.010276975,8.140127531,0.8324349750000002,0.4162174875000001,0.20810874375,2.7133758436666664
0.9,0.07,0.9,0.5,659,0.033566769,42.04522152999999,2.7189082890000003,1.3594541445,0.6797270722500001,14.015073843333331
0.9,0.07,0.9,1.0,660,0.040975313,65.53628948,3.3190003530000003,1.6595001765,0.8297500882500001,21.845429826666663
0.9,0.07,0.9,4.0,661,0.041455665,67.47049011,3.3579088650000006,1.6789544325000003,0.8394772162500002,22.49016337
0.9,0.07,0.9,6.0,662,0.041513455,67.73160889,3.362589855,1.6812949275,0.84064746375,22.577202963333335
0.9,0.07,0.9,8.0,663,0.041598252,67.96840738000002,3.369458412,1.684729206,0.842364603,22.656135793333338
0.9,0.07,0.9,10.0,664,0.04165269,68.196455,3.37386789,1.686933945,0.8434669725,22.732151666666667
0.9,0.1,0.1,0.1,665,0.439113683,46.06921283,3.9520231470000007,1.9760115735000003,0.9880057867500002,15.356404276666666
0.9,0.1,0.1,0.5,666,0.478014066,65.45782023,4.302126594000001,2.1510632970000003,1.0755316485000002,21.819273409999997
0.9,0.1,0.1,1.0,667,0.478869186,66.08984018,4.309822674,2.154911337,1.0774556685,22.029946726666665
0.9,0.1,0.1,4.0,668,0.480354825,66.75342531,4.323193425,2.1615967125,1.08079835625,22.25114177
0.9,0.1,0.1,6.0,669,0.481080421,66.99352878,4.329723789,2.1648618945,1.08243094725,22.331176260000003
0.9,0.1,0.1,8.0,670,0.481794202,67.21744472,4.336147818000001,2.1680739090000003,1.0840369545,22.405814906666667
0.9,0.1,0.1,10.0,671,0.482537018,67.44063622000002,4.342833162000001,2.1714165810000003,1.0857082905000002,22.480212073333337
0.9,0.1,0.3,0.1,672,0.143683702,37.37516973999999,3.879459954,1.939729977,0.9698649885,12.45838991333333
0.9,0.1,0.3,0.5,673,0.185834394,66.31274357,5.017528638,2.508764319,1.2543821595,22.104247856666664
0.9,0.1,0.3,1.0,674,0.186660842,67.12177967,5.0398427340000005,2.519921367,1.2599606835,22.373926556666664
0.9,0.1,0.3,4.0,675,0.187488512,67.85278938,5.062189824,2.531094912,1.265547456,22.61759646
0.9,0.1,0.3,6.0,676,0.187804944,68.10979154,5.070733488,2.535366744,1.267683372,22.70326384666667
0.9,0.1,0.3,8.0,677,0.188045263,68.34429343999999,5.077222101,2.5386110505,1.26930552525,22.781431146666662
0.9,0.1,0.3,10.0,678,0.188328247,68.57454204,5.0848626690000005,2.5424313345000003,1.27121566725,22.85818068
0.9,0.1,0.5,0.1,679,0.072645593,27.659105109999995,3.2690516849999995,1.6345258424999998,0.8172629212499999,9.219701703333332
0.9,0.1,0.5,0.5,680,0.113051284,66.06827722,5.08730778,2.54365389,1.271826945,22.022759073333333
0.9,0.1,0.5,1.0,681,0.113775727,67.13707986,5.119907715,2.5599538575,1.27997692875,22.37902662
0.9,0.1,0.5,4.0,682,0.114352079,67.91296919,5.145843555,2.5729217775,1.28646088875,22.637656396666667
0.9,0.1,0.5,6.0,683,0.114461076,68.16727867,5.15074842,2.57537421,1.287687105,22.722426223333333
0.9,0.1,0.5,8.0,684,0.114699539,68.40832898,5.161479255000001,2.5807396275000003,1.29036981375,22.802776326666663
0.9,0.1,0.5,10.0,685,0.11485966,68.6393862,5.1686847,2.58434235,1.292171175,22.879795400000003
0.9,0.1,0.7,0.1,686,0.036448701,16.89655763,2.2962681629999997,1.1481340814999998,0.5740670407499999,5.632185876666667
0.9,0.1,0.7,0.5,687,0.080425078,64.44064758,5.066779914,2.533389957,1.2666949785,21.48021586
0.9,0.1,0.7,1.0,688,0.081688101,67.01129319,5.146350363,2.5731751815,1.28658759075,22.33709773
0.9,0.1,0.7,4.0,689,0.082137722,67.9160665,5.174676485999999,2.5873382429999996,1.2936691214999998,22.638688833333333
0.9,0.1,0.7,6.0,690,0.082244509,68.17542438,5.181404066999999,2.5907020334999995,1.2953510167499998,22.72514146
0.9,0.1,0.7,8.0,691,0.082400925,68.41621357,5.191258275,2.5956291375,1.29781456875,22.805404523333333
0.9,0.1,0.7,10.0,692,0.082485563,68.64714982,5.196590468999999,2.5982952344999997,1.2991476172499998,22.882383273333332
0.9,0.1,0.9,0.1,693,0.010770231,5.66866866,0.872388711,0.4361943555,0.21809717775,1.88955622
0.9,0.1,0.9,0.5,694,0.041730604,29.0296749,3.380178924,1.690089462,0.845044731,9.6765583
0.9,0.1,0.9,1.0,695,0.059410831,56.65341522,4.812277311,2.4061386555,1.20306932775,18.88447174
0.9,0.1,0.9,4.0,696,0.064067063,67.82886069,5.189432103000001,2.5947160515000003,1.29735802575,22.60962023
0.9,0.1,0.9,6.0,697,0.064165756,68.1061858,5.197426236,2.598713118,1.299356559,22.702061933333336
0.9,0.1,0.9,8.0,698,0.064255237,68.34990479,5.204674197000001,2.6023370985000005,1.3011685492500005,22.783301596666664
0.9,0.1,0.9,10.0,699,0.064318918,68.58290025,5.209832358,2.604916179,1.3024580895,22.86096675
0.9,1.0,0.1,0.1,700,0.801343713,5.256043042,7.212093417000001,3.606046708500001,1.8030233542500005,1.7520143473333334
0.9,1.0,0.1,0.5,701,0.763219508,21.77382109,6.868975572000001,3.4344877860000005,1.7172438930000002,7.257940363333333
0.9,1.0,0.1,1.0,702,0.762500409,21.7946355,6.8625036810000015,3.4312518405000008,1.7156259202500004,7.264878499999999
0.9,1.0,0.1,4.0,703,0.763202515,21.83697453,6.868822635000001,3.4344113175000004,1.7172056587500002,7.27899151
0.9,1.0,0.1,6.0,704,0.764031684,21.872190350000004,6.876285156000001,3.4381425780000003,1.7190712890000002,7.290730116666668
0.9,1.0,0.1,8.0,705,0.764866557,21.90727307,6.883799013,3.4418995065,1.72094975325,7.302424356666666
0.9,1.0,0.1,10.0,706,0.765699077,21.94220245,6.891291692999999,3.4456458464999997,1.72282292325,7.314067483333333
0.9,1.0,0.3,0.1,707,0.260550702,3.946023591,7.034868954000001,3.517434477000001,1.7587172385000005,1.315341197
0.9,1.0,0.3,0.5,708,0.752288534,21.7534653,20.311790418,10.155895209,5.0779476045,7.251155099999999
0.9,1.0,0.3,1.0,709,0.681645834,45.73899987,18.404437518,9.202218759,4.6011093795,15.24633329
0.9,1.0,0.3,4.0,710,0.676280659,47.68377714,18.259577793,9.1297888965,4.56489444825,15.894592379999999
0.9,1.0,0.3,6.0,711,0.677142317,47.81327716,18.282842559,9.1414212795,4.57071063975,15.937759053333332
0.9,1.0,0.3,8.0,712,0.678013662,47.92957722,18.306368874,9.153184437,4.5765922185,15.97652574
0.9,1.0,0.3,10.0,713,0.677945146,47.9317323,18.304518942,9.152259471,4.5761297355,15.9772441
0.9,1.0,0.5,0.1,714,0.114344788,2.8240985729999997,5.14551546,2.57275773,1.286378865,0.9413661909999999
0.9,1.0,0.5,0.5,715,0.510631233,14.039199059999998,22.978405485,11.4892027425,5.74460137125,4.67973302
0.9,1.0,0.5,1.0,716,0.702165056,29.962076510000006,31.59742752,15.79871376,7.89935688,9.987358836666669
0.9,1.0,0.5,4.0,717,0.641762492,59.82936817000001,28.879312140000003,14.439656070000002,7.219828035000001,19.943122723333335
0.9,1.0,0.5,6.0,718,0.642777066,60.09353319,28.924967969999997,14.462483985,7.231241992499999,20.03117773
0.9,1.0,0.5,8.0,719,0.643368388,60.23445220000001,28.95157746,14.47578873,7.237894365,20.078150733333334
0.9,1.0,0.5,10.0,720,0.644394017,60.44646405,28.997730765,14.4988653825,7.24943269125,20.148821350000002
0.9,1.0,0.7,0.1,721,0.050467012,1.698293956,3.1794217559999995,1.5897108779999998,0.7948554389999999,0.5660979853333333
0.9,1.0,0.7,0.5,722,0.232496589,8.463731796,14.647285107,7.3236425535,3.66182127675,2.821243932
0.9,1.0,0.7,1.0,723,0.438021959,16.81840273,27.595383417,13.7976917085,6.89884585425,5.606134243333333
0.9,1.0,0.7,4.0,724,0.622597127,64.79126347,39.223619001,19.6118095005,9.80590475025,21.597087823333336
0.9,1.0,0.7,6.0,725,0.621967994,65.26190093,39.183983622,19.591991811,9.7959959055,21.753966976666664
0.9,1.0,0.7,8.0,726,0.62252868,65.47421026,39.219306839999994,19.609653419999997,9.80482671,21.824736753333337
0.9,1.0,0.7,10.0,727,0.623870661,65.81375001,39.303851643,19.6519258215,9.82596291075,21.937916670000003
0.9,1.0,0.9,0.1,728,0.014034718,0.5684948619999999,1.136812158,0.568406079,0.2842030395,0.1894982873333333
0.9,1.0,0.9,0.5,729,0.063870353,2.834204065,5.1734985930000015,2.5867492965000007,1.2933746482500004,0.9447346883333334
0.9,1.0,0.9,1.0,730,0.123591359,5.661940113,10.010900079,5.0054500395,2.50272501975,1.887313371
0.9,1.0,0.9,4.0,731,0.439702292,22.25603767,35.615885652,17.807942826,8.903971413,7.418679223333334
0.9,1.0,0.9,6.0,732,0.559908426,33.157756230000004,45.352582506000005,22.676291253,11.3381456265,11.05258541
0.9,1.0,0.9,8.0,733,0.605575497,45.16807553000001,49.05161525700001,24.525807628500004,12.262903814250002,15.05602517666667
0.9,1.0,0.9,10.0,734,0.608029337,58.46498155,49.250376296999995,24.6251881485,12.31259407425,19.488327183333332
0.9,3.0,0.1,0.1,735,0.815554331,1.7783819800000005,7.339988979000001,3.669994489500001,1.8349972447500005,0.5927939933333335
0.9,3.0,0.1,0.5,736,0.816318054,8.049013651,7.346862486000001,3.673431243000001,1.8367156215,2.683004550333333
0.9,3.0,0.1,1.0,737,0.816300153,8.051515004,7.346701377,3.6733506885,1.83667534425,2.683838334666667
0.9,3.0,0.1,4.0,738,0.816555996,8.056392424,7.349003964,3.674501982,1.837250991,2.6854641413333336
0.9,3.0,0.1,6.0,739,0.81682818,8.06085963,7.351453620000001,3.675726810000001,1.837863405,2.68695321
0.9,3.0,0.1,8.0,740,0.81709732,8.065305852,7.35387588,3.67693794,1.83846897,2.688435284
0.9,3.0,0.1,10.0,741,0.817363871,8.069820687,7.356274839,3.6781374195,1.83906870975,2.689940229
0.9,3.0,0.3,0.1,742,0.356098289,1.322789886,9.614653803,4.8073269015,2.40366345075,0.440929962
0.9,3.0,0.3,0.5,743,0.812750527,7.290982713,21.944264228999995,10.972132114499995,5.486066057249999,2.430327571
0.9,3.0,0.3,1.0,744,0.785591446,16.13737463,21.210969042,10.605484521,5.3027422605,5.379124876666666
0.9,3.0,0.3,4.0,745,0.763508163,21.82590646,20.614720401,10.3073602005,5.15368010025,7.275302153333333
0.9,3.0,0.3,6.0,746,0.764212906,21.85659125,20.633748462,10.316874231,5.1584371155,7.285530416666667
0.9,3.0,0.3,8.0,747,0.765013402,21.89051844,20.655361854,10.327680927,5.1638404635,7.29683948
0.9,3.0,0.3,10.0,748,0.765855628,21.92579262,20.678101956,10.339050978,5.169525489,7.30859754
0.9,3.0,0.5,0.1,749,0.164012359,0.945577836,7.380556155,3.6902780775,1.84513903875,0.315192612
0.9,3.0,0.5,0.5,750,0.621433176,4.730208126,27.96449292,13.98224646,6.99112323,1.576736042
0.9,3.0,0.5,1.0,751,0.796687619,10.10003814,35.850942855,17.9254714275,8.96273571375,3.3666793800000003
0.9,3.0,0.5,4.0,752,0.722785088,32.49420611000001,32.525328959999996,16.262664479999998,8.131332239999999,10.831402036666669
0.9,3.0,0.5,6.0,753,0.723366912,32.55464855,32.55151104,16.27575552,8.13787776,10.851549516666667
0.9,3.0,0.5,8.0,754,0.724216092,32.61914856,32.58972414,16.29486207,8.147431035,10.87304952
0.9,3.0,0.5,10.0,755,0.725138918,32.68643694,32.631251309999996,16.315625654999998,8.157812827499999,10.89547898
0.9,3.0,0.7,0.1,756,0.07625103,0.5685040339999998,4.803814889999999,2.4019074449999995,1.2009537224999998,0.1895013446666666
0.9,3.0,0.7,0.5,757,0.304314049,2.834674077,19.171785086999996,9.585892543499998,4.792946271749999,0.944891359
0.9,3.0,0.7,1.0,758,0.542550596,5.669614677,34.180687548,17.090343774,8.545171887,1.8898715590000001
0.9,3.0,0.7,4.0,759,0.741497711,26.82939408,46.71435579299999,23.35717789649999,11.678588948249995,8.94313136
0.9,3.0,0.7,6.0,760,0.69674147,40.63279025,43.89471261,21.947356305,10.9736781525,13.544263416666666
0.9,3.0,0.7,8.0,761,0.695690819,40.93087978,43.82852159699999,21.914260798499996,10.957130399249998,13.643626593333332
0.9,3.0,0.7,10.0,762,0.696455122,41.02557692,43.876672686,21.938336343,10.9691681715,13.675192306666666
0.9,3.0,0.9,0.1,763,0.02381835,0.1910638509999999,1.92928635,0.964643175,0.4823215875,0.0636879503333333
0.9,3.0,0.9,0.5,764,0.091954941,0.946608597,7.448350221000001,3.724175110500001,1.86208755525,0.315536199
0.9,3.0,0.9,1.0,765,0.167670784,1.891284653,13.581333504000002,6.790666752000001,3.3953333760000004,0.6304282176666667
0.9,3.0,0.9,4.0,766,0.548327225,7.55578343,44.414505225,22.2072526125,11.10362630625,2.518594476666667
0.9,3.0,0.9,6.0,767,0.712859444,11.40677079,57.741614964,28.870807482,14.435403741,3.80225693
0.9,3.0,0.9,8.0,768,0.7627698,15.79903903,61.78435380000001,30.89217690000001,15.446088450000005,5.266346343333333
0.9,3.0,0.9,10.0,769,0.756762792,20.73989729,61.297786152,30.648893076,15.324446538,6.913299096666666
0.9,5.0,0.1,0.1,770,0.819041316,1.0780062069999998,7.371371844,3.685685922,1.842842961,0.3593354023333333
0.9,5.0,0.1,0.5,771,0.824466951,4.885868196999999,7.420202559000002,3.710101279500001,1.8550506397500004,1.6286227323333329
0.9,5.0,0.1,1.0,772,0.824477382,4.886586705,7.420296438000001,3.7101482190000006,1.8550741095000003,1.628862235
0.9,5.0,0.1,4.0,773,0.824630372,4.88877151,7.421673348000001,3.710836674,1.855418337,1.6295905033333333
0.9,5.0,0.1,6.0,774,0.824745918,4.890309844,7.422713261999999,3.711356631,1.8556783155,1.6301032813333334
0.9,5.0,0.1,8.0,775,0.824859569,4.891822204,7.423736121,3.7118680605,1.85593403025,1.6306074013333334
0.9,5.0,0.1,10.0,776,0.82497176,4.893387676,7.424745840000001,3.71237292,1.85618646,1.6311292253333332
0.9,5.0,0.3,0.1,777,0.460026202,0.7955409709999999,12.420707454,6.210353727,3.1051768635,0.2651803236666666
0.9,5.0,0.3,0.5,778,0.820663155,4.388830270999999,22.157905184999997,11.0789525925,5.539476296249999,1.4629434236666663
0.9,5.0,0.3,1.0,779,0.810209247,9.678964056,21.875649669,10.9378248345,5.46891241725,3.226321352
0.9,5.0,0.3,4.0,780,0.795600062,13.98456328,21.481201674,10.740600837,5.3703004185,4.6615210933333335
0.9,5.0,0.3,6.0,781,0.796051988,13.99626777,21.493403676,10.746701838,5.373350919,4.6654225899999995
0.9,5.0,0.3,8.0,782,0.796592154,14.01027203,21.507988158000003,10.753994079000002,5.376997039500001,4.670090676666667
0.9,5.0,0.3,10.0,783,0.797167356,14.02526472,21.523518612,10.761759306,5.380879653,4.67508824
0.9,5.0,0.5,0.1,784,0.224275117,0.568635813,10.092380265,5.0461901325,2.52309506625,0.189545271
0.9,5.0,0.5,0.5,785,0.695760564,2.84778503,31.30922538,15.65461269,7.827306345,0.9492616766666666
0.9,5.0,0.5,1.0,786,0.812620612,6.083839326,36.56792754,18.28396377,9.141981885,2.0279464419999997
0.9,5.0,0.5,4.0,787,0.763693233,21.802622439999997,34.366195485,17.1830977425,8.59154887125,7.267540813333333
0.9,5.0,0.5,6.0,788,0.764133758,21.83015831,34.38601911000001,17.193009555000003,8.596504777500002,7.276719436666667
0.9,5.0,0.5,8.0,789,0.76483721,21.86139504,34.41767445,17.208837225,8.6044186125,7.287131680000001
0.9,5.0,0.5,10.0,790,0.765632502,21.8946468,34.45346259,17.226731295,8.6133656475,7.2982156
0.9,5.0,0.7,0.1,791,0.108445595,0.3421437129999999,6.832072485,3.4160362425,1.70801812125,0.1140479043333333
0.9,5.0,0.7,0.5,792,0.385171663,1.702907187,24.265814769,12.1329073845,6.06645369225,0.567635729
0.9,5.0,0.7,1.0,793,0.627440153,3.41068412,39.528729639,19.7643648195,9.88218240975,1.1368947066666666
0.9,5.0,0.7,4.0,794,0.78451549,16.07614123,49.42447586999999,24.71223793499999,12.356118967499995,5.358713743333333
0.9,5.0,0.7,6.0,795,0.749718758,25.230807500000004,47.23228175399999,23.616140876999996,11.808070438499998,8.410269166666668
0.9,5.0,0.7,8.0,796,0.737781772,28.5355761,46.48025163599999,23.240125817999996,11.620062908999998,9.5118587
0.9,5.0,0.7,10.0,797,0.738406347,28.58564022,46.519599861,23.2597999305,11.62989996525,9.52854674
0.9,5.0,0.9,0.1,798,0.036262202,0.1154310709999998,2.9372383619999995,1.4686191809999998,0.7343095904999999,0.0384770236666666
0.9,5.0,0.9,0.5,799,0.126860178,0.5689462429999997,10.275674418,5.137837209,2.5689186045,0.1896487476666666
0.9,5.0,0.9,1.0,800,0.220953045,1.1358599049999998,17.897196644999998,8.948598322499999,4.474299161249999,0.3786199683333333
0.9,5.0,0.9,4.0,801,0.629121244,4.547476045,50.95882076400001,25.479410382000005,12.739705191000002,1.5158253483333333
0.9,5.0,0.9,6.0,802,0.757482346,6.886944253000001,61.356070026,30.678035013,15.3390175065,2.2956480843333336
0.9,5.0,0.9,8.0,803,0.793736183,9.519269969,64.29263082300001,32.146315411500005,16.073157705750003,3.1730899896666664
0.9,5.0,0.9,10.0,804,0.791712591,12.45784316,64.128719871,32.0643599355,16.03217996775,4.1526143866666665
0.9,7.0,0.1,0.1,805,0.820977743,0.7767703729999997,7.3887996870000014,3.6943998435000007,1.8471999217500004,0.2589234576666666
0.9,7.0,0.1,0.5,806,0.827008267,3.499976501,7.443074403000001,3.7215372015,1.86076860075,1.1666588336666666
0.9,7.0,0.1,1.0,807,0.827017391,3.50024002,7.443156519,3.7215782595,1.86078912975,1.1667466733333334
0.9,7.0,0.1,4.0,808,0.827112941,3.501528522,7.444016469,3.7220082345,1.86100411725,1.167176174
0.9,7.0,0.1,6.0,809,0.827176664,3.502386092,7.444589976,3.722294988,1.861147494,1.1674620306666668
0.9,7.0,0.1,8.0,810,0.827238692,3.5031911109999996,7.445148228000001,3.722574114,1.861287057,1.1677303703333333
0.9,7.0,0.1,10.0,811,0.827299602,3.504007281,7.445696418000002,3.722848209000001,1.8614241045000004,1.168002427
0.9,7.0,0.3,0.1,812,0.554199984,0.5694763699999997,14.963399568000002,7.481699784000001,3.740849892,0.1898254566666666
0.9,7.0,0.3,0.5,813,0.823236706,3.1451071639999997,22.227391062,11.113695531,5.5568477655,1.0483690546666666
0.9,7.0,0.3,1.0,814,0.818810886,6.913066147,22.107893922,11.053946961,5.5269734805,2.3043553823333336
0.9,7.0,0.3,4.0,815,0.80960721,10.2345209,21.85939467,10.929697335,5.4648486675,3.4115069666666664
0.9,7.0,0.3,6.0,816,0.809930933,10.24110483,21.868135191,10.9340675955,5.46703379775,3.41370161
0.9,7.0,0.3,8.0,817,0.810289715,10.24830887,21.877822305,10.9389111525,5.46945557625,3.4161029566666667
0.9,7.0,0.3,10.0,818,0.810672067,10.25582628,21.888145809,10.9440729045,5.47203645225,3.41860876
0.9,7.0,0.5,0.1,819,0.289819939,0.4069816399999998,13.041897255000002,6.520948627500001,3.2604743137500005,0.1356605466666666
0.9,7.0,0.5,0.5,820,0.739820629,2.040846709,33.291928305,16.6459641525,8.32298207625,0.6802822363333334
0.9,7.0,0.5,1.0,821,0.8177066,4.363818268000001,36.796797,18.3983985,9.19919925,1.4546060893333337
0.9,7.0,0.5,4.0,822,0.786087047,16.33026098,35.373917115,17.6869585575,8.84347927875,5.443420326666666
0.9,7.0,0.5,6.0,823,0.786536045,16.34845599,35.394122024999994,17.697061012499997,8.848530506249999,5.449485330000001
0.9,7.0,0.5,8.0,824,0.787104832,16.36645608,35.41971744000001,17.709858720000003,8.854929360000002,5.45548536
0.9,7.0,0.5,10.0,825,0.787731807,16.38542645,35.447931315000005,17.723965657500003,8.861982828750001,5.461808816666667
0.9,7.0,0.7,0.1,826,0.144723029,0.2450675729999999,9.117550827,4.5587754135,2.27938770675,0.08168919099999997
0.9,7.0,0.7,0.5,827,0.466379411,1.217621525,29.381902893,14.6909514465,7.34547572325,0.4058738416666667
0.9,7.0,0.7,1.0,828,0.688654174,2.44161114,43.385212962,21.692606481,10.8463032405,0.81387038
0.9,7.0,0.7,4.0,829,0.802715938,11.47548532,50.571104094,25.285552047,12.6427760235,3.8251617733333334
0.9,7.0,0.7,6.0,830,0.778390798,18.00361587,49.038620274,24.519310137,12.2596550685,6.001205290000001
0.9,7.0,0.7,8.0,831,0.764055008,21.79458875,48.135465504,24.067732752,12.033866376,7.264862916666666
0.9,7.0,0.7,10.0,832,0.764620435,21.82848767,48.171087405,24.0855437025,12.04277185125,7.276162556666667
0.9,7.0,0.9,0.1,833,0.050530683,0.0829568619999999,4.092985323,2.0464926615,1.02324633075,0.0276522873333333
0.9,7.0,0.9,0.5,834,0.166036566,0.407085483,13.448961846,6.724480923,3.3622404615,0.135695161
0.9,7.0,0.9,1.0,835,0.279246057,0.8120941959999999,22.618930617,11.3094653085,5.65473265425,0.2706980653333333
0.9,7.0,0.9,4.0,836,0.688061936,3.2555637939999995,55.733016816,27.866508408,13.933254204,1.0851879313333332
0.9,7.0,0.9,6.0,837,0.779741717,4.944094864000001,63.159079077,31.5795395385,15.78976976925,1.6480316213333337
0.9,7.0,0.9,8.0,838,0.804485602,6.8279399299999985,65.163333762,32.581666881,16.2908334405,2.275979976666666
0.9,7.0,0.9,10.0,839,0.807191645,8.911899723,65.382523245,32.6912616225,16.34563081125,2.970633241
