ratio_absorb,PSII_content_per_leaf,PSII_antenna_size,P700_red_initial,idx,Phi2
0.1,0.07,0.1,0.1,0,0.737374068
0.1,0.07,0.1,0.5,1,0.723128813
0.1,0.07,0.1,1,2,0.722664831
0.1,0.07,0.1,4,3,0.72382302
0.1,0.07,0.1,6,4,0.724792317
0.1,0.07,0.1,8,5,0.725777976
0.1,0.07,0.1,10,6,0.72677389
0.1,0.07,0.3,0.1,7,0.219444826
0.1,0.07,0.3,0.5,8,0.625335545
0.1,0.07,0.3,1,9,0.617268199
0.1,0.07,0.3,4,10,0.617295857
0.1,0.07,0.3,6,11,0.618179011
0.1,0.07,0.3,8,12,0.619115959
0.1,0.07,0.3,10,13,0.620040766
0.1,0.07,0.5,0.1,14,0.09642554
0.1,0.07,0.5,0.5,15,0.371910673
0.1,0.07,0.5,1,16,0.498899841
0.1,0.07,0.5,4,17,0.520352283
0.1,0.07,0.5,6,18,0.52116887
0.1,0.07,0.5,8,19,0.522003053
0.1,0.07,0.5,10,20,0.522759324
0.1,0.07,0.7,0.1,21,0.042249874
0.1,0.07,0.7,0.5,22,0.185687054
0.1,0.07,0.7,1,23,0.302312697
0.1,0.07,0.7,4,24,0.418977892
0.1,0.07,0.7,6,25,0.419634171
0.1,0.07,0.7,8,26,0.42035082
0.1,0.07,0.7,10,27,0.420964567
0.1,0.07,0.9,0.1,28,0.011224597
0.1,0.07,0.9,0.5,29,0.053942486
0.1,0.07,0.9,1,30,0.1025251
0.1,0.07,0.9,4,31,0.277881995
0.1,0.07,0.9,6,32,0.327964974
0.1,0.07,0.9,8,33,0.341756555
0.1,0.07,0.9,10,34,0.342575304
0.1,0.1,0.1,0.1,35,0.771484303
0.1,0.1,0.1,0.5,36,0.753916555
0.1,0.1,0.1,1,37,0.753448739
0.1,0.1,0.1,4,38,0.754419262
0.1,0.1,0.1,6,39,0.755274071
0.1,0.1,0.1,8,40,0.756145246
0.1,0.1,0.1,10,41,0.757023213
0.1,0.1,0.3,0.1,42,0.227882848
0.1,0.1,0.3,0.5,43,0.70508427
0.1,0.1,0.3,1,44,0.662438191
0.1,0.1,0.3,4,45,0.659868551
0.1,0.1,0.3,6,46,0.660810226
0.1,0.1,0.3,8,47,0.661795251
0.1,0.1,0.3,10,48,0.662802571
0.1,0.1,0.5,0.1,49,0.099098566
0.1,0.1,0.5,0.5,50,0.427976391
0.1,0.1,0.5,1,51,0.604529324
0.1,0.1,0.5,4,52,0.607890813
0.1,0.1,0.5,6,53,0.608729503
0.1,0.1,0.5,8,54,0.609588015
0.1,0.1,0.5,10,55,0.610487743
0.1,0.1,0.7,0.1,56,0.043063102
0.1,0.1,0.7,0.5,57,0.200840978
0.1,0.1,0.7,1,58,0.355737472
0.1,0.1,0.7,4,59,0.547968402
0.1,0.1,0.7,6,60,0.54877093
0.1,0.1,0.7,8,61,0.54960625
0.1,0.1,0.7,10,62,0.550414275
0.1,0.1,0.9,0.1,63,0.01136845
0.1,0.1,0.9,0.5,64,0.055312088
0.1,0.1,0.9,1,65,0.107689741
0.1,0.1,0.9,4,66,0.339741405
0.1,0.1,0.9,6,67,0.418519408
0.1,0.1,0.9,8,68,0.460773092
0.1,0.1,0.9,10,69,0.478916499
0.1,1,0.1,0.1,70,0.814280363
0.1,1,0.1,0.5,71,0.828098504
0.1,1,0.1,1,72,0.828105358
0.1,1,0.1,4,73,0.828168161
0.1,1,0.1,6,74,0.828208478
0.1,1,0.1,8,75,0.828247416
0.1,1,0.1,10,76,0.828285031
0.1,1,0.3,0.1,77,0.294274002
0.1,1,0.3,0.5,78,0.823375324
0.1,1,0.3,1,79,0.822647774
0.1,1,0.3,4,80,0.816569605
0.1,1,0.3,6,81,0.816810851
0.1,1,0.3,8,82,0.817056441
0.1,1,0.3,10,83,0.817311004
0.1,1,0.5,0.1,84,0.131154702
0.1,1,0.5,0.5,85,0.565245041
0.1,1,0.5,1,86,0.816787192
0.1,1,0.5,4,87,0.799068244
0.1,1,0.5,6,88,0.79949237
0.1,1,0.5,8,89,0.799964969
0.1,1,0.5,10,90,0.800451794
0.1,1,0.7,0.1,91,0.059058132
0.1,1,0.7,0.5,92,0.258309767
0.1,1,0.7,1,93,0.487393004
0.1,1,0.7,4,94,0.811487241
0.1,1,0.7,6,95,0.79442962
0.1,1,0.7,8,96,0.78089546
0.1,1,0.7,10,97,0.781451478
0.1,1,0.9,0.1,98,0.017306284
0.1,1,0.9,0.5,99,0.073169229
0.1,1,0.9,1,100,0.138494849
0.1,1,0.9,4,101,0.498469898
0.1,1,0.9,6,102,0.699961802
0.1,1,0.9,8,103,0.800814913
0.1,1,0.9,10,104,0.811864164
0.1,3,0.1,0.1,105,0.819801327
0.1,3,0.1,0.5,106,0.829704542
0.1,3,0.1,1,107,0.829705842
0.1,3,0.1,4,108,0.829713973
0.1,3,0.1,6,109,0.82971918
0.1,3,0.1,8,110,0.829724252
0.1,3,0.1,10,111,0.829729213
0.1,3,0.3,0.1,112,0.471479047
0.1,3,0.3,0.5,113,0.825525319
0.1,3,0.3,1,114,0.82856114
0.1,3,0.3,4,115,0.828157921
0.1,3,0.3,6,116,0.828201074
0.1,3,0.3,8,117,0.828243525
0.1,3,0.3,10,118,0.828285114
0.1,3,0.5,0.1,119,0.231787247
0.1,3,0.5,0.5,120,0.702953882
0.1,3,0.5,1,121,0.821847575
0.1,3,0.5,4,122,0.825217266
0.1,3,0.5,6,123,0.825324892
0.1,3,0.5,8,124,0.825434629
0.1,3,0.5,10,125,0.825543383
0.1,3,0.7,0.1,126,0.11287636
0.1,3,0.7,0.5,127,0.393563149
0.1,3,0.7,1,128,0.63599074
0.1,3,0.7,4,129,0.826306409
0.1,3,0.7,6,130,0.824457037
0.1,3,0.7,8,131,0.821210825
0.1,3,0.7,10,132,0.821388424
0.1,3,0.9,0.1,133,0.038461505
0.1,3,0.9,0.5,134,0.131217536
0.1,3,0.9,1,135,0.226885425
0.1,3,0.9,4,136,0.638267621
0.1,3,0.9,6,137,0.750789709
0.1,3,0.9,8,138,0.814892851
0.1,3,0.9,10,139,0.823136963
0.1,5,0.1,0.1,140,0.82229921
0.1,5,0.1,0.5,141,0.829845531
0.1,5,0.1,1,142,0.829846021
0.1,5,0.1,4,143,0.829849097
0.1,5,0.1,6,144,0.829851074
0.1,5,0.1,8,145,0.829853003
0.1,5,0.1,10,146,0.829854891
0.1,5,0.3,0.1,147,0.619213691
0.1,5,0.3,0.5,148,0.826068201
0.1,5,0.3,1,149,0.829106067
0.1,5,0.3,4,150,0.829259888
0.1,5,0.3,6,151,0.829276516
0.1,5,0.3,8,152,0.829292804
0.1,5,0.3,10,153,0.829308757
0.1,5,0.5,0.1,154,0.348833027
0.1,5,0.5,0.5,155,0.762556433
0.1,5,0.5,1,156,0.823248762
0.1,5,0.5,4,157,0.828121018
0.1,5,0.5,6,158,0.828164399
0.1,5,0.5,8,159,0.828208068
0.1,5,0.5,10,160,0.828251249
0.1,5,0.7,0.1,161,0.179852324
0.1,5,0.7,0.5,162,0.529518295
0.1,5,0.7,1,163,0.723446314
0.1,5,0.7,4,164,0.82775438
0.1,5,0.7,6,165,0.827621662
0.1,5,0.7,8,166,0.826523319
0.1,5,0.7,10,167,0.826586702
0.1,5,0.9,0.1,168,0.065848354
0.1,5,0.9,0.5,169,0.202793255
0.1,5,0.9,1,170,0.330750494
0.1,5,0.9,4,171,0.722651077
0.1,5,0.9,6,172,0.794800341
0.1,5,0.9,8,173,0.81857206
0.1,5,0.9,10,174,0.824593697
0.1,7,0.1,0.1,175,0.823769782
0.1,7,0.1,0.5,176,0.829886097
0.1,7,0.1,1,177,0.829886352
0.1,7,0.1,4,178,0.829887972
0.1,7,0.1,6,179,0.829889014
0.1,7,0.1,8,180,0.829890038
0.1,7,0.1,10,181,0.829891037
0.1,7,0.3,0.1,182,0.702618723
0.1,7,0.3,0.5,183,0.826448987
0.1,7,0.3,1,184,0.82927306
0.1,7,0.3,4,185,0.829577651
0.1,7,0.3,6,186,0.829586433
0.1,7,0.3,8,187,0.829595032
0.1,7,0.3,10,188,0.829603458
0.1,7,0.5,0.1,189,0.462718887
0.1,7,0.5,0.5,190,0.786986654
0.1,7,0.5,1,191,0.824152626
0.1,7,0.5,4,192,0.82897498
0.1,7,0.5,6,193,0.828998159
0.1,7,0.5,8,194,0.829021594
0.1,7,0.5,10,195,0.829044667
0.1,7,0.7,0.1,196,0.253615832
0.1,7,0.7,0.5,197,0.631539847
0.1,7,0.7,1,198,0.763364943
0.1,7,0.7,4,199,0.828205949
0.1,7,0.7,6,200,0.828553285
0.1,7,0.7,8,201,0.82811605
0.1,7,0.7,10,202,0.828155312
0.1,7,0.9,0.1,203,0.097661591
0.1,7,0.9,0.5,204,0.280724169
0.1,7,0.9,1,205,0.434741728
0.1,7,0.9,4,206,0.762272338
0.1,7,0.9,6,207,0.805515911
0.1,7,0.9,8,208,0.820629388
0.1,7,0.9,10,209,0.825278706
0.3,0.07,0.1,0.1,210,0.584599797
0.3,0.07,0.1,0.5,211,0.61680234
0.3,0.07,0.1,1,212,0.616370149
0.3,0.07,0.1,4,213,0.617443571
0.3,0.07,0.1,6,214,0.618336476
0.3,0.07,0.1,8,215,0.619267638
0.3,0.07,0.1,10,216,0.620198403
0.3,0.07,0.3,0.1,217,0.183460739
0.3,0.07,0.3,0.5,218,0.338543568
0.3,0.07,0.3,1,219,0.34099956
0.3,0.07,0.3,4,220,0.342522805
0.3,0.07,0.3,6,221,0.343111267
0.3,0.07,0.3,8,222,0.343558898
0.3,0.07,0.3,10,223,0.344041745
0.3,0.07,0.5,0.1,224,0.085687881
0.3,0.07,0.5,0.5,225,0.208818473
0.3,0.07,0.5,1,226,0.214442798
0.3,0.07,0.5,4,227,0.215626763
0.3,0.07,0.5,6,228,0.215998596
0.3,0.07,0.5,8,229,0.216309476
0.3,0.07,0.5,10,230,0.216507332
0.3,0.07,0.7,0.1,231,0.03958765
0.3,0.07,0.7,0.5,232,0.12800018
0.3,0.07,0.7,1,233,0.154674584
0.3,0.07,0.7,4,234,0.156352357
0.3,0.07,0.7,6,235,0.156592328
0.3,0.07,0.7,8,236,0.156824616
0.3,0.07,0.7,10,237,0.157027671
0.3,0.07,0.9,0.1,238,0.010953301
0.3,0.07,0.9,0.5,239,0.048472157
0.3,0.07,0.9,1,240,0.080411788
0.3,0.07,0.9,4,241,0.122334414
0.3,0.07,0.9,6,242,0.12258247
0.3,0.07,0.9,8,243,0.122765718
0.3,0.07,0.9,10,244,0.122995131
0.3,0.1,0.1,0.1,245,0.671963836
0.3,0.1,0.1,0.5,246,0.659602275
0.3,0.1,0.1,1,247,0.658947576
0.3,0.1,0.1,4,248,0.660028805
0.3,0.1,0.1,6,249,0.660993483
0.3,0.1,0.1,8,250,0.661978375
0.3,0.1,0.1,10,251,0.662968448
0.3,0.1,0.3,0.1,252,0.20658192
0.3,0.1,0.3,0.5,253,0.472791912
0.3,0.1,0.3,1,254,0.47859046
0.3,0.1,0.3,4,255,0.480254044
0.3,0.1,0.3,6,256,0.480999389
0.3,0.1,0.3,8,257,0.481744579
0.3,0.1,0.3,10,258,0.482471759
0.3,0.1,0.5,0.1,259,0.092954319
0.3,0.1,0.5,0.5,260,0.285075876
0.3,0.1,0.5,1,261,0.320291197
0.3,0.1,0.5,4,262,0.322652366
0.3,0.1,0.5,6,263,0.323162171
0.3,0.1,0.5,8,264,0.323676494
0.3,0.1,0.5,10,265,0.324150615
0.3,0.1,0.7,0.1,266,0.041488945
0.3,0.1,0.7,0.5,267,0.159473887
0.3,0.1,0.7,1,268,0.223052399
0.3,0.1,0.7,4,269,0.237546337
0.3,0.1,0.7,6,270,0.237963101
0.3,0.1,0.7,8,271,0.238315778
0.3,0.1,0.7,10,272,0.238806776
0.3,0.1,0.9,0.1,273,0.01117545
0.3,0.1,0.9,0.5,274,0.052304207
0.3,0.1,0.9,1,275,0.094177729
0.3,0.1,0.9,4,276,0.186604109
0.3,0.1,0.9,6,277,0.187405413
0.3,0.1,0.9,8,278,0.187695995
0.3,0.1,0.9,10,279,0.187972251
0.3,1,0.1,0.1,280,0.811488643
0.3,1,0.1,0.5,281,0.816285289
0.3,1,0.1,1,282,0.816266313
0.3,1,0.1,4,283,0.816489714
0.3,1,0.1,6,284,0.81675682
0.3,1,0.1,8,285,0.817022884
0.3,1,0.1,10,286,0.81728706
0.3,1,0.3,0.1,287,0.275265853
0.3,1,0.3,0.5,288,0.811931331
0.3,1,0.3,1,289,0.785525261
0.3,1,0.3,4,290,0.763408822
0.3,1,0.3,6,291,0.764072476
0.3,1,0.3,8,292,0.764856557
0.3,1,0.3,10,293,0.765677924
0.3,1,0.5,0.1,294,0.121447461
0.3,1,0.5,0.5,295,0.542432387
0.3,1,0.5,1,296,0.795117004
0.3,1,0.5,4,297,0.722994825
0.3,1,0.5,6,298,0.723626394
0.3,1,0.5,8,299,0.724461142
0.3,1,0.5,10,300,0.725346261
0.3,1,0.7,0.1,301,0.054018468
0.3,1,0.7,0.5,302,0.244359216
0.3,1,0.7,1,303,0.465643538
0.3,1,0.7,4,304,0.741207194
0.3,1,0.7,6,305,0.696998191
0.3,1,0.7,8,306,0.69598408
0.3,1,0.7,10,307,0.696842721
0.3,1,0.9,0.1,308,0.015355736
0.3,1,0.9,0.5,309,0.067727007
0.3,1,0.9,1,310,0.129997388
0.3,1,0.9,4,311,0.477844077
0.3,1,0.9,6,312,0.668719069
0.3,1,0.9,8,313,0.752935352
0.3,1,0.9,10,314,0.750821633
0.3,3,0.1,0.1,315,0.818182181
0.3,3,0.1,0.5,316,0.82810692
0.3,3,0.1,1,317,0.828113783
0.3,3,0.1,4,318,0.828176633
0.3,3,0.1,6,319,0.828217011
0.3,3,0.1,8,320,0.828256095
0.3,3,0.1,10,321,0.828294039
0.3,3,0.3,0.1,322,0.405939951
0.3,3,0.3,0.5,323,0.823825119
0.3,3,0.3,1,324,0.822694293
0.3,3,0.3,4,325,0.816603251
0.3,3,0.3,6,326,0.816846937
0.3,3,0.3,8,327,0.817096368
0.3,3,0.3,10,328,0.817354833
0.3,3,0.5,0.1,329,0.19188926
0.3,3,0.5,0.5,330,0.662712285
0.3,3,0.5,1,331,0.818326387
0.3,3,0.5,4,332,0.799128338
0.3,3,0.5,6,333,0.799551481
0.3,3,0.5,8,334,0.800025076
0.3,3,0.5,10,335,0.800516194
0.3,3,0.7,0.1,336,0.091094602
0.3,3,0.7,0.5,337,0.342050859
0.3,3,0.7,1,338,0.586835218
0.3,3,0.7,4,339,0.811668381
0.3,3,0.7,6,340,0.794491785
0.3,3,0.7,8,341,0.780966301
0.3,3,0.7,10,342,0.781516579
0.3,3,0.9,0.1,343,0.029636597
0.3,3,0.9,0.5,344,0.107941399
0.3,3,0.9,1,345,0.192059811
0.3,3,0.9,4,346,0.591631075
0.3,3,0.9,6,347,0.750105402
0.3,3,0.9,8,348,0.806296053
0.3,3,0.9,10,349,0.812895799
0.3,5,0.1,0.1,350,0.820896112
0.3,5,0.1,0.5,351,0.829239685
0.3,5,0.1,1,352,0.829243287
0.3,5,0.1,4,353,0.829267981
0.3,5,0.1,6,354,0.829283722
0.3,5,0.1,8,355,0.829299026
0.3,5,0.1,10,356,0.829313988
0.3,5,0.3,0.1,357,0.536622235
0.3,5,0.3,0.5,358,0.82523467
0.3,5,0.3,1,359,0.826830321
0.3,5,0.3,4,360,0.824607408
0.3,5,0.3,6,361,0.824725979
0.3,5,0.3,8,362,0.824844058
0.3,5,0.3,10,363,0.824961076
0.3,5,0.5,0.1,364,0.276479695
0.3,5,0.5,0.5,365,0.733472787
0.3,5,0.5,1,366,0.821447568
0.3,5,0.5,4,367,0.816426653
0.3,5,0.5,6,368,0.816691803
0.3,5,0.5,8,369,0.816969244
0.3,5,0.5,10,370,0.817246724
0.3,5,0.7,0.1,371,0.137419967
0.3,5,0.7,0.5,372,0.449787475
0.3,5,0.7,1,373,0.678740989
0.3,5,0.7,4,374,0.821844881
0.3,5,0.7,6,375,0.814682769
0.3,5,0.7,8,376,0.806367718
0.3,5,0.7,10,377,0.806768952
0.3,5,0.9,0.1,378,0.047919214
0.3,5,0.9,0.5,379,0.157898982
0.3,5,0.9,1,380,0.266899409
0.3,5,0.9,4,381,0.679093896
0.3,5,0.9,6,382,0.781584854
0.3,5,0.9,8,383,0.814224164
0.3,5,0.9,10,384,0.820321102
0.3,7,0.1,0.1,385,0.822522906
0.3,7,0.1,0.5,386,0.829566887
0.3,7,0.1,1,387,0.829568944
0.3,7,0.1,4,388,0.829582041
0.3,7,0.1,6,389,0.829590404
0.3,7,0.1,8,390,0.829598555
0.3,7,0.1,10,391,0.829606528
0.3,7,0.3,0.1,392,0.634870856
0.3,7,0.3,0.5,393,0.825842772
0.3,7,0.3,1,394,0.82805833
0.3,7,0.3,4,395,0.827088044
0.3,7,0.3,6,396,0.827155111
0.3,7,0.3,8,397,0.827222119
0.3,7,0.3,10,398,0.827287978
0.3,7,0.5,0.1,399,0.365259182
0.3,7,0.5,0.5,400,0.767608401
0.3,7,0.5,1,401,0.822846137
0.3,7,0.5,4,402,0.822480017
0.3,7,0.5,6,403,0.822642776
0.3,7,0.5,8,404,0.822809917
0.3,7,0.5,10,405,0.822976124
0.3,7,0.7,0.1,406,0.189220609
0.3,7,0.7,0.5,407,0.547641903
0.3,7,0.7,1,408,0.731741717
0.3,7,0.7,4,409,0.825006951
0.3,7,0.7,6,410,0.821450565
0.3,7,0.7,8,411,0.816405075
0.3,7,0.7,10,412,0.816670845
0.3,7,0.9,0.1,413,0.068952567
0.3,7,0.9,0.5,414,0.213395069
0.3,7,0.9,1,415,0.346442037
0.3,7,0.9,4,416,0.730806156
0.3,7,0.9,6,417,0.694802734
0.3,7,0.9,8,418,0.817646843
0.3,7,0.9,10,419,0.822792994
0.7,0.07,0.1,0.1,420,0.3854752
0.7,0.07,0.1,0.5,421,0.417168266
0.7,0.07,0.1,1,422,0.418137506
0.7,0.07,0.1,4,423,0.419576888
0.7,0.07,0.1,6,424,0.420258236
0.7,0.07,0.1,8,425,0.420875147
0.7,0.07,0.1,10,426,0.421525675
0.7,0.07,0.3,0.1,427,0.126864658
0.7,0.07,0.3,0.5,428,0.155130582
0.7,0.07,0.3,1,429,0.155795124
0.7,0.07,0.3,4,430,0.15640498
0.7,0.07,0.3,6,431,0.15665591
0.7,0.07,0.3,8,432,0.156915565
0.7,0.07,0.3,10,433,0.15708532
0.7,0.07,0.5,0.1,434,0.065602172
0.7,0.07,0.5,0.5,435,0.094189212
0.7,0.07,0.5,1,436,0.0946887
0.7,0.07,0.5,4,437,0.095095033
0.7,0.07,0.5,6,438,0.095218801
0.7,0.07,0.5,8,439,0.095334248
0.7,0.07,0.5,10,440,0.095527705
0.7,0.07,0.7,0.1,441,0.034007591
0.7,0.07,0.7,0.5,442,0.067164133
0.7,0.07,0.7,1,443,0.067891261
0.7,0.07,0.7,4,444,0.068227646
0.7,0.07,0.7,6,445,0.068383096
0.7,0.07,0.7,8,446,0.068421708
0.7,0.07,0.7,10,447,0.068515527
0.7,0.07,0.9,0.1,448,0.010509874
0.7,0.07,0.9,0.5,449,0.037761834
0.7,0.07,0.9,1,450,0.051393125
0.7,0.07,0.9,4,451,0.053181287
0.7,0.07,0.9,6,452,0.053282391
0.7,0.07,0.9,8,453,0.053403456
0.7,0.07,0.9,10,454,0.502738455
0.7,0.1,0.1,0.1,455,0.547272017
0.7,0.1,0.1,0.5,456,0.547642042
0.7,0.1,0.1,1,457,0.548932257
0.7,0.1,0.1,4,458,0.550572642
0.7,0.1,0.1,6,459,0.551362771
0.7,0.1,0.1,8,460,0.162317711
0.7,0.1,0.1,10,461,0.235531643
0.7,0.1,0.3,0.1,462,0.236770337
0.7,0.1,0.3,0.5,463,0.237747807
0.7,0.1,0.3,1,464,0.23815686
0.7,0.1,0.3,4,465,0.238419018
0.7,0.1,0.3,6,466,0.238887307
0.7,0.1,0.3,8,467,0.079290996
0.7,0.1,0.3,10,468,0.144140001
0.7,0.1,0.5,0.1,469,0.145329408
0.7,0.1,0.5,0.5,470,0.145968142
0.7,0.1,0.5,1,471,0.146295762
0.7,0.1,0.5,4,472,0.146512265
0.7,0.1,0.5,6,473,0.146648836
0.7,0.1,0.5,8,474,0.038190098
0.7,0.1,0.5,10,475,0.100416994
0.7,0.1,0.7,0.1,476,0.104552862
0.7,0.1,0.7,0.5,477,0.105110661
0.7,0.1,0.7,1,478,0.105298551
0.7,0.1,0.7,4,479,0.105462742
0.7,0.1,0.7,6,480,0.105588087
0.7,0.1,0.7,8,481,0.010905493
0.7,0.1,0.7,10,482,0.045252538
0.7,0.1,0.9,0.1,483,0.068699214
0.7,0.1,0.9,0.5,484,0.082078493
0.7,0.1,0.9,1,485,0.082201263
0.7,0.1,0.9,4,486,0.082354196
0.7,0.1,0.9,6,487,0.082426693
0.7,0.1,0.9,8,488,0.805182582
0.7,0.1,0.9,10,489,0.780431376
0.7,1,0.1,0.1,490,0.779904579
0.7,1,0.1,0.5,491,0.780461265
0.7,1,0.1,1,492,0.781178646
0.7,1,0.1,4,493,0.781897989
0.7,1,0.1,6,494,0.782614574
0.7,1,0.1,8,495,0.26374976
0.7,1,0.1,10,496,0.773386506
0.7,1,0.3,0.1,497,0.707739039
0.7,1,0.3,0.5,498,0.69560698
0.7,1,0.3,1,499,0.696402175
0.7,1,0.3,4,500,0.697528206
0.7,1,0.3,6,501,0.115822602
0.7,1,0.3,8,502,0.520668535
0.7,1,0.3,10,503,0.731950457
0.7,1,0.5,0.1,504,0.658107943
0.7,1,0.5,0.5,505,0.653694697
0.7,1,0.5,1,506,0.659726849
0.7,1,0.5,4,507,0.659921587
0.7,1,0.5,6,508,0.051183916
0.7,1,0.5,8,509,0.235323811
0.7,1,0.5,10,510,0.447028316
0.7,1,0.7,0.1,511,0.634553249
0.7,1,0.7,0.5,512,0.637639221
0.7,1,0.7,1,513,0.638420629
0.7,1,0.7,4,514,0.638993177
0.7,1,0.7,6,515,0.014293199
0.7,1,0.7,8,516,0.064654641
0.7,1,0.7,10,517,0.124967981
0.7,1,0.9,0.1,518,0.453456181
0.7,1,0.9,0.5,519,0.598256415
0.7,1,0.9,1,520,0.650913855
0.7,1,0.9,4,521,0.64850304
0.7,1,0.9,6,522,0.816368437
0.7,1,0.9,8,523,0.821173137
0.7,1,0.9,10,524,0.821177882
0.7,3,0.1,0.1,525,0.821377849
0.7,3,0.1,0.5,526,0.82155818
0.7,3,0.1,1,527,0.82173605
0.7,3,0.1,4,528,0.821912944
0.7,3,0.1,6,529,0.366255532
0.7,3,0.1,8,530,0.817332228
0.7,3,0.1,10,531,0.799773778
0.7,3,0.3,0.1,532,0.780778872
0.7,3,0.3,0.5,533,0.781358443
0.7,3,0.3,1,534,0.782037956
0.7,3,0.3,4,535,0.782754952
0.7,3,0.3,6,536,0.169549939
0.7,3,0.3,8,537,0.630997719
0.7,3,0.3,10,538,0.806080672
0.7,3,0.5,0.1,539,0.743493109
0.7,3,0.5,0.5,540,0.743981179
0.7,3,0.5,1,541,0.744771751
0.7,3,0.5,4,542,0.74565154
0.7,3,0.5,6,543,0.079175369
0.7,3,0.5,8,544,0.311943065
0.7,3,0.5,10,545,0.55237347
0.7,3,0.7,0.1,546,0.764920071
0.7,3,0.7,0.5,547,0.722888011
0.7,3,0.7,1,548,0.716210247
0.7,3,0.7,4,549,0.716936421
0.7,3,0.7,6,550,0.024952335
0.7,3,0.7,8,551,0.095109987
0.7,3,0.7,10,552,0.172516252
0.7,3,0.9,0.1,553,0.558254604
0.7,3,0.9,0.5,554,0.724564385
0.7,3,0.9,1,555,0.779166498
0.7,3,0.9,4,556,0.774092215
0.7,3,0.9,6,557,0.819553346
0.7,3,0.9,8,558,0.82650145
0.7,3,0.9,10,559,0.826511172
0.7,5,0.1,0.1,560,0.826619629
0.7,5,0.1,0.5,561,0.826693482
0.7,5,0.1,1,562,0.826765295
0.7,5,0.1,4,563,0.826836032
0.7,5,0.1,6,564,0.476449482
0.7,5,0.1,8,565,0.822557016
0.7,5,0.1,10,566,0.81705409
0.7,5,0.3,0.1,567,0.806580402
0.7,5,0.3,0.5,568,0.80692742
0.7,5,0.3,1,569,0.807324871
0.7,5,0.3,4,570,0.807748741
0.7,5,0.3,6,571,0.234717282
0.7,5,0.3,8,572,0.705159895
0.7,5,0.3,10,573,0.816192748
0.7,5,0.5,0.1,574,0.780875987
0.7,5,0.5,0.5,575,0.781314649
0.7,5,0.5,1,576,0.781906773
0.7,5,0.5,4,577,0.782574602
0.7,5,0.5,6,578,0.114151972
0.7,5,0.5,8,579,0.398521676
0.7,5,0.5,10,580,0.639506502
0.7,5,0.7,0.1,581,0.798822855
0.7,5,0.7,0.5,582,0.771894209
0.7,5,0.7,1,583,0.757655065
0.7,5,0.7,4,584,0.758216694
0.7,5,0.7,6,585,0.038524472
0.7,5,0.7,8,586,0.132993511
0.7,5,0.7,10,587,0.230134415
0.7,5,0.9,0.1,588,0.640986895
0.7,5,0.9,0.5,589,0.764920445
0.7,5,0.9,1,590,0.801764563
0.7,5,0.9,4,591,0.8041123
0.7,5,0.9,6,592,0.821383047
0.7,5,0.9,8,593,0.828110113
0.7,5,0.9,10,594,0.828116999
0.7,7,0.1,0.1,595,0.828179934
0.7,7,0.1,0.5,596,0.828220463
0.7,7,0.1,1,597,0.828259785
0.7,7,0.1,4,598,0.828298151
0.7,7,0.1,6,599,0.572999566
0.7,7,0.1,8,600,0.824292872
0.7,7,0.1,10,601,0.822712527
0.7,7,0.3,0.1,602,0.816627876
0.7,7,0.3,0.5,603,0.81687457
0.7,7,0.3,1,604,0.817128296
0.7,7,0.3,4,605,0.817391405
0.7,7,0.3,6,606,0.305170661
0.7,7,0.3,8,607,0.747079681
0.7,7,0.3,10,608,0.819745211
0.7,7,0.5,0.1,609,0.799188027
0.7,7,0.5,0.5,610,0.799614782
0.7,7,0.5,1,611,0.800094874
0.7,7,0.5,4,612,0.800594027
0.7,7,0.5,6,613,0.153511527
0.7,7,0.5,8,614,0.484012055
0.7,7,0.5,10,615,0.699531403
0.7,7,0.7,0.1,616,0.811726545
0.7,7,0.7,0.5,617,0.794498736
0.7,7,0.7,1,618,0.78106695
0.7,7,0.7,4,619,0.781619651
0.7,7,0.7,6,620,0.054096167
0.7,7,0.7,8,621,0.175436237
0.7,7,0.7,10,622,0.292865318
0.7,7,0.9,0.1,623,0.698896546
0.7,7,0.9,0.5,624,0.784823826
0.7,7,0.9,1,625,0.809935471
0.7,7,0.9,4,626,0.813572126
0.7,7,0.9,6,627,0.320611177
0.7,7,0.9,8,628,0.340428165
0.7,7,0.9,10,629,0.34135214
0.9,0.07,0.1,0.1,630,0.342483511
0.9,0.07,0.1,0.5,631,0.343057748
0.9,0.07,0.1,1,632,0.34354706
0.9,0.07,0.1,4,633,0.344052065
0.9,0.07,0.1,6,634,0.107221764
0.9,0.07,0.1,8,635,0.121595999
0.9,0.07,0.1,10,636,0.122093657
0.9,0.07,0.3,0.1,637,0.122567704
0.9,0.07,0.3,0.5,638,0.122739361
0.9,0.07,0.3,1,639,0.122927049
0.9,0.07,0.3,4,640,0.123067662
0.9,0.07,0.3,6,641,0.057624085
0.9,0.07,0.3,8,642,0.073573951
0.9,0.07,0.3,10,643,0.073919554
0.9,0.07,0.5,0.1,644,0.074241638
0.9,0.07,0.5,0.5,645,0.074335486
0.9,0.07,0.5,1,646,0.074449267
0.9,0.07,0.5,4,647,0.074555373
0.9,0.07,0.5,6,648,0.031379002
0.9,0.07,0.5,8,649,0.052585937
0.9,0.07,0.5,10,650,0.052981374
0.9,0.07,0.7,0.1,651,0.053210519
0.9,0.07,0.7,0.5,652,0.053283902
0.9,0.07,0.7,1,653,0.053404358
0.9,0.07,0.7,4,654,0.010276975
0.9,0.07,0.7,6,655,0.033566769
0.9,0.07,0.7,8,656,0.040975313
0.9,0.07,0.7,10,657,0.041455665
0.9,0.07,0.9,0.1,658,0.041513455
0.9,0.07,0.9,0.5,659,0.041598252
0.9,0.07,0.9,1,660,0.04165269
0.9,0.07,0.9,4,661,0.439113683
0.9,0.07,0.9,6,662,0.478014066
0.9,0.07,0.9,8,663,0.478869186
0.9,0.07,0.9,10,664,0.480354825
0.9,0.1,0.1,0.1,665,0.481080421
0.9,0.1,0.1,0.5,666,0.481794202
0.9,0.1,0.1,1,667,0.482537018
0.9,0.1,0.1,4,668,0.143683702
0.9,0.1,0.1,6,669,0.185834394
0.9,0.1,0.1,8,670,0.186660842
0.9,0.1,0.1,10,671,0.187488512
0.9,0.1,0.3,0.1,672,0.187804944
0.9,0.1,0.3,0.5,673,0.188045263
0.9,0.1,0.3,1,674,0.188328247
0.9,0.1,0.3,4,675,0.072645593
0.9,0.1,0.3,6,676,0.113051284
0.9,0.1,0.3,8,677,0.113775727
0.9,0.1,0.3,10,678,0.114352079
0.9,0.1,0.5,0.1,679,0.114461076
0.9,0.1,0.5,0.5,680,0.114699539
0.9,0.1,0.5,1,681,0.11485966
0.9,0.1,0.5,4,682,0.036448701
0.9,0.1,0.5,6,683,0.080425078
0.9,0.1,0.5,8,684,0.081688101
0.9,0.1,0.5,10,685,0.082137722
0.9,0.1,0.7,0.1,686,0.082244509
0.9,0.1,0.7,0.5,687,0.082400925
0.9,0.1,0.7,1,688,0.082485563
0.9,0.1,0.7,4,689,0.010770231
0.9,0.1,0.7,6,690,0.041730604
0.9,0.1,0.7,8,691,0.059410831
0.9,0.1,0.7,10,692,0.064067063
0.9,0.1,0.9,0.1,693,0.064165756
0.9,0.1,0.9,0.5,694,0.064255237
0.9,0.1,0.9,1,695,0.064318918
0.9,0.1,0.9,4,696,0.801343713
0.9,0.1,0.9,6,697,0.763219508
0.9,0.1,0.9,8,698,0.762500409
0.9,0.1,0.9,10,699,0.763202515
0.9,1,0.1,0.1,700,0.764031684
0.9,1,0.1,0.5,701,0.764866557
0.9,1,0.1,1,702,0.765699077
0.9,1,0.1,4,703,0.260550702
0.9,1,0.1,6,704,0.752288534
0.9,1,0.1,8,705,0.681645834
0.9,1,0.1,10,706,0.676280659
0.9,1,0.3,0.1,707,0.677142317
0.9,1,0.3,0.5,708,0.678013662
0.9,1,0.3,1,709,0.677945146
0.9,1,0.3,4,710,0.114344788
0.9,1,0.3,6,711,0.510631233
0.9,1,0.3,8,712,0.702165056
0.9,1,0.3,10,713,0.641762492
0.9,1,0.5,0.1,714,0.642777066
0.9,1,0.5,0.5,715,0.643368388
0.9,1,0.5,1,716,0.644394017
0.9,1,0.5,4,717,0.050467012
0.9,1,0.5,6,718,0.232496589
0.9,1,0.5,8,719,0.438021959
0.9,1,0.5,10,720,0.622597127
0.9,1,0.7,0.1,721,0.621967994
0.9,1,0.7,0.5,722,0.62252868
0.9,1,0.7,1,723,0.623870661
0.9,1,0.7,4,724,0.014034718
0.9,1,0.7,6,725,0.063870353
0.9,1,0.7,8,726,0.123591359
0.9,1,0.7,10,727,0.439702292
0.9,1,0.9,0.1,728,0.559908426
0.9,1,0.9,0.5,729,0.605575497
0.9,1,0.9,1,730,0.608029337
0.9,1,0.9,4,731,0.815554331
0.9,1,0.9,6,732,0.816318054
0.9,1,0.9,8,733,0.816300153
0.9,1,0.9,10,734,0.816555996
0.9,3,0.1,0.1,735,0.81682818
0.9,3,0.1,0.5,736,0.81709732
0.9,3,0.1,1,737,0.817363871
0.9,3,0.1,4,738,0.356098289
0.9,3,0.1,6,739,0.812750527
0.9,3,0.1,8,740,0.785591446
0.9,3,0.1,10,741,0.763508163
0.9,3,0.3,0.1,742,0.764212906
0.9,3,0.3,0.5,743,0.765013402
0.9,3,0.3,1,744,0.765855628
0.9,3,0.3,4,745,0.164012359
0.9,3,0.3,6,746,0.621433176
0.9,3,0.3,8,747,0.796687619
0.9,3,0.3,10,748,0.722785088
0.9,3,0.5,0.1,749,0.723366912
0.9,3,0.5,0.5,750,0.724216092
0.9,3,0.5,1,751,0.725138918
0.9,3,0.5,4,752,0.07625103
0.9,3,0.5,6,753,0.304314049
0.9,3,0.5,8,754,0.542550596
0.9,3,0.5,10,755,0.741497711
0.9,3,0.7,0.1,756,0.69674147
0.9,3,0.7,0.5,757,0.695690819
0.9,3,0.7,1,758,0.696455122
0.9,3,0.7,4,759,0.02381835
0.9,3,0.7,6,760,0.091954941
0.9,3,0.7,8,761,0.167670784
0.9,3,0.7,10,762,0.548327225
0.9,3,0.9,0.1,763,0.712859444
0.9,3,0.9,0.5,764,0.7627698
0.9,3,0.9,1,765,0.756762792
0.9,3,0.9,4,766,0.819041316
0.9,3,0.9,6,767,0.824466951
0.9,3,0.9,8,768,0.824477382
0.9,3,0.9,10,769,0.824630372
0.9,5,0.1,0.1,770,0.824745918
0.9,5,0.1,0.5,771,0.824859569
0.9,5,0.1,1,772,0.82497176
0.9,5,0.1,4,773,0.460026202
0.9,5,0.1,6,774,0.820663155
0.9,5,0.1,8,775,0.810209247
0.9,5,0.1,10,776,0.795600062
0.9,5,0.3,0.1,777,0.796051988
0.9,5,0.3,0.5,778,0.796592154
0.9,5,0.3,1,779,0.797167356
0.9,5,0.3,4,780,0.224275117
0.9,5,0.3,6,781,0.695760564
0.9,5,0.3,8,782,0.812620612
0.9,5,0.3,10,783,0.763693233
0.9,5,0.5,0.1,784,0.764133758
0.9,5,0.5,0.5,785,0.76483721
0.9,5,0.5,1,786,0.765632502
0.9,5,0.5,4,787,0.108445595
0.9,5,0.5,6,788,0.385171663
0.9,5,0.5,8,789,0.627440153
0.9,5,0.5,10,790,0.78451549
0.9,5,0.7,0.1,791,0.749718758
0.9,5,0.7,0.5,792,0.737781772
0.9,5,0.7,1,793,0.738406347
0.9,5,0.7,4,794,0.036262202
0.9,5,0.7,6,795,0.126860178
0.9,5,0.7,8,796,0.220953045
0.9,5,0.7,10,797,0.629121244
0.9,5,0.9,0.1,798,0.757482346
0.9,5,0.9,0.5,799,0.793736183
0.9,5,0.9,1,800,0.791712591
0.9,5,0.9,4,801,0.820977743
0.9,5,0.9,6,802,0.827008267
0.9,5,0.9,8,803,0.827017391
0.9,5,0.9,10,804,0.827112941
0.9,7,0.1,0.1,805,0.827176664
0.9,7,0.1,0.5,806,0.827238692
0.9,7,0.1,1,807,0.827299602
0.9,7,0.1,4,808,0.554199984
0.9,7,0.1,6,809,0.823236706
0.9,7,0.1,8,810,0.818810886
0.9,7,0.1,10,811,0.80960721
0.9,7,0.3,0.1,812,0.809930933
0.9,7,0.3,0.5,813,0.810289715
0.9,7,0.3,1,814,0.810672067
0.9,7,0.3,4,815,0.289819939
0.9,7,0.3,6,816,0.739820629
0.9,7,0.3,8,817,0.8177066
0.9,7,0.3,10,818,0.786087047
0.9,7,0.5,0.1,819,0.786536045
0.9,7,0.5,0.5,820,0.787104832
0.9,7,0.5,1,821,0.787731807
0.9,7,0.5,4,822,0.144723029
0.9,7,0.5,6,823,0.466379411
0.9,7,0.5,8,824,0.688654174
0.9,7,0.5,10,825,0.802715938
0.9,7,0.7,0.1,826,0.778390798
0.9,7,0.7,0.5,827,0.764055008
0.9,7,0.7,1,828,0.764620435
0.9,7,0.7,4,829,0.050530683
0.9,7,0.7,6,830,0.166036566
0.9,7,0.7,8,831,0.279246057
0.9,7,0.7,10,832,0.688061936
0.9,7,0.9,0.1,833,0.779741717
0.9,7,0.9,0.5,834,0.804485602
0.9,7,0.9,1,835,0.807191645
0.9,7,0.9,4,836,
0.9,7,0.9,6,837,
0.9,7,0.9,8,838,
0.9,7,0.9,10,839,
