ratio_absorb,PSII_content_per_leaf,PSII_antenna_size,P700_red_initial,idx,CO2
0.1,0.07,0.1,0.1,0,0.184343517
0.1,0.07,0.1,0.5,1,0.180782203
0.1,0.07,0.1,1,2,0.180666208
0.1,0.07,0.1,4,3,0.180955755
0.1,0.07,0.1,6,4,0.181198079
0.1,0.07,0.1,8,5,0.181444494
0.1,0.07,0.1,10,6,0.181693473
0.1,0.07,0.3,0.1,7,0.16458362
0.1,0.07,0.3,0.5,8,0.469001659
0.1,0.07,0.3,1,9,0.462951149
0.1,0.07,0.3,4,10,0.462971893
0.1,0.07,0.3,6,11,0.463634258
0.1,0.07,0.3,8,12,0.464336969
0.1,0.07,0.3,10,13,0.465030575
0.1,0.07,0.5,0.1,14,0.120531925
0.1,0.07,0.5,0.5,15,0.464888341
0.1,0.07,0.5,1,16,0.623624801
0.1,0.07,0.5,4,17,0.650440354
0.1,0.07,0.5,6,18,0.651461088
0.1,0.07,0.5,8,19,0.652503816
0.1,0.07,0.5,10,20,0.653449155
0.1,0.07,0.7,0.1,21,0.07393728
0.1,0.07,0.7,0.5,22,0.324952344
0.1,0.07,0.7,1,23,0.52904722
0.1,0.07,0.7,4,24,0.733211311
0.1,0.07,0.7,6,25,0.734359799
0.1,0.07,0.7,8,26,0.735613935
0.1,0.07,0.7,10,27,0.736687992
0.1,0.07,0.9,0.1,28,0.025255343
0.1,0.07,0.9,0.5,29,0.121370594
0.1,0.07,0.9,1,30,0.230681475
0.1,0.07,0.9,4,31,0.625234489
0.1,0.07,0.9,6,32,0.737921192
0.1,0.07,0.9,8,33,0.768952249
0.1,0.07,0.9,10,34,0.770794434
0.1,0.1,0.1,0.1,35,0.192871076
0.1,0.1,0.1,0.5,36,0.188479139
0.1,0.1,0.1,1,37,0.188362185
0.1,0.1,0.1,4,38,0.188604816
0.1,0.1,0.1,6,39,0.188818518
0.1,0.1,0.1,8,40,0.189036312
0.1,0.1,0.1,10,41,0.189255803
0.1,0.1,0.3,0.1,42,0.170912136
0.1,0.1,0.3,0.5,43,0.528813203
0.1,0.1,0.3,1,44,0.496828643
0.1,0.1,0.3,4,45,0.494901413
0.1,0.1,0.3,6,46,0.49560767
0.1,0.1,0.3,8,47,0.496346438
0.1,0.1,0.3,10,48,0.497101928
0.1,0.1,0.5,0.1,49,0.123873208
0.1,0.1,0.5,0.5,50,0.534970489
0.1,0.1,0.5,1,51,0.755661655
0.1,0.1,0.5,4,52,0.759863516
0.1,0.1,0.5,6,53,0.760911879
0.1,0.1,0.5,8,54,0.761985019
0.1,0.1,0.5,10,55,0.763109679
0.1,0.1,0.7,0.1,56,0.075360428
0.1,0.1,0.7,0.5,57,0.351471711
0.1,0.1,0.7,1,58,0.622540576
0.1,0.1,0.7,4,59,0.958944703
0.1,0.1,0.7,6,60,0.960349128
0.1,0.1,0.7,8,61,0.961810938
0.1,0.1,0.7,10,62,0.963224981
0.1,0.1,0.9,0.1,63,0.025579013
0.1,0.1,0.9,0.5,64,0.124452198
0.1,0.1,0.9,1,65,0.242301917
0.1,0.1,0.9,4,66,0.764418161
0.1,0.1,0.9,6,67,0.941668668
0.1,0.1,0.9,8,68,1.036739457
0.1,0.1,0.9,10,69,1.077562123
0.1,1,0.1,0.1,70,0.197185326
0.1,1,0.1,0.5,71,0.207024626
0.1,1,0.1,1,72,0.20702634
0.1,1,0.1,4,73,0.20704204
0.1,1,0.1,6,74,0.20705212
0.1,1,0.1,8,75,0.207061854
0.1,1,0.1,10,76,0.207071258
0.1,1,0.3,0.1,77,0.147653626
0.1,1,0.3,0.5,78,0.617531493
0.1,1,0.3,1,79,0.616985831
0.1,1,0.3,4,80,0.612427204
0.1,1,0.3,6,81,0.612608138
0.1,1,0.3,8,82,0.612792331
0.1,1,0.3,10,83,0.612983253
0.1,1,0.5,0.1,84,0.105667051
0.1,1,0.5,0.5,85,0.526547029
0.1,1,0.5,1,86,1.02098399
0.1,1,0.5,4,87,0.998835305
0.1,1,0.5,6,88,0.999365463
0.1,1,0.5,8,89,0.999956211
0.1,1,0.5,10,90,1.000564743
0.1,1,0.7,0.1,91,0.06369186
0.1,1,0.7,0.5,92,0.315664629
0.1,1,0.7,1,93,0.633931456
0.1,1,0.7,4,94,1.420102672
0.1,1,0.7,6,95,1.390251835
0.1,1,0.7,8,96,1.366567055
0.1,1,0.7,10,97,1.367540087
0.1,1,0.9,0.1,98,0.021626653
0.1,1,0.9,0.5,99,0.105700509
0.1,1,0.9,1,100,0.210674729
0.1,1,0.9,4,101,0.842284658
0.1,1,0.9,6,102,1.268132793
0.1,1,0.9,8,103,1.743267911
0.1,1,0.9,10,104,1.826694369
0.1,3,0.1,0.1,105,0.06725635
0.1,3,0.1,0.5,106,0.207426136
0.1,3,0.1,1,107,0.207426461
0.1,3,0.1,4,108,0.207428493
0.1,3,0.1,6,109,0.207429795
0.1,3,0.1,8,110,0.207431063
0.1,3,0.1,10,111,0.207432303
0.1,3,0.3,0.1,112,0.049743715
0.1,3,0.3,0.5,113,0.271373081
0.1,3,0.3,1,114,0.596775093
0.1,3,0.3,4,115,0.621118441
0.1,3,0.3,6,116,0.621150805
0.1,3,0.3,8,117,0.621182644
0.1,3,0.3,10,118,0.621213836
0.1,3,0.5,0.1,119,0.035683118
0.1,3,0.5,0.5,120,0.176503681
0.1,3,0.5,1,121,0.375534786
0.1,3,0.5,4,122,1.031521583
0.1,3,0.5,6,123,1.031656115
0.1,3,0.5,8,124,1.031793286
0.1,3,0.5,10,125,1.031929229
0.1,3,0.7,0.1,126,0.021629055
0.1,3,0.7,0.5,127,0.105773544
0.1,3,0.7,1,128,0.211249577
0.1,3,0.7,4,129,0.988133124
0.1,3,0.7,6,130,1.442799815
0.1,3,0.7,8,131,1.437118944
0.1,3,0.7,10,132,1.437429742
0.1,3,0.9,0.1,133,0.007489169
0.1,3,0.9,0.5,134,0.035681531
0.1,3,0.9,1,135,0.070727767
0.1,3,0.9,4,136,0.281459552
0.1,3,0.9,6,137,0.44425013
0.1,3,0.9,8,138,0.585992246
0.1,3,0.9,10,139,0.766047307
0.1,5,0.1,0.1,140,0.041125653
0.1,5,0.1,0.5,141,0.182146281
0.1,5,0.1,1,142,0.182152081
0.1,5,0.1,4,143,0.182190573
0.1,5,0.1,6,144,0.182215178
0.1,5,0.1,8,145,0.182239643
0.1,5,0.1,10,146,0.182263698
0.1,5,0.3,0.1,147,0.03013496
0.1,5,0.3,0.5,148,0.163983
0.1,5,0.3,1,149,0.358439567
0.1,5,0.3,4,150,0.545637076
0.1,5,0.3,6,151,0.545732346
0.1,5,0.3,8,152,0.545833925
0.1,5,0.3,10,153,0.545927171
0.1,5,0.5,0.1,154,0.021639691
0.1,5,0.5,0.5,155,0.106722334
0.1,5,0.5,1,156,0.227246051
0.1,5,0.5,4,157,0.908577955
0.1,5,0.5,6,158,0.908782931
0.1,5,0.5,8,159,0.908988616
0.1,5,0.5,10,160,0.909207985
0.1,5,0.7,0.1,161,0.013168765
0.1,5,0.7,0.5,162,0.06380065
0.1,5,0.7,1,163,0.127439466
0.1,5,0.7,4,164,0.59361286
0.1,5,0.7,6,165,0.929400845
0.1,5,0.7,8,166,1.265684328
0.1,5,0.7,10,167,1.27036342
0.1,5,0.9,0.1,168,0.004624697
0.1,5,0.9,0.5,169,0.021633781
0.1,5,0.9,1,170,0.042713293
0.1,5,0.9,4,171,0.169670822
0.1,5,0.9,6,172,0.257500863
0.1,5,0.9,8,173,0.354824885
0.1,5,0.9,10,174,0.461871877
0.1,7,0.1,0.1,175,0.029853985
0.1,7,0.1,0.5,176,0.130283294
0.1,7,0.1,1,177,0.130286889
0.1,7,0.1,4,178,0.130311427
0.1,7,0.1,6,179,0.130326627
0.1,7,0.1,8,180,0.130343196
0.1,7,0.1,10,181,0.130358827
0.1,7,0.3,0.1,182,0.021728484
0.1,7,0.3,0.5,183,0.117949064
0.1,7,0.3,1,184,0.256366417
0.1,7,0.3,4,185,0.389802876
0.1,7,0.3,6,186,0.389866761
0.1,7,0.3,8,187,0.3899317
0.1,7,0.3,10,188,0.389996556
0.1,7,0.5,0.1,189,0.01560431
0.1,7,0.5,0.5,190,0.076864761
0.1,7,0.5,1,191,0.163626281
0.1,7,0.5,4,192,0.64929862
0.1,7,0.5,6,193,0.64942463
0.1,7,0.5,8,194,0.649552492
0.1,7,0.5,10,195,0.649676567
0.1,7,0.7,0.1,196,0.009525565
0.1,7,0.7,0.5,197,0.045818659
0.1,7,0.7,1,198,0.09159557
0.1,7,0.7,4,199,0.424697622
0.1,7,0.7,6,200,0.663994462
0.1,7,0.7,8,201,0.903920102
0.1,7,0.7,10,202,0.90863884
0.1,7,0.9,0.1,203,0.003390038
0.1,7,0.9,0.5,204,0.015595191
0.1,7,0.9,1,205,0.030693163
0.1,7,0.9,4,206,0.121868044
0.1,7,0.9,6,207,0.185518846
0.1,7,0.9,8,208,0.255573237
0.1,7,0.9,10,209,0.331572924
0.3,0.07,0.1,0.1,210,0.438449848
0.3,0.07,0.1,0.5,211,0.462601755
0.3,0.07,0.1,1,212,0.462277612
0.3,0.07,0.1,4,213,0.463082678
0.3,0.07,0.1,6,214,0.463752357
0.3,0.07,0.1,8,215,0.464450729
0.3,0.07,0.1,10,216,0.465148802
0.3,0.07,0.3,0.1,217,0.412786663
0.3,0.07,0.3,0.5,218,0.761723028
0.3,0.07,0.3,1,219,0.76724901
0.3,0.07,0.3,4,220,0.770676311
0.3,0.07,0.3,6,221,0.772000351
0.3,0.07,0.3,8,222,0.77300752
0.3,0.07,0.3,10,223,0.774093926
0.3,0.07,0.5,0.1,224,0.321329554
0.3,0.07,0.5,0.5,225,0.783069274
0.3,0.07,0.5,1,226,0.804160492
0.3,0.07,0.5,4,227,0.808600361
0.3,0.07,0.5,6,228,0.809994735
0.3,0.07,0.5,8,229,0.811160535
0.3,0.07,0.5,10,230,0.811902495
0.3,0.07,0.7,0.1,231,0.207835163
0.3,0.07,0.7,0.5,232,0.672000945
0.3,0.07,0.7,1,233,0.812041566
0.3,0.07,0.7,4,234,0.820849874
0.3,0.07,0.7,6,235,0.822109722
0.3,0.07,0.7,8,236,0.823329234
0.3,0.07,0.7,10,237,0.824395273
0.3,0.07,0.9,0.1,238,0.073934782
0.3,0.07,0.9,0.5,239,0.32718706
0.3,0.07,0.9,1,240,0.542779569
0.3,0.07,0.9,4,241,0.825757295
0.3,0.07,0.9,6,242,0.827431672
0.3,0.07,0.9,8,243,0.828668597
0.3,0.07,0.9,10,244,0.830217134
0.3,0.1,0.1,0.1,245,0.503972877
0.3,0.1,0.1,0.5,246,0.494701706
0.3,0.1,0.1,1,247,0.494210682
0.3,0.1,0.1,4,248,0.495021604
0.3,0.1,0.1,6,249,0.495745112
0.3,0.1,0.1,8,250,0.496483781
0.3,0.1,0.1,10,251,0.497226336
0.3,0.1,0.3,0.1,252,0.46480932
0.3,0.1,0.3,0.5,253,1.063781802
0.3,0.1,0.3,1,254,1.076828535
0.3,0.1,0.3,4,255,1.080571599
0.3,0.1,0.3,6,256,1.082248625
0.3,0.1,0.3,8,257,1.083925303
0.3,0.1,0.3,10,258,1.085561458
0.3,0.1,0.5,0.1,259,0.348578696
0.3,0.1,0.5,0.5,260,1.069034535
0.3,0.1,0.5,1,261,1.201091989
0.3,0.1,0.5,4,262,1.209946373
0.3,0.1,0.5,6,263,1.211858141
0.3,0.1,0.5,8,264,1.213786853
0.3,0.1,0.5,10,265,1.215564806
0.3,0.1,0.7,0.1,266,0.217816961
0.3,0.1,0.7,0.5,267,0.837237907
0.3,0.1,0.7,1,268,1.171025095
0.3,0.1,0.7,4,269,1.247118269
0.3,0.1,0.7,6,270,1.24930628
0.3,0.1,0.7,8,271,1.251157835
0.3,0.1,0.7,10,272,1.253735574
0.3,0.1,0.9,0.1,273,0.075434288
0.3,0.1,0.9,0.5,274,0.353053397
0.3,0.1,0.9,1,275,0.635699671
0.3,0.1,0.9,4,276,1.259577736
0.3,0.1,0.9,6,277,1.264986538
0.3,0.1,0.9,8,278,1.266947966
0.3,0.1,0.9,10,279,1.268812694
0.3,1,0.1,0.1,280,0.588110811
0.3,1,0.1,0.5,281,0.612213967
0.3,1,0.1,1,282,0.612199735
0.3,1,0.1,4,283,0.612367286
0.3,1,0.1,6,284,0.612567615
0.3,1,0.1,8,285,0.612767163
0.3,1,0.1,10,286,0.612965295
0.3,1,0.3,0.1,287,0.440888453
0.3,1,0.3,0.5,288,1.826845495
0.3,1,0.3,1,289,1.767431837
0.3,1,0.3,4,290,1.71766985
0.3,1,0.3,6,291,1.719163071
0.3,1,0.3,8,292,1.720927253
0.3,1,0.3,10,293,1.722775329
0.3,1,0.5,0.1,294,0.315203348
0.3,1,0.5,0.5,295,1.576148441
0.3,1,0.5,1,296,2.981688765
0.3,1,0.5,4,297,2.711230594
0.3,1,0.5,6,298,2.713598978
0.3,1,0.5,8,299,2.716729283
0.3,1,0.5,10,300,2.720048479
0.3,1,0.7,0.1,301,0.189507254
0.3,1,0.7,0.5,302,0.945074055
0.3,1,0.7,1,303,1.889225132
0.3,1,0.7,4,304,3.891337768
0.3,1,0.7,6,305,3.659240503
0.3,1,0.7,8,306,3.65391642
0.3,1,0.7,10,307,3.658424285
0.3,1,0.9,0.1,308,0.063688581
0.3,1,0.9,0.5,309,0.315558254
0.3,1,0.9,1,310,0.630527396
0.3,1,0.9,4,311,2.518023777
0.3,1,0.9,6,312,3.797343493
0.3,1,0.9,8,313,5.082313626
0.3,1,0.9,10,314,5.068046023
0.3,3,0.1,0.1,315,0.199180013
0.3,3,0.1,0.5,316,0.62108019
0.3,3,0.1,1,317,0.621085337
0.3,3,0.1,4,318,0.621132475
0.3,3,0.1,6,319,0.621162758
0.3,3,0.1,8,320,0.621192071
0.3,3,0.1,10,321,0.621220529
0.3,3,0.3,0.1,322,0.147702203
0.3,3,0.3,0.5,323,0.811432532
0.3,3,0.3,1,324,1.790742571
0.3,3,0.3,4,325,1.837357315
0.3,3,0.3,6,326,1.837905608
0.3,3,0.3,8,327,1.838466828
0.3,3,0.3,10,328,1.839048374
0.3,3,0.5,0.1,329,0.105674457
0.3,3,0.5,0.5,330,0.527240973
0.3,3,0.5,1,331,1.123073363
0.3,3,0.5,4,332,2.996731268
0.3,3,0.5,6,333,2.998318054
0.3,3,0.5,8,334,3.000094035
0.3,3,0.5,10,335,3.001935728
0.3,3,0.7,0.1,336,0.063693285
0.3,3,0.7,0.5,337,0.31570579
0.3,3,0.7,1,338,0.631761364
0.3,3,0.7,4,339,2.968422302
0.3,3,0.7,6,340,4.171081871
0.3,3,0.7,8,341,4.10007308
0.3,3,0.7,10,342,4.10296204
0.3,3,0.9,0.1,343,0.021626772
0.3,3,0.9,0.5,344,0.105702117
0.3,3,0.9,1,345,0.210680207
0.3,3,0.9,4,346,0.842343536
0.3,3,0.9,6,347,1.272512876
0.3,3,0.9,8,348,1.753939761
0.3,3,0.9,10,349,2.297564512
0.3,5,0.1,0.1,350,0.121095336
0.3,5,0.1,0.5,351,0.545508091
0.3,5,0.1,1,352,0.545533005
0.3,5,0.1,4,353,0.545680487
0.3,5,0.1,6,354,0.545776492
0.3,5,0.1,8,355,0.545866357
0.3,5,0.1,10,356,0.54595822
0.3,5,0.3,0.1,357,0.0890116
0.3,5,0.3,0.5,358,0.489044363
0.3,5,0.3,1,359,1.074549929
0.3,5,0.3,4,360,1.629478416
0.3,5,0.3,6,361,1.630002474
0.3,5,0.3,8,362,1.630543515
0.3,5,0.3,10,363,1.631064588
0.3,5,0.5,0.1,364,0.06371432
0.3,5,0.5,0.5,365,0.317672252
0.3,5,0.5,1,366,0.677792818
0.3,5,0.5,4,367,2.683549987
0.3,5,0.5,6,368,2.685194654
0.3,5,0.5,8,369,2.686766574
0.3,5,0.5,10,370,2.688304997
0.3,5,0.7,0.1,371,0.038482235
0.3,5,0.7,0.5,372,0.189821742
0.3,5,0.7,1,373,0.380067363
0.3,5,0.7,4,374,1.780858355
0.3,5,0.7,6,375,2.792518779
0.3,5,0.7,8,376,3.694277297
0.3,5,0.7,10,377,3.69863827
0.3,5,0.9,0.1,378,0.013166363
0.3,5,0.9,0.5,379,0.06371446
0.3,5,0.9,1,380,0.126733931
0.3,5,0.9,4,381,0.506622958
0.3,5,0.9,6,382,0.768020863
0.3,5,0.9,8,383,1.059173989
0.3,5,0.9,10,384,1.382372484
0.3,7,0.1,0.1,385,0.087495693
0.3,7,0.1,0.5,386,0.389719828
0.3,7,0.1,1,387,0.389736415
0.3,7,0.1,4,388,0.389832894
0.3,7,0.1,6,389,0.38989392
0.3,7,0.1,8,390,0.389955851
0.3,7,0.1,10,391,0.390019296
0.3,7,0.3,0.1,392,0.063868646
0.3,7,0.3,0.5,393,0.350908201
0.3,7,0.3,1,394,0.767835662
0.3,7,0.3,4,395,1.167064154
0.3,7,0.3,6,396,1.167360095
0.3,7,0.3,8,397,1.16765753
0.3,7,0.3,10,398,1.167952697
0.3,7,0.5,0.1,399,0.045715145
0.3,7,0.5,0.5,400,0.228027186
0.3,7,0.5,1,401,0.486910892
0.3,7,0.5,4,402,1.933566623
0.3,7,0.5,6,403,1.934405862
0.3,7,0.5,8,404,1.935182054
0.3,7,0.5,10,405,1.935968791
0.3,7,0.7,0.1,406,0.02765781
0.3,7,0.7,0.5,407,0.135901152
0.3,7,0.7,1,408,0.272388956
0.3,7,0.7,4,409,1.272854119
0.3,7,0.7,6,410,1.993716834
0.3,7,0.7,8,411,2.681469737
0.3,7,0.7,10,412,2.684200612
0.3,7,0.9,0.1,413,0.009522696
0.3,7,0.9,0.5,414,0.045705066
0.3,7,0.9,1,415,0.090757158
0.3,7,0.9,4,416,0.362978931
0.3,7,0.9,6,417,0.556818596
0.3,7,0.9,8,418,0.76130254
0.3,7,0.9,10,419,0.990709324
0.7,0.07,0.1,0.1,420,0.6745816
0.7,0.07,0.1,0.5,421,0.730044466
0.7,0.07,0.1,1,422,0.731740636
0.7,0.07,0.1,4,423,0.734259554
0.7,0.07,0.1,6,424,0.735451913
0.7,0.07,0.1,8,425,0.736531507
0.7,0.07,0.1,10,426,0.737669931
0.7,0.07,0.3,0.1,427,0.666039454
0.7,0.07,0.3,0.5,428,0.814435556
0.7,0.07,0.3,1,429,0.817924401
0.7,0.07,0.3,4,430,0.821126145
0.7,0.07,0.3,6,431,0.822443528
0.7,0.07,0.3,8,432,0.823806716
0.7,0.07,0.3,10,433,0.82469793
0.7,0.07,0.5,0.1,434,0.574019005
0.7,0.07,0.5,0.5,435,0.824155605
0.7,0.07,0.5,1,436,0.828526125
0.7,0.07,0.5,4,437,0.832081539
0.7,0.07,0.5,6,438,0.833164509
0.7,0.07,0.5,8,439,0.83417467
0.7,0.07,0.5,10,440,0.835867419
0.7,0.07,0.7,0.1,441,0.41659299
0.7,0.07,0.7,0.5,442,0.822760629
0.7,0.07,0.7,1,443,0.831667947
0.7,0.07,0.7,4,444,0.835788663
0.7,0.07,0.7,6,445,0.837692926
0.7,0.07,0.7,8,446,0.838165923
0.7,0.07,0.7,10,447,0.839315206
0.7,0.07,0.9,0.1,448,0.165530516
0.7,0.07,0.9,0.5,449,0.594748885
0.7,0.07,0.9,1,450,0.809441719
0.7,0.07,0.9,4,451,0.83760527
0.7,0.07,0.9,6,452,0.839197658
0.7,0.07,0.9,8,453,0
0.7,0.07,0.9,10,454,0.841104432
0.7,0.1,0.1,0.1,455,0.879792296
0.7,0.1,0.1,0.5,456,0.95772603
0.7,0.1,0.1,1,457,0.958373574
0.7,0.1,0.1,4,458,0.96063145
0.7,0.1,0.1,6,459,0
0.7,0.1,0.1,8,460,0.963502124
0.7,0.1,0.1,10,461,0.964884849
0.7,0.1,0.3,0.1,462,0.852167983
0.7,0.1,0.3,0.5,463,1.236541126
0.7,0.1,0.3,1,464,1.243044269
0.7,0.1,0.3,4,465,1.248175987
0.7,0.1,0.3,6,466,1.250323515
0.7,0.1,0.3,8,467,1.251699845
0.7,0.1,0.3,10,468,1.254158362
0.7,0.1,0.5,0.1,469,0.693796215
0.7,0.1,0.5,0.5,470,1.261225009
0.7,0.1,0.5,1,471,1.27163232
0.7,0.1,0.5,4,472,1.277221242
0.7,0.1,0.5,6,473,1.280087917
0.7,0.1,0.5,8,474,1.281982319
0.7,0.1,0.5,10,475,1.283177315
0.7,0.1,0.7,0.1,476,0.4678287
0.7,0.1,0.7,0.5,477,1.230108176
0.7,0.1,0.7,1,478,1.280772559
0.7,0.1,0.7,4,479,1.287605597
0.7,0.1,0.7,6,480,1.28990725
0.7,0.1,0.7,8,481,1.291918589
0.7,0.1,0.7,10,482,1.293454066
0.7,0.1,0.9,0.1,483,0.171761515
0.7,0.1,0.9,0.5,484,0.712727474
0.7,0.1,0.9,1,485,1.08201262
0.7,0.1,0.9,4,486,1.292736265
0.7,0.1,0.9,6,487,1.294669892
0.7,0.1,0.9,8,488,1.297078587
0.7,0.1,0.9,10,489,1.298220415
0.7,1,0.1,0.1,490,1.365506882
0.7,1,0.1,0.5,491,1.365754908
0.7,1,0.1,1,492,1.364833013
0.7,1,0.1,4,493,1.365807214
0.7,1,0.1,6,494,1.367062631
0.7,1,0.1,8,495,1.368321481
0.7,1,0.1,10,496,1.369575505
0.7,1,0.3,0.1,497,1.024872246
0.7,1,0.3,0.5,498,4.060279157
0.7,1,0.3,1,499,3.715629955
0.7,1,0.3,4,500,3.651936645
0.7,1,0.3,6,501,3.656111419
0.7,1,0.3,8,502,0
0.7,1,0.3,10,503,3.662023082
0.7,1,0.5,0.1,504,0.733109068
0.7,1,0.5,0.5,505,3.65525552
0.7,1,0.5,1,506,6.404566499
0.7,1,0.5,4,507,5.758444501
0.7,1,0.5,6,508,5.719828599
0.7,1,0.5,8,509,5.772609929
0.7,1,0.5,10,510,5.774313886
0.7,1,0.7,0.1,511,0.440707495
0.7,1,0.7,0.5,512,2.198608435
0.7,1,0.7,1,513,4.38306478
0.7,1,0.7,4,514,7.7732773
0.7,1,0.7,6,515,7.811080457
0.7,1,0.7,8,516,7.820652705
0.7,1,0.7,10,517,7.827666418
0.7,1,0.9,0.1,518,0.147583357
0.7,1,0.9,0.5,519,0.735129985
0.7,1,0.9,1,520,1.469125565
0.7,1,0.9,4,521,5.82512538
0.7,1,0.9,6,522,8.736779857
0.7,1,0.9,8,523,10.25189322
0.7,1,0.9,10,524,10.21392288
0.7,3,0.1,0.1,525,0.461834843
0.7,3,0.1,0.5,526,1.43705299
0.7,3,0.1,1,527,1.437061293
0.7,3,0.1,4,528,1.437411236
0.7,3,0.1,6,529,1.437726815
0.7,3,0.1,8,530,1.438038088
0.7,3,0.1,10,531,1.438347652
0.7,3,0.3,0.1,532,0.343274415
0.7,3,0.3,0.5,533,1.890815691
0.7,3,0.3,1,534,4.182587643
0.7,3,0.3,4,535,4.099089078
0.7,3,0.3,6,536,4.102131826
0.7,3,0.3,8,537,4.105699269
0.7,3,0.3,10,538,4.109463498
0.7,3,0.5,0.1,539,0.2453971
0.7,3,0.5,0.5,540,1.227489949
0.7,3,0.5,1,541,2.618431022
0.7,3,0.5,4,542,6.505564704
0.7,3,0.5,6,543,6.509835316
0.7,3,0.5,8,544,6.516752821
0.7,3,0.5,10,545,6.524450975
0.7,3,0.7,0.1,546,0.147588423
0.7,3,0.7,0.5,547,0.735317585
0.7,3,0.7,1,548,1.471322512
0.7,3,0.7,4,549,6.94994803
0.7,3,0.7,6,550,8.855378135
0.7,3,0.7,8,551,8.773575526
0.7,3,0.7,10,552,8.782471157
0.7,3,0.9,0.1,553,0.04968727
0.7,3,0.9,0.5,554,0.245597628
0.7,3,0.9,1,555,0.490535574
0.7,3,0.9,4,556,1.961418318
0.7,3,0.9,6,557,2.961695192
0.7,3,0.9,8,558,4.09491967
0.7,3,0.9,10,559,5.37594181
0.7,5,0.1,0.1,560,0.280073618
0.7,5,0.1,0.5,561,1.269848653
0.7,5,0.1,1,562,1.269977959
0.7,5,0.1,4,563,1.270472959
0.7,5,0.1,6,564,1.270785462
0.7,5,0.1,8,565,1.271114496
0.7,5,0.1,10,566,1.271419203
0.7,5,0.3,0.1,567,0.206493671
0.7,5,0.3,0.5,568,1.138426396
0.7,5,0.3,1,569,2.508612639
0.7,5,0.3,4,570,3.697342973
0.7,5,0.3,6,571,3.69986304
0.7,5,0.3,8,572,3.702695933
0.7,5,0.3,10,573,3.705668587
0.7,5,0.5,0.1,574,0.147625421
0.7,5,0.5,0.5,575,0.738915246
0.7,5,0.5,1,576,1.577894955
0.7,5,0.5,4,577,5.86922681
0.7,5,0.5,6,578,5.87582262
0.7,5,0.5,8,579,5.88268915
0.7,5,0.5,10,580,5.89005967
0.7,5,0.7,0.1,581,0.088879253
0.7,5,0.7,0.5,582,0.441731562
0.7,5,0.7,1,583,0.884829113
0.7,5,0.7,4,584,4.16344245
0.7,5,0.7,6,585,6.535826387
0.7,5,0.7,8,586,7.798486023
0.7,5,0.7,10,587,7.81076699
0.7,5,0.9,0.1,588,0.030059317
0.7,5,0.9,0.5,589,0.147680559
0.7,5,0.9,1,590,0.294660587
0.7,5,0.9,4,591,1.179801516
0.7,5,0.9,6,592,1.787087991
0.7,5,0.9,8,593,2.467704971
0.7,5,0.9,10,594,3.227248755
0.7,7,0.1,0.1,595,0.201906273
0.7,7,0.1,0.5,596,0.90835832
0.7,7,0.1,1,597,0.908421113
0.7,7,0.1,4,598,0.908716056
0.7,7,0.1,6,599,0.908905768
0.7,7,0.1,8,600,0.90911188
0.7,7,0.1,10,601,0.909293384
0.7,7,0.3,0.1,602,0.147868146
0.7,7,0.3,0.5,603,0.815996348
0.7,7,0.3,1,604,1.79191809
0.7,7,0.3,4,605,2.68390723
0.7,7,0.3,6,606,2.685302476
0.7,7,0.3,8,607,2.686721894
0.7,7,0.3,10,608,2.688197247
0.7,7,0.5,0.1,609,0.105699912
0.7,7,0.5,0.5,610,0.529648277
0.7,7,0.5,1,611,1.132158755
0.7,7,0.5,4,612,4.341281203
0.7,7,0.5,6,613,4.34550581
0.7,7,0.5,8,614,4.349527073
0.7,7,0.5,10,615,4.35359738
0.7,7,0.7,0.1,616,0.063698701
0.7,7,0.7,0.5,617,0.315898288
0.7,7,0.7,1,618,0.633482109
0.7,7,0.7,4,619,2.972943817
0.7,7,0.7,6,620,4.662704683
0.7,7,0.7,8,621,5.86616367
0.7,7,0.7,10,622,5.87445003
0.7,7,0.9,0.1,623,0.021627402
0.7,7,0.9,0.5,624,0.105712245
0.7,7,0.9,1,625,0.210722318
0.7,7,0.9,4,626,0.844618017
0.7,7,0.9,6,627,1.283017131
0.7,7,0.9,8,628,1.770941225
0.7,7,0.9,10,629,2.309839598
0.9,0.07,0.1,0.1,630,0.721375148
0.9,0.07,0.1,0.5,631,0.765963371
0.9,0.07,0.1,1,632,0.768042315
0.9,0.07,0.1,4,633,0.7705879
0.9,0.07,0.1,6,634,0.771879933
0.9,0.07,0.1,8,635,0.772980885
0.9,0.07,0.1,10,636,0.774117146
0.9,0.07,0.3,0.1,637,0.723746907
0.9,0.07,0.3,0.5,638,0.820772993
0.9,0.07,0.3,1,639,0.824132185
0.9,0.07,0.3,4,640,0.827332002
0.9,0.07,0.3,6,641,0.828490687
0.9,0.07,0.3,8,642,0.829757581
0.9,0.07,0.3,10,643,0.830706718
0.9,0.07,0.5,0.1,644,0.648270956
0.9,0.07,0.5,0.5,645,0.827706949
0.9,0.07,0.5,1,646,0.831594983
0.9,0.07,0.5,4,647,0.835218428
0.9,0.07,0.5,6,648,0.836274218
0.9,0.07,0.5,8,649,0.837554254
0.9,0.07,0.5,10,650,0.838747946
0.9,0.07,0.7,0.1,651,0.494219282
0.9,0.07,0.7,0.5,652,0.828228508
0.9,0.07,0.7,1,653,0.834456641
0.9,0.07,0.7,4,654,0.838065674
0.9,0.07,0.7,6,655,0.839221457
0.9,0.07,0.7,8,656,0.841118639
0.9,0.07,0.7,10,657,0
0.9,0.07,0.9,0.1,658,0.208108744
0.9,0.07,0.9,0.5,659,0.679727072
0.9,0.07,0.9,1,660,0.829750088
0.9,0.07,0.9,4,661,0.839477216
0.9,0.07,0.9,6,662,0.840647464
0.9,0.07,0.9,8,663,0.842364603
0.9,0.07,0.9,10,664,0.843466973
0.9,0.1,0.1,0.1,665,0.988005787
0.9,0.1,0.1,0.5,666,1.075531649
0.9,0.1,0.1,1,667,1.077455669
0.9,0.1,0.1,4,668,1.080798356
0.9,0.1,0.1,6,669,1.082430947
0.9,0.1,0.1,8,670,1.084036955
0.9,0.1,0.1,10,671,1.085708291
0.9,0.1,0.3,0.1,672,0.969864989
0.9,0.1,0.3,0.5,673,1.25438216
0.9,0.1,0.3,1,674,1.259960684
0.9,0.1,0.3,4,675,1.265547456
0.9,0.1,0.3,6,676,1.267683372
0.9,0.1,0.3,8,677,1.269305525
0.9,0.1,0.3,10,678,1.271215667
0.9,0.1,0.5,0.1,679,0.817262921
0.9,0.1,0.5,0.5,680,1.271826945
0.9,0.1,0.5,1,681,1.279976929
0.9,0.1,0.5,4,682,1.286460889
0.9,0.1,0.5,6,683,1.287687105
0.9,0.1,0.5,8,684,1.290369814
0.9,0.1,0.5,10,685,1.292171175
0.9,0.1,0.7,0.1,686,0.574067041
0.9,0.1,0.7,0.5,687,1.266694979
0.9,0.1,0.7,1,688,1.286587591
0.9,0.1,0.7,4,689,1.293669121
0.9,0.1,0.7,6,690,1.295351017
0.9,0.1,0.7,8,691,1.297814569
0.9,0.1,0.7,10,692,1.299147617
0.9,0.1,0.9,0.1,693,0.218097178
0.9,0.1,0.9,0.5,694,0.845044731
0.9,0.1,0.9,1,695,1.203069328
0.9,0.1,0.9,4,696,1.297358026
0.9,0.1,0.9,6,697,1.299356559
0.9,0.1,0.9,8,698,1.301168549
0.9,0.1,0.9,10,699,1.30245809
0.9,1,0.1,0.1,700,1.752014347
0.9,1,0.1,0.5,701,1.717243893
0.9,1,0.1,1,702,1.71562592
0.9,1,0.1,4,703,1.717205659
0.9,1,0.1,6,704,1.719071289
0.9,1,0.1,8,705,1.720949753
0.9,1,0.1,10,706,1.722822923
0.9,1,0.3,0.1,707,1.315341197
0.9,1,0.3,0.5,708,5.077947605
0.9,1,0.3,1,709,4.60110938
0.9,1,0.3,4,710,4.564894448
0.9,1,0.3,6,711,4.57071064
0.9,1,0.3,8,712,4.576592219
0.9,1,0.3,10,713,4.576129736
0.9,1,0.5,0.1,714,0.941366191
0.9,1,0.5,0.5,715,4.67973302
0.9,1,0.5,1,716,7.89935688
0.9,1,0.5,4,717,7.219828035
0.9,1,0.5,6,718,7.231241992
0.9,1,0.5,8,719,7.237894365
0.9,1,0.5,10,720,7.249432691
0.9,1,0.7,0.1,721,0.566097985
0.9,1,0.7,0.5,722,2.821243932
0.9,1,0.7,1,723,5.606134243
0.9,1,0.7,4,724,9.80590475
0.9,1,0.7,6,725,9.795995906
0.9,1,0.7,8,726,9.80482671
0.9,1,0.7,10,727,9.825962911
0.9,1,0.9,0.1,728,0.189498287
0.9,1,0.9,0.5,729,0.944734688
0.9,1,0.9,1,730,1.887313371
0.9,1,0.9,4,731,7.418679223
0.9,1,0.9,6,732,11.05258541
0.9,1,0.9,8,733,12.26290381
0.9,1,0.9,10,734,12.31259407
0.9,3,0.1,0.1,735,0.592793993
0.9,3,0.1,0.5,736,1.836715622
0.9,3,0.1,1,737,1.836675344
0.9,3,0.1,4,738,1.837250991
0.9,3,0.1,6,739,1.837863405
0.9,3,0.1,8,740,1.83846897
0.9,3,0.1,10,741,1.83906871
0.9,3,0.3,0.1,742,0.440929962
0.9,3,0.3,0.5,743,2.430327571
0.9,3,0.3,1,744,5.302742261
0.9,3,0.3,4,745,5.1536801
0.9,3,0.3,6,746,5.158437116
0.9,3,0.3,8,747,5.163840464
0.9,3,0.3,10,748,5.169525489
0.9,3,0.5,0.1,749,0.315192612
0.9,3,0.5,0.5,750,1.576736042
0.9,3,0.5,1,751,3.36667938
0.9,3,0.5,4,752,8.13133224
0.9,3,0.5,6,753,8.13787776
0.9,3,0.5,8,754,8.147431035
0.9,3,0.5,10,755,8.157812827
0.9,3,0.7,0.1,756,0.189501345
0.9,3,0.7,0.5,757,0.944891359
0.9,3,0.7,1,758,1.889871559
0.9,3,0.7,4,759,8.94313136
0.9,3,0.7,6,760,10.97367815
0.9,3,0.7,8,761,10.9571304
0.9,3,0.7,10,762,10.96916817
0.9,3,0.9,0.1,763,0.06368795
0.9,3,0.9,0.5,764,0.315536199
0.9,3,0.9,1,765,0.630428218
0.9,3,0.9,4,766,2.518594477
0.9,3,0.9,6,767,3.80225693
0.9,3,0.9,8,768,5.266346343
0.9,3,0.9,10,769,6.913299097
0.9,5,0.1,0.1,770,0.359335402
0.9,5,0.1,0.5,771,1.628622732
0.9,5,0.1,1,772,1.628862235
0.9,5,0.1,4,773,1.629590503
0.9,5,0.1,6,774,1.630103281
0.9,5,0.1,8,775,1.630607401
0.9,5,0.1,10,776,1.631129225
0.9,5,0.3,0.1,777,0.265180324
0.9,5,0.3,0.5,778,1.462943424
0.9,5,0.3,1,779,3.226321352
0.9,5,0.3,4,780,4.661521093
0.9,5,0.3,6,781,4.66542259
0.9,5,0.3,8,782,4.670090677
0.9,5,0.3,10,783,4.67508824
0.9,5,0.5,0.1,784,0.189545271
0.9,5,0.5,0.5,785,0.949261677
0.9,5,0.5,1,786,2.027946442
0.9,5,0.5,4,787,7.267540813
0.9,5,0.5,6,788,7.276719437
0.9,5,0.5,8,789,7.28713168
0.9,5,0.5,10,790,7.2982156
0.9,5,0.7,0.1,791,0.114047904
0.9,5,0.7,0.5,792,0.567635729
0.9,5,0.7,1,793,1.136894707
0.9,5,0.7,4,794,5.358713743
0.9,5,0.7,6,795,8.410269167
0.9,5,0.7,8,796,9.5118587
0.9,5,0.7,10,797,9.52854674
0.9,5,0.9,0.1,798,0.038477024
0.9,5,0.9,0.5,799,0.189648748
0.9,5,0.9,1,800,0.378619968
0.9,5,0.9,4,801,1.515825348
0.9,5,0.9,6,802,2.295648084
0.9,5,0.9,8,803,3.17308999
0.9,5,0.9,10,804,4.152614387
0.9,7,0.1,0.1,805,0.258923458
0.9,7,0.1,0.5,806,1.166658834
0.9,7,0.1,1,807,1.166746673
0.9,7,0.1,4,808,1.167176174
0.9,7,0.1,6,809,1.167462031
0.9,7,0.1,8,810,1.16773037
0.9,7,0.1,10,811,1.168002427
0.9,7,0.3,0.1,812,0.189825457
0.9,7,0.3,0.5,813,1.048369055
0.9,7,0.3,1,814,2.304355382
0.9,7,0.3,4,815,3.411506967
0.9,7,0.3,6,816,3.41370161
0.9,7,0.3,8,817,3.416102957
0.9,7,0.3,10,818,3.41860876
0.9,7,0.5,0.1,819,0.135660547
0.9,7,0.5,0.5,820,0.680282236
0.9,7,0.5,1,821,1.454606089
0.9,7,0.5,4,822,5.443420327
0.9,7,0.5,6,823,5.44948533
0.9,7,0.5,8,824,5.45548536
0.9,7,0.5,10,825,5.461808817
0.9,7,0.7,0.1,826,0.081689191
0.9,7,0.7,0.5,827,0.405873842
0.9,7,0.7,1,828,0.81387038
0.9,7,0.7,4,829,3.825161773
0.9,7,0.7,6,830,6.00120529
0.9,7,0.7,8,831,7.264862917
0.9,7,0.7,10,832,7.276162557
0.9,7,0.9,0.1,833,0.027652287
0.9,7,0.9,0.5,834,0.135695161
0.9,7,0.9,1,835,0.270698065
0.9,7,0.9,4,836,1.085187931
0.9,7,0.9,6,837,1.648031621
0.9,7,0.9,8,838,2.275979977
0.9,7,0.9,10,839,2.970633241
