ratio_absorb,PSII_content_per_leaf,PSII_antenna_size,P700_red_initial,CO2
0.1,0.07,0.1,0.1,0.184343517
0.1,0.07,0.1,0.5,0.180782203
0.1,0.07,0.1,1,0.180666208
0.1,0.07,0.1,4,0.180955755
0.1,0.07,0.1,6,0.181198079
0.1,0.07,0.1,8,0.181444494
0.1,0.07,0.1,10,0.181693473
0.1,0.07,0.3,0.1,0.16458362
0.1,0.07,0.3,0.5,0.469001659
0.1,0.07,0.3,1,0.462951149
0.1,0.07,0.3,4,0.462971893
0.1,0.07,0.3,6,0.463634258
0.1,0.07,0.3,8,0.464336969
0.1,0.07,0.3,10,0.465030575
0.1,0.07,0.5,0.1,0.120531925
0.1,0.07,0.5,0.5,0.464888341
0.1,0.07,0.5,1,0.623624801
0.1,0.07,0.5,4,0.650440354
0.1,0.07,0.5,6,0.651461088
0.1,0.07,0.5,8,0.652503816
0.1,0.07,0.5,10,0.653449155
0.1,0.07,0.7,0.1,0.07393728
0.1,0.07,0.7,0.5,0.324952344
0.1,0.07,0.7,1,0.52904722
0.1,0.07,0.7,4,0.733211311
0.1,0.07,0.7,6,0.734359799
0.1,0.07,0.7,8,0.735613935
0.1,0.07,0.7,10,0.736687992
0.1,0.07,0.9,0.1,0.025255343
0.1,0.07,0.9,0.5,0.121370594
0.1,0.07,0.9,1,0.230681475
0.1,0.07,0.9,4,0.625234489
0.1,0.07,0.9,6,0.737921192
0.1,0.07,0.9,8,0.768952249
0.1,0.07,0.9,10,0.770794434
0.1,0.1,0.1,0.1,0.192871076
0.1,0.1,0.1,0.5,0.188479139
0.1,0.1,0.1,1,0.188362185
0.1,0.1,0.1,4,0.188604816
0.1,0.1,0.1,6,0.188818518
0.1,0.1,0.1,8,0.189036312
0.1,0.1,0.1,10,0.189255803
0.1,0.1,0.3,0.1,0.170912136
0.1,0.1,0.3,0.5,0.528813203
0.1,0.1,0.3,1,0.496828643
0.1,0.1,0.3,4,0.494901413
0.1,0.1,0.3,6,0.49560767
0.1,0.1,0.3,8,0.496346438
0.1,0.1,0.3,10,0.497101928
0.1,0.1,0.5,0.1,0.123873208
0.1,0.1,0.5,0.5,0.534970489
0.1,0.1,0.5,1,0.755661655
0.1,0.1,0.5,4,0.759863516
0.1,0.1,0.5,6,0.760911879
0.1,0.1,0.5,8,0.761985019
0.1,0.1,0.5,10,0.763109679
0.1,0.1,0.7,0.1,0.075360428
0.1,0.1,0.7,0.5,0.351471711
0.1,0.1,0.7,1,0.622540576
0.1,0.1,0.7,4,0.958944703
0.1,0.1,0.7,6,0.960349128
0.1,0.1,0.7,8,0.961810938
0.1,0.1,0.7,10,0.963224981
0.1,0.1,0.9,0.1,0.025579013
0.1,0.1,0.9,0.5,0.124452198
0.1,0.1,0.9,1,0.242301917
0.1,0.1,0.9,4,0.764418161
0.1,0.1,0.9,6,0.941668668
0.1,0.1,0.9,8,1.036739457
0.1,0.1,0.9,10,1.077562123
0.1,1,0.1,0.1,0.197185326
0.1,1,0.1,0.5,0.207024626
0.1,1,0.1,1,0.20702634
0.1,1,0.1,4,0.20704204
0.1,1,0.1,6,0.20705212
0.1,1,0.1,8,0.207061854
0.1,1,0.1,10,0.207071258
0.1,1,0.3,0.1,0.147653626
0.1,1,0.3,0.5,0.617531493
0.1,1,0.3,1,0.616985831
0.1,1,0.3,4,0.612427204
0.1,1,0.3,6,0.612608138
0.1,1,0.3,8,0.612792331
0.1,1,0.3,10,0.612983253
0.1,1,0.5,0.1,0.105667051
0.1,1,0.5,0.5,0.526547029
0.1,1,0.5,1,1.02098399
0.1,1,0.5,4,0.998835305
0.1,1,0.5,6,0.999365463
0.1,1,0.5,8,0.999956211
0.1,1,0.5,10,1.000564743
0.1,1,0.7,0.1,0.06369186
0.1,1,0.7,0.5,0.315664629
0.1,1,0.7,1,0.633931456
0.1,1,0.7,4,1.420102672
0.1,1,0.7,6,1.390251835
0.1,1,0.7,8,1.366567055
0.1,1,0.7,10,1.367540087
0.1,1,0.9,0.1,0.021626653
0.1,1,0.9,0.5,0.105700509
0.1,1,0.9,1,0.210674729
0.1,1,0.9,4,0.842284658
0.1,1,0.9,6,1.268132793
0.1,1,0.9,8,1.743267911
0.1,1,0.9,10,1.826694369
0.1,3,0.1,0.1,0.06725635
0.1,3,0.1,0.5,0.207426136
0.1,3,0.1,1,0.207426461
0.1,3,0.1,4,0.207428493
0.1,3,0.1,6,0.207429795
0.1,3,0.1,8,0.207431063
0.1,3,0.1,10,0.207432303
0.1,3,0.3,0.1,0.049743715
0.1,3,0.3,0.5,0.271373081
0.1,3,0.3,1,0.596775093
0.1,3,0.3,4,0.621118441
0.1,3,0.3,6,0.621150805
0.1,3,0.3,8,0.621182644
0.1,3,0.3,10,0.621213836
0.1,3,0.5,0.1,0.035683118
0.1,3,0.5,0.5,0.176503681
0.1,3,0.5,1,0.375534786
0.1,3,0.5,4,1.031521583
0.1,3,0.5,6,1.031656115
0.1,3,0.5,8,1.031793286
0.1,3,0.5,10,1.031929229
0.1,3,0.7,0.1,0.021629055
0.1,3,0.7,0.5,0.105773544
0.1,3,0.7,1,0.211249577
0.1,3,0.7,4,0.988133124
0.1,3,0.7,6,1.442799815
0.1,3,0.7,8,1.437118944
0.1,3,0.7,10,1.437429742
0.1,3,0.9,0.1,0.007489169
0.1,3,0.9,0.5,0.035681531
0.1,3,0.9,1,0.070727767
0.1,3,0.9,4,0.281459552
0.1,3,0.9,6,0.44425013
0.1,3,0.9,8,0.585992246
0.1,3,0.9,10,0.766047307
0.1,5,0.1,0.1,0.041125653
0.1,5,0.1,0.5,0.182146281
0.1,5,0.1,1,0.182152081
0.1,5,0.1,4,0.182190573
0.1,5,0.1,6,0.182215178
0.1,5,0.1,8,0.182239643
0.1,5,0.1,10,0.182263698
0.1,5,0.3,0.1,0.03013496
0.1,5,0.3,0.5,0.163983
0.1,5,0.3,1,0.358439567
0.1,5,0.3,4,0.545637076
0.1,5,0.3,6,0.545732346
0.1,5,0.3,8,0.545833925
0.1,5,0.3,10,0.545927171
0.1,5,0.5,0.1,0.021639691
0.1,5,0.5,0.5,0.106722334
0.1,5,0.5,1,0.227246051
0.1,5,0.5,4,0.908577955
0.1,5,0.5,6,0.908782931
0.1,5,0.5,8,0.908988616
0.1,5,0.5,10,0.909207985
0.1,5,0.7,0.1,0.013168765
0.1,5,0.7,0.5,0.06380065
0.1,5,0.7,1,0.127439466
0.1,5,0.7,4,0.59361286
0.1,5,0.7,6,0.929400845
0.1,5,0.7,8,1.265684328
0.1,5,0.7,10,1.27036342
0.1,5,0.9,0.1,0.004624697
0.1,5,0.9,0.5,0.021633781
0.1,5,0.9,1,0.042713293
0.1,5,0.9,4,0.169670822
0.1,5,0.9,6,0.257500863
0.1,5,0.9,8,0.354824885
0.1,5,0.9,10,0.461871877
0.1,7,0.1,0.1,0.029853985
0.1,7,0.1,0.5,0.130283294
0.1,7,0.1,1,0.130286889
0.1,7,0.1,4,0.130311427
0.1,7,0.1,6,0.130326627
0.1,7,0.1,8,0.130343196
0.1,7,0.1,10,0.130358827
0.1,7,0.3,0.1,0.021728484
0.1,7,0.3,0.5,0.117949064
0.1,7,0.3,1,0.256366417
0.1,7,0.3,4,0.389802876
0.1,7,0.3,6,0.389866761
0.1,7,0.3,8,0.3899317
0.1,7,0.3,10,0.389996556
0.1,7,0.5,0.1,0.01560431
0.1,7,0.5,0.5,0.076864761
0.1,7,0.5,1,0.163626281
0.1,7,0.5,4,0.64929862
0.1,7,0.5,6,0.64942463
0.1,7,0.5,8,0.649552492
0.1,7,0.5,10,0.649676567
0.1,7,0.7,0.1,0.009525565
0.1,7,0.7,0.5,0.045818659
0.1,7,0.7,1,0.09159557
0.1,7,0.7,4,0.424697622
0.1,7,0.7,6,0.663994462
0.1,7,0.7,8,0.903920102
0.1,7,0.7,10,0.90863884
0.1,7,0.9,0.1,0.003390038
0.1,7,0.9,0.5,0.015595191
0.1,7,0.9,1,0.030693163
0.1,7,0.9,4,0.121868044
0.1,7,0.9,6,0.185518846
0.1,7,0.9,8,0.255573237
0.1,7,0.9,10,0.331572924
0.3,0.07,0.1,0.1,0.438449848
0.3,0.07,0.1,0.5,0.462601755
0.3,0.07,0.1,1,0.462277612
0.3,0.07,0.1,4,0.463082678
0.3,0.07,0.1,6,0.463752357
0.3,0.07,0.1,8,0.464450729
0.3,0.07,0.1,10,0.465148802
0.3,0.07,0.3,0.1,0.412786663
0.3,0.07,0.3,0.5,0.761723028
0.3,0.07,0.3,1,0.76724901
0.3,0.07,0.3,4,0.770676311
0.3,0.07,0.3,6,0.772000351
0.3,0.07,0.3,8,0.77300752
0.3,0.07,0.3,10,0.774093926
0.3,0.07,0.5,0.1,0.321329554
0.3,0.07,0.5,0.5,0.783069274
0.3,0.07,0.5,1,0.804160492
0.3,0.07,0.5,4,0.808600361
0.3,0.07,0.5,6,0.809994735
0.3,0.07,0.5,8,0.811160535
0.3,0.07,0.5,10,0.811902495
0.3,0.07,0.7,0.1,0.207835163
0.3,0.07,0.7,0.5,0.672000945
0.3,0.07,0.7,1,0.812041566
0.3,0.07,0.7,4,0.820849874
0.3,0.07,0.7,6,0.822109722
0.3,0.07,0.7,8,0.823329234
0.3,0.07,0.7,10,0.824395273
0.3,0.07,0.9,0.1,0.073934782
0.3,0.07,0.9,0.5,0.32718706
0.3,0.07,0.9,1,0.542779569
0.3,0.07,0.9,4,0.825757295
0.3,0.07,0.9,6,0.827431672
0.3,0.07,0.9,8,0.828668597
0.3,0.07,0.9,10,0.830217134
0.3,0.1,0.1,0.1,0.503972877
0.3,0.1,0.1,0.5,0.494701706
0.3,0.1,0.1,1,0.494210682
0.3,0.1,0.1,4,0.495021604
0.3,0.1,0.1,6,0.495745112
0.3,0.1,0.1,8,0.496483781
0.3,0.1,0.1,10,0.497226336
0.3,0.1,0.3,0.1,0.46480932
0.3,0.1,0.3,0.5,1.063781802
0.3,0.1,0.3,1,1.076828535
0.3,0.1,0.3,4,1.080571599
0.3,0.1,0.3,6,1.082248625
0.3,0.1,0.3,8,1.083925303
0.3,0.1,0.3,10,1.085561458
0.3,0.1,0.5,0.1,0.348578696
0.3,0.1,0.5,0.5,1.069034535
0.3,0.1,0.5,1,1.201091989
0.3,0.1,0.5,4,1.209946373
0.3,0.1,0.5,6,1.211858141
0.3,0.1,0.5,8,1.213786853
0.3,0.1,0.5,10,1.215564806
0.3,0.1,0.7,0.1,0.217816961
0.3,0.1,0.7,0.5,0.837237907
0.3,0.1,0.7,1,1.171025095
0.3,0.1,0.7,4,1.247118269
0.3,0.1,0.7,6,1.24930628
0.3,0.1,0.7,8,1.251157835
0.3,0.1,0.7,10,1.253735574
0.3,0.1,0.9,0.1,0.075434288
0.3,0.1,0.9,0.5,0.353053397
0.3,0.1,0.9,1,0.635699671
0.3,0.1,0.9,4,1.259577736
0.3,0.1,0.9,6,1.264986538
0.3,0.1,0.9,8,1.266947966
0.3,0.1,0.9,10,1.268812694
0.3,1,0.1,0.1,0.588110811
0.3,1,0.1,0.5,0.612213967
0.3,1,0.1,1,0.612199735
0.3,1,0.1,4,0.612367286
0.3,1,0.1,6,0.612567615
0.3,1,0.1,8,0.612767163
0.3,1,0.1,10,0.612965295
0.3,1,0.3,0.1,0.440888453
0.3,1,0.3,0.5,1.826845495
0.3,1,0.3,1,1.767431837
0.3,1,0.3,4,1.71766985
0.3,1,0.3,6,1.719163071
0.3,1,0.3,8,1.720927253
0.3,1,0.3,10,1.722775329
0.3,1,0.5,0.1,0.315203348
0.3,1,0.5,0.5,1.576148441
0.3,1,0.5,1,2.981688765
0.3,1,0.5,4,2.711230594
0.3,1,0.5,6,2.713598978
0.3,1,0.5,8,2.716729283
0.3,1,0.5,10,2.720048479
0.3,1,0.7,0.1,0.189507254
0.3,1,0.7,0.5,0.945074055
0.3,1,0.7,1,1.889225132
0.3,1,0.7,4,3.891337768
0.3,1,0.7,6,3.659240503
0.3,1,0.7,8,3.65391642
0.3,1,0.7,10,3.658424285
0.3,1,0.9,0.1,0.063688581
0.3,1,0.9,0.5,0.315558254
0.3,1,0.9,1,0.630527396
0.3,1,0.9,4,2.518023777
0.3,1,0.9,6,3.797343493
0.3,1,0.9,8,5.082313626
0.3,1,0.9,10,5.068046023
0.3,3,0.1,0.1,0.199180013
0.3,3,0.1,0.5,0.62108019
0.3,3,0.1,1,0.621085337
0.3,3,0.1,4,0.621132475
0.3,3,0.1,6,0.621162758
0.3,3,0.1,8,0.621192071
0.3,3,0.1,10,0.621220529
0.3,3,0.3,0.1,0.147702203
0.3,3,0.3,0.5,0.811432532
0.3,3,0.3,1,1.790742571
0.3,3,0.3,4,1.837357315
0.3,3,0.3,6,1.837905608
0.3,3,0.3,8,1.838466828
0.3,3,0.3,10,1.839048374
0.3,3,0.5,0.1,0.105674457
0.3,3,0.5,0.5,0.527240973
0.3,3,0.5,1,1.123073363
0.3,3,0.5,4,2.996731268
0.3,3,0.5,6,2.998318054
0.3,3,0.5,8,3.000094035
0.3,3,0.5,10,3.001935728
0.3,3,0.7,0.1,0.063693285
0.3,3,0.7,0.5,0.31570579
0.3,3,0.7,1,0.631761364
0.3,3,0.7,4,2.968422302
0.3,3,0.7,6,4.171081871
0.3,3,0.7,8,4.10007308
0.3,3,0.7,10,4.10296204
0.3,3,0.9,0.1,0.021626772
0.3,3,0.9,0.5,0.105702117
0.3,3,0.9,1,0.210680207
0.3,3,0.9,4,0.842343536
0.3,3,0.9,6,1.272512876
0.3,3,0.9,8,1.753939761
0.3,3,0.9,10,2.297564512
0.3,5,0.1,0.1,0.121095336
0.3,5,0.1,0.5,0.545508091
0.3,5,0.1,1,0.545533005
0.3,5,0.1,4,0.545680487
0.3,5,0.1,6,0.545776492
0.3,5,0.1,8,0.545866357
0.3,5,0.1,10,0.54595822
0.3,5,0.3,0.1,0.0890116
0.3,5,0.3,0.5,0.489044363
0.3,5,0.3,1,1.074549929
0.3,5,0.3,4,1.629478416
0.3,5,0.3,6,1.630002474
0.3,5,0.3,8,1.630543515
0.3,5,0.3,10,1.631064588
0.3,5,0.5,0.1,0.06371432
0.3,5,0.5,0.5,0.317672252
0.3,5,0.5,1,0.677792818
0.3,5,0.5,4,2.683549987
0.3,5,0.5,6,2.685194654
0.3,5,0.5,8,2.686766574
0.3,5,0.5,10,2.688304997
0.3,5,0.7,0.1,0.038482235
0.3,5,0.7,0.5,0.189821742
0.3,5,0.7,1,0.380067363
0.3,5,0.7,4,1.780858355
0.3,5,0.7,6,2.792518779
0.3,5,0.7,8,3.694277297
0.3,5,0.7,10,3.69863827
0.3,5,0.9,0.1,0.013166363
0.3,5,0.9,0.5,0.06371446
0.3,5,0.9,1,0.126733931
0.3,5,0.9,4,0.506622958
0.3,5,0.9,6,0.768020863
0.3,5,0.9,8,1.059173989
0.3,5,0.9,10,1.382372484
0.3,7,0.1,0.1,0.087495693
0.3,7,0.1,0.5,0.389719828
0.3,7,0.1,1,0.389736415
0.3,7,0.1,4,0.389832894
0.3,7,0.1,6,0.38989392
0.3,7,0.1,8,0.389955851
0.3,7,0.1,10,0.390019296
0.3,7,0.3,0.1,0.063868646
0.3,7,0.3,0.5,0.350908201
0.3,7,0.3,1,0.767835662
0.3,7,0.3,4,1.167064154
0.3,7,0.3,6,1.167360095
0.3,7,0.3,8,1.16765753
0.3,7,0.3,10,1.167952697
0.3,7,0.5,0.1,0.045715145
0.3,7,0.5,0.5,0.228027186
0.3,7,0.5,1,0.486910892
0.3,7,0.5,4,1.933566623
0.3,7,0.5,6,1.934405862
0.3,7,0.5,8,1.935182054
0.3,7,0.5,10,1.935968791
0.3,7,0.7,0.1,0.02765781
0.3,7,0.7,0.5,0.135901152
0.3,7,0.7,1,0.272388956
0.3,7,0.7,4,1.272854119
0.3,7,0.7,6,1.993716834
0.3,7,0.7,8,2.681469737
0.3,7,0.7,10,2.684200612
0.3,7,0.9,0.1,0.009522696
0.3,7,0.9,0.5,0.045705066
0.3,7,0.9,1,0.090757158
0.3,7,0.9,4,0.362978931
0.3,7,0.9,6,0.556818596
0.3,7,0.9,8,0.76130254
0.3,7,0.9,10,0.990709324
0.7,0.07,0.1,0.1,0.6745816
0.7,0.07,0.1,0.5,0.730044466
0.7,0.07,0.1,1,0.731740636
0.7,0.07,0.1,4,0.734259554
0.7,0.07,0.1,6,0.735451913
0.7,0.07,0.1,8,0.736531507
0.7,0.07,0.1,10,0.737669931
0.7,0.07,0.3,0.1,0.666039454
0.7,0.07,0.3,0.5,0.814435556
0.7,0.07,0.3,1,0.817924401
0.7,0.07,0.3,4,0.821126145
0.7,0.07,0.3,6,0.822443528
0.7,0.07,0.3,8,0.823806716
0.7,0.07,0.3,10,0.82469793
0.7,0.07,0.5,0.1,0.574019005
0.7,0.07,0.5,0.5,0.824155605
0.7,0.07,0.5,1,0.828526125
0.7,0.07,0.5,4,0.832081539
0.7,0.07,0.5,6,0.833164509
0.7,0.07,0.5,8,0.83417467
0.7,0.07,0.5,10,0.835867419
0.7,0.07,0.7,0.1,0.41659299
0.7,0.07,0.7,0.5,0.822760629
0.7,0.07,0.7,1,0.831667947
0.7,0.07,0.7,4,0.835788663
0.7,0.07,0.7,6,0.837692926
0.7,0.07,0.7,8,0.838165923
0.7,0.07,0.7,10,0.839315206
0.7,0.07,0.9,0.1,0.165530516
0.7,0.07,0.9,0.5,0.594748885
0.7,0.07,0.9,1,0.809441719
0.7,0.07,0.9,4,0.83760527
0.7,0.07,0.9,6,0.839197658
0.7,0.07,0.9,10,0.841104432
0.7,0.1,0.1,0.1,0.879792296
0.7,0.1,0.1,0.5,0.95772603
0.7,0.1,0.1,1,0.958373574
0.7,0.1,0.1,4,0.96063145
0.7,0.1,0.1,8,0.963502124
0.7,0.1,0.1,10,0.964884849
0.7,0.1,0.3,0.1,0.852167983
0.7,0.1,0.3,0.5,1.236541126
0.7,0.1,0.3,1,1.243044269
0.7,0.1,0.3,4,1.248175987
0.7,0.1,0.3,6,1.250323515
0.7,0.1,0.3,8,1.251699845
0.7,0.1,0.3,10,1.254158362
0.7,0.1,0.5,0.1,0.693796215
0.7,0.1,0.5,0.5,1.261225009
0.7,0.1,0.5,1,1.27163232
0.7,0.1,0.5,4,1.277221242
0.7,0.1,0.5,6,1.280087917
0.7,0.1,0.5,8,1.281982319
0.7,0.1,0.5,10,1.283177315
0.7,0.1,0.7,0.1,0.4678287
0.7,0.1,0.7,0.5,1.230108176
0.7,0.1,0.7,1,1.280772559
0.7,0.1,0.7,4,1.287605597
0.7,0.1,0.7,6,1.28990725
0.7,0.1,0.7,8,1.291918589
0.7,0.1,0.7,10,1.293454066
0.7,0.1,0.9,0.1,0.171761515
0.7,0.1,0.9,0.5,0.712727474
0.7,0.1,0.9,1,1.08201262
0.7,0.1,0.9,4,1.292736265
0.7,0.1,0.9,6,1.294669892
0.7,0.1,0.9,8,1.297078587
0.7,0.1,0.9,10,1.298220415
0.7,1,0.1,0.1,1.365506882
0.7,1,0.1,0.5,1.365754908
0.7,1,0.1,1,1.364833013
0.7,1,0.1,4,1.365807214
0.7,1,0.1,6,1.367062631
0.7,1,0.1,8,1.368321481
0.7,1,0.1,10,1.369575505
0.7,1,0.3,0.1,1.024872246
0.7,1,0.3,0.5,4.060279157
0.7,1,0.3,1,3.715629955
0.7,1,0.3,4,3.651936645
0.7,1,0.3,6,3.656111419
0.7,1,0.3,10,3.662023082
0.7,1,0.5,0.1,0.733109068
0.7,1,0.5,0.5,3.65525552
0.7,1,0.5,1,6.404566499
0.7,1,0.5,4,5.758444501
0.7,1,0.5,6,5.719828599
0.7,1,0.5,8,5.772609929
0.7,1,0.5,10,5.774313886
0.7,1,0.7,0.1,0.440707495
0.7,1,0.7,0.5,2.198608435
0.7,1,0.7,1,4.38306478
0.7,1,0.7,4,7.7732773
0.7,1,0.7,6,7.811080457
0.7,1,0.7,8,7.820652705
0.7,1,0.7,10,7.827666418
0.7,1,0.9,0.1,0.147583357
0.7,1,0.9,0.5,0.735129985
0.7,1,0.9,1,1.469125565
0.7,1,0.9,4,5.82512538
0.7,1,0.9,6,8.736779857
0.7,1,0.9,8,10.25189322
0.7,1,0.9,10,10.21392288
0.7,3,0.1,0.1,0.461834843
0.7,3,0.1,0.5,1.43705299
0.7,3,0.1,1,1.437061293
0.7,3,0.1,4,1.437411236
0.7,3,0.1,6,1.437726815
0.7,3,0.1,8,1.438038088
0.7,3,0.1,10,1.438347652
0.7,3,0.3,0.1,0.343274415
0.7,3,0.3,0.5,1.890815691
0.7,3,0.3,1,4.182587643
0.7,3,0.3,4,4.099089078
0.7,3,0.3,6,4.102131826
0.7,3,0.3,8,4.105699269
0.7,3,0.3,10,4.109463498
0.7,3,0.5,0.1,0.2453971
0.7,3,0.5,0.5,1.227489949
0.7,3,0.5,1,2.618431022
0.7,3,0.5,4,6.505564704
0.7,3,0.5,6,6.509835316
0.7,3,0.5,8,6.516752821
0.7,3,0.5,10,6.524450975
0.7,3,0.7,0.1,0.147588423
0.7,3,0.7,0.5,0.735317585
0.7,3,0.7,1,1.471322512
0.7,3,0.7,4,6.94994803
0.7,3,0.7,6,8.855378135
0.7,3,0.7,8,8.773575526
0.7,3,0.7,10,8.782471157
0.7,3,0.9,0.1,0.04968727
0.7,3,0.9,0.5,0.245597628
0.7,3,0.9,1,0.490535574
0.7,3,0.9,4,1.961418318
0.7,3,0.9,6,2.961695192
0.7,3,0.9,8,4.09491967
0.7,3,0.9,10,5.37594181
0.7,5,0.1,0.1,0.280073618
0.7,5,0.1,0.5,1.269848653
0.7,5,0.1,1,1.269977959
0.7,5,0.1,4,1.270472959
0.7,5,0.1,6,1.270785462
0.7,5,0.1,8,1.271114496
0.7,5,0.1,10,1.271419203
0.7,5,0.3,0.1,0.206493671
0.7,5,0.3,0.5,1.138426396
0.7,5,0.3,1,2.508612639
0.7,5,0.3,4,3.697342973
0.7,5,0.3,6,3.69986304
0.7,5,0.3,8,3.702695933
0.7,5,0.3,10,3.705668587
0.7,5,0.5,0.1,0.147625421
0.7,5,0.5,0.5,0.738915246
0.7,5,0.5,1,1.577894955
0.7,5,0.5,4,5.86922681
0.7,5,0.5,6,5.87582262
0.7,5,0.5,8,5.88268915
0.7,5,0.5,10,5.89005967
0.7,5,0.7,0.1,0.088879253
0.7,5,0.7,0.5,0.441731562
0.7,5,0.7,1,0.884829113
0.7,5,0.7,4,4.16344245
0.7,5,0.7,6,6.535826387
0.7,5,0.7,8,7.798486023
0.7,5,0.7,10,7.81076699
0.7,5,0.9,0.1,0.030059317
0.7,5,0.9,0.5,0.147680559
0.7,5,0.9,1,0.294660587
0.7,5,0.9,4,1.179801516
0.7,5,0.9,6,1.787087991
0.7,5,0.9,8,2.467704971
0.7,5,0.9,10,3.227248755
0.7,7,0.1,0.1,0.201906273
0.7,7,0.1,0.5,0.90835832
0.7,7,0.1,1,0.908421113
0.7,7,0.1,4,0.908716056
0.7,7,0.1,6,0.908905768
0.7,7,0.1,8,0.90911188
0.7,7,0.1,10,0.909293384
0.7,7,0.3,0.1,0.147868146
0.7,7,0.3,0.5,0.815996348
0.7,7,0.3,1,1.79191809
0.7,7,0.3,4,2.68390723
0.7,7,0.3,6,2.685302476
0.7,7,0.3,8,2.686721894
0.7,7,0.3,10,2.688197247
0.7,7,0.5,0.1,0.105699912
0.7,7,0.5,0.5,0.529648277
0.7,7,0.5,1,1.132158755
0.7,7,0.5,4,4.341281203
0.7,7,0.5,6,4.34550581
0.7,7,0.5,8,4.349527073
0.7,7,0.5,10,4.35359738
0.7,7,0.7,0.1,0.063698701
0.7,7,0.7,0.5,0.315898288
0.7,7,0.7,1,0.633482109
0.7,7,0.7,4,2.972943817
0.7,7,0.7,6,4.662704683
0.7,7,0.7,8,5.86616367
0.7,7,0.7,10,5.87445003
0.7,7,0.9,0.1,0.021627402
0.7,7,0.9,0.5,0.105712245
0.7,7,0.9,1,0.210722318
0.7,7,0.9,4,0.844618017
0.7,7,0.9,6,1.283017131
0.7,7,0.9,8,1.770941225
0.7,7,0.9,10,2.309839598
0.9,0.07,0.1,0.1,0.721375148
0.9,0.07,0.1,0.5,0.765963371
0.9,0.07,0.1,1,0.768042315
0.9,0.07,0.1,4,0.7705879
0.9,0.07,0.1,6,0.771879933
0.9,0.07,0.1,8,0.772980885
0.9,0.07,0.1,10,0.774117146
0.9,0.07,0.3,0.1,0.723746907
0.9,0.07,0.3,0.5,0.820772993
0.9,0.07,0.3,1,0.824132185
0.9,0.07,0.3,4,0.827332002
0.9,0.07,0.3,6,0.828490687
0.9,0.07,0.3,8,0.829757581
0.9,0.07,0.3,10,0.830706718
0.9,0.07,0.5,0.1,0.648270956
0.9,0.07,0.5,0.5,0.827706949
0.9,0.07,0.5,1,0.831594983
0.9,0.07,0.5,4,0.835218428
0.9,0.07,0.5,6,0.836274218
0.9,0.07,0.5,8,0.837554254
0.9,0.07,0.5,10,0.838747946
0.9,0.07,0.7,0.1,0.494219282
0.9,0.07,0.7,0.5,0.828228508
0.9,0.07,0.7,1,0.834456641
0.9,0.07,0.7,4,0.838065674
0.9,0.07,0.7,6,0.839221457
0.9,0.07,0.7,8,0.841118639
0.9,0.07,0.9,0.1,0.208108744
0.9,0.07,0.9,0.5,0.679727072
0.9,0.07,0.9,1,0.829750088
0.9,0.07,0.9,4,0.839477216
0.9,0.07,0.9,6,0.840647464
0.9,0.07,0.9,8,0.842364603
0.9,0.07,0.9,10,0.843466973
0.9,0.1,0.1,0.1,0.988005787
0.9,0.1,0.1,0.5,1.075531649
0.9,0.1,0.1,1,1.077455669
0.9,0.1,0.1,4,1.080798356
0.9,0.1,0.1,6,1.082430947
0.9,0.1,0.1,8,1.084036955
0.9,0.1,0.1,10,1.085708291
0.9,0.1,0.3,0.1,0.969864989
0.9,0.1,0.3,0.5,1.25438216
0.9,0.1,0.3,1,1.259960684
0.9,0.1,0.3,4,1.265547456
0.9,0.1,0.3,6,1.267683372
0.9,0.1,0.3,8,1.269305525
0.9,0.1,0.3,10,1.271215667
0.9,0.1,0.5,0.1,0.817262921
0.9,0.1,0.5,0.5,1.271826945
0.9,0.1,0.5,1,1.279976929
0.9,0.1,0.5,4,1.286460889
0.9,0.1,0.5,6,1.287687105
0.9,0.1,0.5,8,1.290369814
0.9,0.1,0.5,10,1.292171175
0.9,0.1,0.7,0.1,0.574067041
0.9,0.1,0.7,0.5,1.266694979
0.9,0.1,0.7,1,1.286587591
0.9,0.1,0.7,4,1.293669121
0.9,0.1,0.7,6,1.295351017
0.9,0.1,0.7,8,1.297814569
0.9,0.1,0.7,10,1.299147617
0.9,0.1,0.9,0.1,0.218097178
0.9,0.1,0.9,0.5,0.845044731
0.9,0.1,0.9,1,1.203069328
0.9,0.1,0.9,4,1.297358026
0.9,0.1,0.9,6,1.299356559
0.9,0.1,0.9,8,1.301168549
0.9,0.1,0.9,10,1.30245809
0.9,1,0.1,0.1,1.752014347
0.9,1,0.1,0.5,1.717243893
0.9,1,0.1,1,1.71562592
0.9,1,0.1,4,1.717205659
0.9,1,0.1,6,1.719071289
0.9,1,0.1,8,1.720949753
0.9,1,0.1,10,1.722822923
0.9,1,0.3,0.1,1.315341197
0.9,1,0.3,0.5,5.077947605
0.9,1,0.3,1,4.60110938
0.9,1,0.3,4,4.564894448
0.9,1,0.3,6,4.57071064
0.9,1,0.3,8,4.576592219
0.9,1,0.3,10,4.576129736
0.9,1,0.5,0.1,0.941366191
0.9,1,0.5,0.5,4.67973302
0.9,1,0.5,1,7.89935688
0.9,1,0.5,4,7.219828035
0.9,1,0.5,6,7.231241992
0.9,1,0.5,8,7.237894365
0.9,1,0.5,10,7.249432691
0.9,1,0.7,0.1,0.566097985
0.9,1,0.7,0.5,2.821243932
0.9,1,0.7,1,5.606134243
0.9,1,0.7,4,9.80590475
0.9,1,0.7,6,9.795995906
0.9,1,0.7,8,9.80482671
0.9,1,0.7,10,9.825962911
0.9,1,0.9,0.1,0.189498287
0.9,1,0.9,0.5,0.944734688
0.9,1,0.9,1,1.887313371
0.9,1,0.9,4,7.418679223
0.9,1,0.9,6,11.05258541
0.9,1,0.9,8,12.26290381
0.9,1,0.9,10,12.31259407
0.9,3,0.1,0.1,0.592793993
0.9,3,0.1,0.5,1.836715622
0.9,3,0.1,1,1.836675344
0.9,3,0.1,4,1.837250991
0.9,3,0.1,6,1.837863405
0.9,3,0.1,8,1.83846897
0.9,3,0.1,10,1.83906871
0.9,3,0.3,0.1,0.440929962
0.9,3,0.3,0.5,2.430327571
0.9,3,0.3,1,5.302742261
0.9,3,0.3,4,5.1536801
0.9,3,0.3,6,5.158437116
0.9,3,0.3,8,5.163840464
0.9,3,0.3,10,5.169525489
0.9,3,0.5,0.1,0.315192612
0.9,3,0.5,0.5,1.576736042
0.9,3,0.5,1,3.36667938
0.9,3,0.5,4,8.13133224
0.9,3,0.5,6,8.13787776
0.9,3,0.5,8,8.147431035
0.9,3,0.5,10,8.157812827
0.9,3,0.7,0.1,0.189501345
0.9,3,0.7,0.5,0.944891359
0.9,3,0.7,1,1.889871559
0.9,3,0.7,4,8.94313136
0.9,3,0.7,6,10.97367815
0.9,3,0.7,8,10.9571304
0.9,3,0.7,10,10.96916817
0.9,3,0.9,0.1,0.06368795
0.9,3,0.9,0.5,0.315536199
0.9,3,0.9,1,0.630428218
0.9,3,0.9,4,2.518594477
0.9,3,0.9,6,3.80225693
0.9,3,0.9,8,5.266346343
0.9,3,0.9,10,6.913299097
0.9,5,0.1,0.1,0.359335402
0.9,5,0.1,0.5,1.628622732
0.9,5,0.1,1,1.628862235
0.9,5,0.1,4,1.629590503
0.9,5,0.1,6,1.630103281
0.9,5,0.1,8,1.630607401
0.9,5,0.1,10,1.631129225
0.9,5,0.3,0.1,0.265180324
0.9,5,0.3,0.5,1.462943424
0.9,5,0.3,1,3.226321352
0.9,5,0.3,4,4.661521093
0.9,5,0.3,6,4.66542259
0.9,5,0.3,8,4.670090677
0.9,5,0.3,10,4.67508824
0.9,5,0.5,0.1,0.189545271
0.9,5,0.5,0.5,0.949261677
0.9,5,0.5,1,2.027946442
0.9,5,0.5,4,7.267540813
0.9,5,0.5,6,7.276719437
0.9,5,0.5,8,7.28713168
0.9,5,0.5,10,7.2982156
0.9,5,0.7,0.1,0.114047904
0.9,5,0.7,0.5,0.567635729
0.9,5,0.7,1,1.136894707
0.9,5,0.7,4,5.358713743
0.9,5,0.7,6,8.410269167
0.9,5,0.7,8,9.5118587
0.9,5,0.7,10,9.52854674
0.9,5,0.9,0.1,0.038477024
0.9,5,0.9,0.5,0.189648748
0.9,5,0.9,1,0.378619968
0.9,5,0.9,4,1.515825348
0.9,5,0.9,6,2.295648084
0.9,5,0.9,8,3.17308999
0.9,5,0.9,10,4.152614387
0.9,7,0.1,0.1,0.258923458
0.9,7,0.1,0.5,1.166658834
0.9,7,0.1,1,1.166746673
0.9,7,0.1,4,1.167176174
0.9,7,0.1,6,1.167462031
0.9,7,0.1,8,1.16773037
0.9,7,0.1,10,1.168002427
0.9,7,0.3,0.1,0.189825457
0.9,7,0.3,0.5,1.048369055
0.9,7,0.3,1,2.304355382
0.9,7,0.3,4,3.411506967
0.9,7,0.3,6,3.41370161
0.9,7,0.3,8,3.416102957
0.9,7,0.3,10,3.41860876
0.9,7,0.5,0.1,0.135660547
0.9,7,0.5,0.5,0.680282236
0.9,7,0.5,1,1.454606089
0.9,7,0.5,4,5.443420327
0.9,7,0.5,6,5.44948533
0.9,7,0.5,8,5.45548536
0.9,7,0.5,10,5.461808817
0.9,7,0.7,0.1,0.081689191
0.9,7,0.7,0.5,0.405873842
0.9,7,0.7,1,0.81387038
0.9,7,0.7,4,3.825161773
0.9,7,0.7,6,6.00120529
0.9,7,0.7,8,7.264862917
0.9,7,0.7,10,7.276162557
0.9,7,0.9,0.1,0.027652287
0.9,7,0.9,0.5,0.135695161
0.9,7,0.9,1,0.270698065
0.9,7,0.9,4,1.085187931
0.9,7,0.9,6,1.648031621
0.9,7,0.9,8,2.275979977
0.9,7,0.9,10,2.970633241
