time_axis,NPQ,Phi2,LEF,qL,Z,V,pmf,Dy,pHlumen,fraction_Dy,fraction_DpH,Klumen,Cl_lumen,Cl_stroma,idx,LIGHT
1199.0500000000002,1.5333972928028357,0.5163168883343914,416.91893654122896,0.5541647441713565,0.342807280654129,0.6571927193458711,0.1154468142454956,0.009976148680348903,6.04215557391422,0.08641337169493628,0.9135866283050638,0.08902579550347636,0.054486266989600574,0.03855137330104,0,2000.0
1199.0500000000002,1.4233802972243796,0.5351509611903305,388.92048815845004,0.5716972767156455,0.2987185194054117,0.7012814805945891,0.11362989247974879,0.009526487417831464,6.064943248968044,0.0838378635234685,0.9161621364765313,0.08878563262692037,0.05382876232143169,0.03861712376785688,1,1800.0
1199.0500000000002,1.3018969997288212,0.5510212733688132,360.40884265893965,0.578906821795645,0.25286057277720186,0.7471394272227979,0.11157940905907235,0.009038769393982,6.09098933891516,0.0810075037166422,0.9189924962833576,0.08853431208319737,0.05311642852929188,0.038688357147070807,2,1620.0
1199.0500000000002,1.1788772605747346,0.565044021201405,332.62158354435223,0.580029289085324,0.20981303507404783,0.7901869649259516,0.10944218205495429,0.008556378488474787,6.118569940558675,0.07818172404149078,0.9218182759585091,0.08829746569348738,0.052405127049356924,0.03875948729506436,3,1458.0
1199.0500000000002,1.059212793226927,0.5777132282861638,306.0719165230904,0.5772796402829729,0.1715843297863566,0.8284156702136437,0.10728394210318389,0.00809612087083925,6.146869646127589,0.07546442371832093,0.9245355762816792,0.08808830026999086,0.0517211927042646,0.03882788072957362,4,1312.2
1199.0500000000002,0.9451746966860334,0.5892584440171482,280.96887726656314,0.5718418836485777,0.1387602423857294,0.86123975761427,0.10513345451505429,0.007664501825321536,6.1755174551711205,0.07290259630425025,0.9270974036957496,0.08791182203906685,0.051074692116306976,0.038892530788369295,5,1180.98
1199.0500000000002,0.8378533202303938,0.5997896089932916,257.3923650343555,0.5644189709564069,0.11121496712942265,0.8887850328705778,0.10300135247527276,0.007261709277569403,6.204339280038277,0.07050110606631269,0.9294988939336873,0.08776954208727708,0.050468839011385457,0.03895311609886143,6,1062.882
1199.0500000000002,0.737820619565489,0.6093862660449667,235.35992408424212,0.5555591146383605,0.08848275940878789,0.911517240591212,0.10089292716279016,0.006887690925592102,6.233246062713365,0.06826733170762722,0.931732668292373,0.08766141537400775,0.04990387620975351,0.039009612379024707,7,956.5938
1199.0500000000002,0.6454081133844849,0.6181066901802801,214.85474140094047,0.5457267054126345,0.06996237257412859,0.9300376274258711,0.09880930548368176,0.006540983619012534,6.2621946355888465,0.06619805273004147,0.9338019472699587,0.08758593902890532,0.04937795509397797,0.03906220449060213,8,860.93442
1199.0500000000002,0.5608132929475322,0.6260006181049602,195.83895342627648,0.5353465532590194,0.05502448151522492,0.944975518484776,0.096749438575257,0.006219234423642892,6.291163264139764,0.06428186574774786,0.9357181342522521,0.08754176705513929,0.04888915960659103,0.039111084039340924,9,774.840978
1199.0500000000002,0.4841205027448856,0.6331242652862746,178.26087553108795,0.5248307992058966,0.04308308201221433,0.9569169179877853,0.09471225391688472,0.005920752541200311,6.3201416437385936,0.06251305713453766,0.9374869428654623,0.0875271454074121,0.048435076078769665,0.03915649239212293,10,697.3568802
1199.0500000000002,0.41527929615810183,0.639535323539779,162.05945282334272,0.5145459400086889,0.03360674720650687,0.9663932527934938,0.09269605987954754,0.005643645580081972,6.349126428342241,0.06088333837805236,0.9391166616219475,0.0875402600663345,0.04801322932179034,0.03919867706782093,11,627.6211922
1199.0500000000002,0.3540951262620388,0.6452952093072615,147.16705802725238,0.5048016197672895,0.026126529434251637,0.9738734705657478,0.09069911452240606,0.005386195468854612,6.378118015774142,0.05938531480249558,0.9406146851975045,0.08757923173205194,0.04762111257126078,0.03923788874287386,12,564.859073
1199.0500000000002,0.3002440248358013,0.6504647341403815,133.51150043240315,0.4958357090613304,0.02025546497694845,0.979744535023052,0.08871945265594598,0.005146645739182798,6.407119884720613,0.05801034141928485,0.941989658580715,0.08764172056497614,0.04725580032661118,0.039274419967338964,13,508.3731657
1199.0500000000002,0.25328798238160566,0.6551066991810062,121.01782047123729,0.4878185772020277,0.01566808931224039,0.9843319106877587,0.08675547571600513,0.004923424436849881,6.4361324786807455,0.05675059004417306,0.943249409955827,0.08772651355932828,0.046915606072464866,0.039308439392753476,14,457.5358491
1199.0500000000002,0.21269379641491887,0.6592796426806293,109.60989753409737,0.48084257826609933,0.012096537987756003,0.9879034620122434,0.08480541372917128,0.004715005503868904,6.465159862911628,0.05559793056256962,0.9444020694374304,0.08783128538403155,0.04659774634511382,0.03934022536548855,15,411.7822642
1199.0500000000002,0.17787679323507116,0.6630409648591595,99.2117216359526,0.4749449767882111,0.009323142289414553,0.9906768577105852,0.08286791034873033,0.00452001777697607,6.494201790470763,0.054544850448514114,0.9454551495514858,0.08795492482010629,0.04630076537066912,0.03936992346293312,16,370.6040378
1199.0500000000002,0.1482262007544612,0.6664431712071913,89.74860452662006,0.47011154498272445,0.007176275909003526,0.9928237240909965,0.08094166515876414,0.00433722247715374,6.523259288639826,0.05358454718030444,0.9464154528196955,0.08809572259422102,0.04602263974599069,0.03939773602540094,17,333.543634
1199.0500000000002,0.12313230001298361,0.6695311135970515,81.14811230958436,0.4662848252808251,0.0055183114823370225,0.9944816885176632,0.079025193257747,0.004165231750380908,6.552333974877233,0.05270764396328294,0.9472923560367169,0.08825184002949507,0.04576125685728647,0.03942387431427137,18,300.1892706
1199.0500000000002,0.10201214858947957,0.6723506699342547,73.34078278635198,0.46339689335658046,0.0042388337280647986,0.9957611662719348,0.07711778557760508,0.00400319488362625,6.5814234884336855,0.05191013788134141,0.9480898621186584,0.08842232832578009,0.04551547306858875,0.03944845269314113,19,270.1703435
1199.0500000000002,0.08432034176921646,0.6749374223927534,66.26065204468004,0.4613540283477504,0.0032537943388767226,0.9967462056611229,0.07521824280578408,0.003849942391624059,6.610528326430666,0.051183625762774895,0.9488163742372251,0.08860556598727343,0.045283474336527144,0.039471652566347284,20,243.1533092
1199.0500000000002,0.06956095059683495,0.6773246945316871,59.84558403402419,0.460062565071755,0.0024963028306337334,0.997503697169367,0.07332571622537007,0.003704519527101432,6.639646721695522,0.05052142301202665,0.9494785769879736,0.08880054804886431,0.045064117065260624,0.03949358829347398,21,218.8379783
1199.0500000000002,0.05729092044913938,0.6795433927120982,54.03745526083493,0.4594334845435911,0.001913970536743212,0.9980860294632554,0.0714396344040559,0.003566254671820448,6.668777004462742,0.04991983373871216,0.9500801662612879,0.08900616721408827,0.04485617186955759,0.039514382813044334,22,196.9541804
1199.0500000000002,0.04712041036456255,0.6816186448684066,48.782208320937784,0.45937847061351944,0.0014670478601763216,0.9985329521398245,0.069559290369229,0.003434373231110445,6.697918047698023,0.049373321846480425,0.9506266781535195,0.08922131040233834,0.04465842018774997,0.03953415798122502,23,177.2587624
1199.0500000000002,0.0387108663498215,0.6835724281203559,44.02981396734838,0.4598170506775029,0.001123908703852106,0.9988760912961474,0.06768407016040362,0.0033081706495620964,6.727068341485975,0.04887665060066149,0.9511233493993385,0.08944505347421498,0.04446985429338317,0.03955301457066175,24,159.5328862
1199.0500000000002,0.031771826133429965,0.6854231721894706,39.73415943823641,0.4606763281604803,0.0008609040499492208,0.999139095950051,0.0658133638183036,0.003186923123706549,6.756225988423383,0.04842364739914652,0.9515763526008534,0.08967671607014627,0.04428973173647436,0.03957102682635254,25,143.5795975
1199.0500000000002,0.026056332576487973,0.687189343230138,35.85289050149452,0.461898188407406,0.0006593030296608085,0.9993406969703384,0.06394689683898816,0.003070259894186168,6.7853893842533,0.048012648712258924,0.951987351287741,0.08991545288634387,0.04411714633646115,0.03958828536635387,26,129.2216378
1199.0500000000002,0.021355304230383277,0.6888850439801082,32.3472164098078,0.46342866544909656,0.0005048203812982754,0.9994951796187014,0.0620842205381652,0.0029576541292939077,6.814557226518812,0.04763938571802229,0.9523606142819776,0.09016052952830157,0.043951314580997144,0.039604868541900304,27,116.299474
1199.0500000000002,0.017493269391539227,0.6905223910072112,29.18169714607444,0.4652220127302596,0.00038648338630368573,0.9996135166136962,0.06022493059614083,0.002848601810668161,6.843727853575454,0.0472993788860391,0.9527006211139607,0.09041141827801832,0.0437916740346531,0.03962083259653469,28,104.6695266
1199.0500000000002,0.014323632094171632,0.6921131076065379,26.324020846363375,0.4672427765432242,0.0002958480651553975,0.9997041519348446,0.058368798448865264,0.002742808994110018,6.87290017575408,0.046991013467424715,0.9530089865325753,0.09066740696603223,0.04363747408015614,0.039636252591984424,29,94.20257394
1199.0500000000002,0.011724341128788215,0.6936660651963364,23.744778481714558,0.4694590508486261,0.00022644734168103374,0.9997735526583196,0.05651548821515277,0.0026398492755790527,6.902072684340437,0.0467101914686188,0.9532898085313812,0.09092808366266154,0.04348828072297911,0.039651171927702136,30,84.78231655
1199.0500000000002,0.009594193934809607,0.6951895636342371,21.417242557177943,0.4718461691197863,0.00017331956825683561,0.9998266804317438,0.054664768744838985,0.002539405876584392,6.931243952195755,0.046454159321936736,0.9535458406780633,0.09119304245226015,0.04334366899671503,0.039665633100328536,31,76.3040849
1199.0500000000002,0.00784947253498823,0.6966914217130692,19.317152766253802,0.4743857344867221,0.00013264859354140854,0.9998673514064601,0.052816501632385326,0.002441254998134212,6.960412556095814,0.046221444481758675,0.9537785555182413,0.09146190871163773,0.04320324856163919,0.03967967514383605,32,68.67367641
1199.0500000000002,0.0064210480053544265,0.698176819354852,17.42251139018031,0.47705969137203413,0.00010153127137068562,0.9998984687286289,0.05097040069743375,0.0023450327888798425,6.989577201524102,0.046007736976328935,0.9539922630236713,0.09173442841751439,0.04306675665829465,0.039693324334170436,33,61.80630877
1199.0500000000002,0.005251967725934579,0.6996521224411834,15.713390204882973,0.47985795461985103,7.771769599060625e-05,0.9999222823040086,0.049126412209436005,0.00225065611436244,7.018737398415441,0.045813565718685875,0.954186434281314,0.09200998996407463,0.04293355959803148,0.0397066440401969,34,55.62567789
1199.0500000000002,0.004295431520508644,0.7011213265730603,14.17174969575166,0.4827696011255254,5.947291997131393e-05,0.9999405270800293,0.047284329065943306,0.002157781997934481,7.047890882199853,0.0456341887583437,0.9543658112416564,0.09228881543248041,0.042803891196840346,0.03971961088031596,35,50.0631101
1199.0500000000002,0.003512962690559022,0.7025889175471798,12.781269029714121,0.4857885924071885,4.559000133225903e-05,0.999954409998667,0.045444094089756006,0.002066364967133943,7.0770378479563,0.04547048430005799,0.9545295156999419,0.09257014231155547,0.04267696403474574,0.03973230359652546,36,45.05679909
1199.0500000000002,0.0028729761085290735,0.7040580744440996,11.527193880157611,0.4889090710495635,3.489246849328844e-05,0.9999651075315059,0.043605568896882343,0.0019761136952679216,7.106175746639758,0.045317920270351295,0.9546820797296487,0.0928543398610813,0.04255316783285058,0.03974468321671492,37,40.55111918
1199.0500000000002,0.00234958278231567,0.7055316752966603,10.396188837998512,0.4921271474178348,2.667694766639652e-05,0.9999733230523334,0.04176866507434044,0.0018869300936773443,7.135304416988947,0.04517573376417089,0.9548242662358291,0.09314096831275971,0.042432049415194385,0.03975679505848055,38,36.49600726
1199.0500000000002,0.001921594085756716,0.7070124391531845,9.376207714106119,0.4954408219695905,2.04614156187611e-05,0.9999795385843813,0.03993333510728722,0.0017987641943405662,7.164423818117555,0.04504417647411697,0.9549558235258833,0.09342943619967546,0.04231300331662234,0.03976869966833776,39,32.84640654
1199.0500000000002,0.0015716222650794941,0.7085025184810287,8.456372070782129,0.4988486262317102,1.5639614327533604e-05,0.9999843603856717,0.03809952242570074,0.0017113861205752465,7.19353106158124,0.04491883391349048,0.9550811660865094,0.09372038518775302,0.0421967014074003,0.03978032985925995,40,29.56176588
1199.0500000000002,0.0012854650890773399,0.7100035220023916,7.6268609882040455,0.5023493787547197,1.1983921467340413e-05,0.9999880160785315,0.03626716730424302,0.001624771441654052,7.222626735623517,0.044800064696062014,0.9551999353039381,0.09401304806706325,0.042082357208745466,0.03979176427912546,41,26.60558929
1199.0500000000002,0.0010514784292913171,0.7115176080952906,6.878810491626803,0.5059445606870344,9.176182050250043e-06,0.9999908238179493,0.03443630992795709,0.0015388884680448635,7.251709642334797,0.044687960776169,0.9553120392238309,0.09430746978485313,0.04197002170962282,0.03980299782903773,42,23.94503037
1199.0500000000002,0.0008601512200224115,0.7130450327463485,6.204221978362158,0.5096321156945794,7.031080441217275e-06,0.9999929689195595,0.03260682881931088,0.0014535633946660515,7.2807789095892534,0.04457849619999667,0.9554215038000035,0.09460349569379259,0.04185954695516615,0.039814045304483396,43,21.55052733
1199.0500000000002,0.0007037023305574081,0.7145877249134646,5.595879049451839,0.5134150424315815,5.395106552591386e-06,0.9999946048934476,0.030778821363251652,0.0013688395484309178,7.309833636419654,0.04447342319611625,0.9555265768038839,0.09490095258453893,0.04175076248925184,0.03982492375107489,44,19.3954746
1199.0500000000002,0.0005757651844466954,0.716145816323513,5.047271986587999,0.5172926613250934,4.136914672134193e-06,0.9999958630853264,0.028952223437489304,0.0012845857200191344,7.338872704708829,0.04436915603751638,0.9556308439624835,0.09519989097280843,0.04164372989791251,0.03983562701020871,45,17.45592714
1199.0500000000002,0.0004711380766269415,0.717719785872441,4.552529339078895,0.5212657893964605,3.1737368700288634e-06,0.9999968262631291,0.027127041658571,0.0012007733155451354,7.367895527616237,0.04426480890833954,0.9557351910916605,0.09550006631016027,0.041538206996185253,0.03984617930038146,46,15.71033442
1199.0500000000002,0.0003855686941894745,0.7193102383916015,4.106355883003998,0.52533612504579,2.4361369762456113e-06,0.9999975638630225,0.025303327992787995,0.0011173862129738633,7.39690097033643,0.04415965413646713,0.955840345863533,0.09580143108279342,0.04143415642427506,0.03985658435757251,47,14.13930098
1199.0500000000002,0.0003155803079135976,0.720917346632994,3.703976496961494,0.5295047293374358,1.8704641226779163e-06,0.9999981295358777,0.02348111578395825,0.0010343908284716364,7.4258879174085575,0.04405203043828078,0.9559479695617193,0.09610391261584235,0.04133151656524877,0.039866848343475085,48,12.72537088
1199.0500000000002,0.0002583306244722373,0.7225406559855105,3.34108541263099,0.5337713862661096,1.4380197962626523e-06,0.999998561980204,0.021660393304837697,0.0009517350764415103,7.4548556961933965,0.043938956326888545,0.9560610436731116,0.09640735160591227,0.041230134412039994,0.039876986558796,49,11.45283379
1199.0500000000002,0.00021149652827974624,0.7241800304812507,3.0138002723401796,0.5381370067429482,1.105144403691641e-06,0.9999988948555965,0.019841210851601964,0.0008693829533207127,7.4838028683619795,0.043817031111731845,0.956182968888268,0.0967117890621492,0.04113006759429978,0.039886993240570025,50,10.30755041
1199.0500000000002,0.00017317993068189755,0.7258354568311075,2.7186207136918688,0.5426031041297417,8.508000901738263e-07,0.9999991491999101,0.018023660238551377,0.0007873499617645919,7.512728162053554,0.043684243445771855,0.9563157565542282,0.09701708873998445,0.041031193544468325,0.03989688064555316,51,9.276795373
1199.0500000000002,0.00014182761943972103,0.7275061507388567,2.452390812021991,0.5471693148014456,6.54920834407852e-07,0.9999993450791645,0.016207763482523865,0.0007055978469887904,7.541630572741083,0.04353455970320344,0.9564654402967966,0.09732323761704671,0.04093351112352109,0.03990664888764787,52,8.349115836
1199.0500000000002,0.00011617137166647868,0.7291917381647561,2.2122653324678128,0.5518365442409457,5.053916771961817e-07,0.9999994946083234,0.014393618040674568,0.0006241361762061002,7.5705086355921924,0.0433620076861175,0.9566379923138826,0.09763012844421494,0.04083693042105381,0.039916306957894575,53,7.514204252
1199.0500000000002,9.517377977472288e-05,0.7308914145887074,1.995679150025531,0.5566046325904752,3.910274842568985e-07,0.999999608972516,0.012581290970567155,0.0005429349742629353,7.599360733394929,0.04315415437049098,0.956845845629509,0.09793778523746077,0.04074149605475352,0.039925850394524606,54,6.762783827
1199.0500000000002,7.798610819885138e-05,0.7326038676067397,1.8003196802669925,0.5614720362159422,3.0235376041664686e-07,0.9999996976462395,0.0107708057745077,0.00046194573294595426,7.62818566597397,0.04288868834285061,0.9571113116571495,0.09824618559465856,0.040647201524199116,0.039935279847580094,55,6.086505444
1199.0500000000002,6.391543930744315e-05,0.7343284276292822,1.62410207898707,0.5664390558602916,2.3440841875263565e-07,0.9999997655915805,0.008962285199299067,0.0003811887025713866,7.656981725054538,0.04253253425122688,0.957467465748773,0.09855526214992587,0.04055400083340442,0.03994459991665958,56,5.4778549
1199.0500000000002,5.239490319651091e-05,0.7360642978101135,1.4651467217182073,0.5715056717965411,1.823480995081575e-07,0.9999998176519007,0.007155861717280447,0.00030067801958714167,7.6857469383717785,0.042018421766893285,0.9579815782331067,0.09886501032484606,0.04046191462163476,0.039953808537836435,57,4.93006941
1199.0500000000002,4.2960485971730626e-05,0.7378095657691169,1.321759043549811,0.5766685594377371,1.418155944108736e-07,0.999999858184405,0.005351538967868115,0.00022033907992744206,7.7144800018676545,0.04117303092838428,0.9588269690716157,0.09917538268974284,0.04037091423538858,0.03996290857646117,58,4.437062469
1199.0500000000002,3.523333177160797e-05,0.7395637030133808,1.1924112728707352,0.5819284043996429,1.1051039810116246e-07,0.9999998894896022,0.00354951747687659,0.00014024235979147057,7.743178748048583,0.03951025985839142,0.9604897401416086,0.09948635268078874,0.04028100011329468,0.039971899988670526,59,3.993356222
1199.0500000000002,2.8903302618824965e-05,0.7413249600560459,1.075725999287606,0.5872821870610401,8.620706363355614e-08,0.9999999137929357,0.0017498576256147979,6.034229554367651e-05,7.77184141116548,0.03448411674739633,0.9655158832526034,0.0997978657763473,0.04019214247828114,0.03998078575217186,60,3.5940206
1199.0500000000002,2.37168214140759e-05,0.7430924016434646,0.9704613249542451,0.5927292362573772,6.729741490120682e-08,0.999999932702585,-4.726003604818533e-05,-1.930397138118948e-05,7.8004659344111165,0.40845520457495194,0.5915447954250481,0.1001098773348467,0.04010432293806633,0.03998956770619329,61,3.23461854
1199.0500000000002,1.946646890849961e-05,0.7448638541898347,0.8754975174343416,0.5982649243849163,5.259829197185189e-08,0.9999999474017087,-0.0018417976434178893,-9.878462455374974e-05,7.829050216981068,0.05363489379447457,0.9463651062055254,0.10042234530258187,0.04001753019018918,0.03999824698098107,62,2.911156686
1199.0500000000002,1.5982572590404213e-05,0.7466385264306629,0.789824953115719,0.6038887492152604,4.113477018001269e-08,0.9999999588652303,-0.0036335229899093374,-0.00017801438125206024,7.857591810144288,0.048992224728544115,0.951007775271456,0.10073521279024275,0.039931738490045235,0.04000682615099549,63,2.620041017
1199.0500000000002,1.3126276284025042e-05,0.748414460761041,0.7125332560045877,0.6095963725525433,3.2177278629395687e-08,0.9999999678227219,-0.005422346778113171,-0.0002570379913336045,7.886088479779659,0.04740345788319146,0.9525965421168087,0.10104843312691636,0.03984693297694502,0.04001530670230546,64,2.358036916
1199.0500000000002,1.0783989076397551e-05,0.7501902489144551,0.6428015072836654,0.6153849765944469,2.517314335036324e-08,0.9999999748268567,-0.0072080922933421224,-0.00033583321820842497,7.914537651252229,0.046591136874742305,0.9534088631252577,0.10136196268751396,0.039763104804638356,0.04002368951953618,65,2.122233224
1199.0500000000002,8.862750190106051e-06,0.7519641530907647,0.5798894358525388,0.6212504465369257,1.9698604616656773e-08,0.9999999803013966,-0.008990616685907307,-0.00041441917537075933,7.942936625175608,0.046094632774291405,0.9539053672257085,0.1016757773099568,0.03968026757032396,0.04003197324296764,66,1.910009902
1199.0500000000002,7.286478975865352e-06,0.7537348310584355,0.5231294595288813,0.6271897276950915,1.5421960780155154e-08,0.9999999845780406,-0.01076971105191068,-0.0004927653110395913,7.971282429014519,0.045754738293770573,0.9542452617062296,0.10198986054590606,0.039598445017275316,0.040040155498272445,67,1.719008911
1199.0500000000002,5.99289321604162e-06,0.7555007793947442,0.47191952490995454,0.6331989971073695,1.2084063559686305e-08,0.9999999879159371,-0.012545177265745288,-0.0005708615375469664,7.999571928803306,0.04550446150600919,0.9544955384939907,0.1023042081855204,0.03951767608384495,0.04004823239161553,68,1.54710802
1199.0500000000002,4.930997141764016e-06,0.7572600241333892,0.4257166494586272,0.6392725346304279,9.481567751200092e-09,0.9999999905184319,-0.014316876877061332,-0.0006487632016991358,8.02780189458937,0.045314575720582305,0.9546854242794177,0.10261882670470553,0.03943801343319611,0.040056198656680385,69,1.392397218
1199.0500000000002,4.059041845651963e-06,0.7590116087137898,0.3840311043110248,0.6454078398656736,7.454298607948585e-09,0.9999999925457013,-0.016084513398404995,-0.0007263954155125901,8.055968633048206,0.045161168052575903,0.9548388319474241,0.10293372682415658,0.03935951710370335,0.04006404828962971,70,1.253157496
1199.0500000000002,3.342828031202608e-06,0.7607535784811327,0.34642117348578505,0.6515986608485965,5.875457998594894e-09,0.9999999941245419,-0.017847927818885504,-0.0008038213609521405,8.084068440965556,0.04503723705921085,0.9549627629407891,0.10324892053570855,0.03928225215992413,0.040071774784007544,71,1.127841747
1199.0500000000002,2.7543640852733683e-06,0.7624843415625764,0.31248845133981806,0.657839667070091,4.656299734476794e-09,0.9999999953437003,-0.01960688339139859,-0.0008810947863795088,8.112096476750319,0.044938033603822716,0.9550619663961772,0.10356449767268824,0.03920637696414987,0.04007936230358504,72,1.015057572
1199.0500000000002,1.760522097263345,0.31127986155333126,251.33767516794,0.2556699496438819,0.4403437091969774,0.5596562908030215,0.11832285201391254,0.010128416587850214,5.996759409565628,0.08559983091675692,0.9144001690832433,0.0883047057934957,0.05473929606716299,0.038526070393283665,73,2000.0
1199.0500000000002,1.7269324933581374,0.3791045781324995,244.90123251961631,0.34118909073528625,0.42555852184545706,0.5744414781545433,0.11828748804275242,0.010494477148963635,6.003449818436854,0.08872009476132933,0.9112799052386708,0.088985399298453,0.05525601772947951,0.038474398227052155,74,1600.0
1199.0500000000002,1.6817145342457551,0.44956036468785243,232.3276691621987,0.4488188064783779,0.40572627875080014,0.5942737212491997,0.11778946032329138,0.010532896561612519,6.012390603972019,0.08942138250650836,0.9105786174934917,0.08921730512466491,0.05526836655586238,0.03847316334441385,75,1280.0
1199.0500000000002,1.5521819593118513,0.5073738226789026,209.76831167090094,0.5386446909225365,0.35042510145023564,0.6495748985497641,0.11577579029070928,0.010071679803134673,6.038264825207091,0.08699296958234252,0.9130070304176575,0.08895210411726877,0.05448345506410749,0.03855165449358925,76,1024.0
1199.0500000000002,1.3110355547121988,0.5450882032059483,180.2874450566982,0.5674484200142843,0.25596407394986154,0.7440359260501376,0.1117665572181487,0.009100201202213724,6.0888940664010835,0.08142150364630699,0.918578496353693,0.08842770354480317,0.053044797475152186,0.03869552025248477,77,819.2
1199.0500000000002,1.0547923659416223,0.5737023288615167,151.80239374132233,0.5666589786665235,0.16994277991732756,0.8300572200826724,0.10723074407078825,0.008101189820193363,6.147840762490086,0.07554913369711447,0.9244508663028854,0.08796947466457787,0.05158516144260642,0.03884148385573934,78,655.36
1199.0500000000002,0.8224195763885801,0.5972918716953791,126.43510764517171,0.5538915751881632,0.1071906884665342,0.8928093115334667,0.10270929885696753,0.0072225334562403334,6.208553909987879,0.07032015144668158,0.9296798485533184,0.08765686116774477,0.05028830240729436,0.03897116975927057,79,524.288
1199.0500000000002,0.6224607660713788,0.6167727830119578,104.44720648556884,0.5350855677180392,0.06542187902859982,0.9345781209713987,0.09828721651721681,0.006469327500360301,6.269701849719058,0.06582064003975527,0.9341793599602447,0.08749214119861795,0.04916785607445454,0.039083214392554515,80,419.4304
1199.0500000000002,0.45732886047372645,0.6326339718879356,85.70669386047442,0.5142700827516501,0.03904040012573046,0.9609595998742704,0.09396818740823011,0.005826531858739789,6.330972407508495,0.06200536606505652,0.9379946339349436,0.08746216176840972,0.048206696277549796,0.03917933037224496,81,335.54432
1199.0500000000002,0.32678498031115916,0.6453763481601754,69.94628127653826,0.4947958770984403,0.02293138726471763,0.9770686127352821,0.08973879864455205,0.005276904139958531,6.392301758256775,0.05880292824679299,0.941197071753207,0.08755052009470068,0.04738252167379536,0.0392617478326205,82,268.435456
1199.0500000000002,0.2279608828979665,0.655551864041369,56.839273076411416,0.47890340894833017,0.013321906857864208,0.9866780931421371,0.08558241467570545,0.004804230603442242,6.453696932128945,0.056135721551512495,0.9438642784484875,0.08773952321075959,0.04667240592411502,0.03933275940758848,83,214.7483648
1199.0500000000002,0.15598010322067926,0.6637111683826357,46.03743420808584,0.4675167965125536,0.007681381731475176,0.9923186182685259,0.08148413862574652,0.004394294942207173,6.5151692719410095,0.0539282247544123,0.9460717752455878,0.0880135650865915,0.04605679393545197,0.039394320606454855,84,171.7986918
1199.0500000000002,0.10517337476456598,0.670344509882676,37.1980665890281,0.46051982984519296,0.004405702499834707,0.9955942975001651,0.0774317934102803,0.004034984518242251,6.576719851799366,0.052110177751403565,0.9478898222485965,0.0883586829315877,0.04551893431003903,0.03944810656899615,85,137.4389535
1199.0500000000002,0.07016336834806881,0.6758531562550695,30.002989124320067,0.45723641201985765,0.00251830273335132,0.9974816972666488,0.0734156678542058,0.0037161431552115314,6.638341255016762,0.05061784852935473,0.9493821514706452,0.08876219152819785,0.04504422331522512,0.03949557766847757,86,109.9511628
1199.0500000000002,0.04645784470502395,0.6805489812233961,24.16915834320258,0.4568325355137888,0.0014363903284783414,0.9985636096715224,0.06942810616307887,0.003429296742490675,6.700019842990197,0.049393493958831844,0.9506065060411683,0.08921344792288488,0.044620734381561944,0.03953792656184378,87,87.96093022
1199.0500000000002,0.030603680907373188,0.6846689271105396,19.452387759429513,0.4585489646173949,0.0008179059475760591,0.9991820940524233,0.06546327127623523,0.0031677478285848763,6.7617412758724935,0.04838969649407336,0.9516103035059267,0.08970307633555305,0.04423820846928341,0.03957617915307167,88,70.36874418
1199.0500000000002,0.02009084330182497,0.6883908078838697,15.646502459365411,0.4617892612828977,0.00046526838440748774,0.9995347316155929,0.06151677412231675,0.0029261680577182267,6.823489898923357,0.04756699452183438,0.9524330054781656,0.09022366671059866,0.04388865579545077,0.03961113442045491,89,56.29499534
1199.0500000000002,0.013159838924565839,0.6918459347248309,12.580021483398628,0.46612203755654785,0.00026451105952250025,0.9997354889404777,0.05758517820237952,0.002700317560178969,6.885252322629991,0.04689257972091349,0.9531074202790866,0.09076883519243577,0.04356529059682044,0.039643470940317886,90,45.03599627
1199.0500000000002,0.008607777756373596,0.6951307649718799,10.11180723037734,0.47125437994592156,0.00015031824087653547,0.9998496817591246,0.05366577677561307,0.0024867307394631144,6.947015899397501,0.04633736598735445,0.9536626340126457,0.09133361637929567,0.04326288919801825,0.039673711080198196,91,36.02879702
1199.0500000000002,0.005625679145880766,0.6983188377198197,8.126546385972457,0.4770040844439677,8.541214151227363e-05,0.9999145878584885,0.04975673484472311,0.0022828207794560046,7.008768098912215,0.045879633914181386,0.9541203660858187,0.09191431499286659,0.04297760288649955,0.03970223971135005,92,28.82303762
1199.0500000000002,0.0036751672079060145,0.7014633611204627,6.53051090124066,0.48325984465092053,4.85460510929141e-05,0.9999514539489072,0.045856559558536084,0.00208644768314229,7.070498135410103,0.04549943788128734,0.9545005621187126,0.09250794409706535,0.04270635201036921,0.0397293647989631,93,23.05843009
1199.0500000000002,0.0024006138187398877,0.7046035783311896,5.247796571658922,0.48996055310055076,2.762146809280481e-05,0.9999723785319068,0.041964172540854196,0.0018959147712474284,7.132195703839888,0.045179367454981204,0.9548206325450186,0.09311229303061733,0.04244688678419829,0.03975531132158016,94,18.44674407
1199.0500000000002,0.0015681947267711942,0.7077684289526252,4.21709409460527,0.49707824507771603,1.569687862712194e-05,0.9999843031213732,0.03807886857702947,0.00170986773121982,7.1938499859031735,0.04490332289144821,0.9550966771085518,0.09372612855996727,0.042197986540719004,0.03978020134592809,95,14.75739526
1199.0500000000002,0.0010246566823090878,0.7109781487178349,3.388975577780832,0.5046038127366783,8.919192476241334e-06,0.9999910808075236,0.03420017766677118,0.0015272893722077826,7.255451861757275,0.04465735199021435,0.9553426480097856,0.09434809215584544,0.041958314611039195,0.03980416853889608,96,11.80591621
1199.0500000000002,0.0006697459754779084,0.7142471033917638,2.723645516892118,0.5125412148973224,5.077794568099548e-06,0.9999949222054321,0.030327939817287514,0.0013475069207859673,7.316992785058308,0.04443120530882021,0.95556879469118,0.09497692839528735,0.04172665196288963,0.039827334803711,97,9.444732966
1199.0500000000002,0.0004379623562380542,0.7175833096547899,2.18909424284441,0.5208975450563805,2.8955015353328147e-06,0.9999971044984639,0.02646209238902273,0.001169915492955985,7.378463718398888,0.044210997214273594,0.9557890027857265,0.0956116626638461,0.04150208870104426,0.0398497911298956,98,7.555786373
1199.0500000000002,0.00028654775783521554,0.7209911312661305,1.7595921634413112,0.5296835927979273,1.6546733888619588e-06,0.9999983453266115,0.022602836817924875,0.0009941369932030008,7.439855002921303,0.043982841670342755,0.9560171583296573,0.09625154803988194,0.04128396326648749,0.0398716036733512,99,6.044629098
1199.0500000000002,0.00018759782075826798,0.7244707185420667,1.4144672460928773,0.5389081113380649,9.486194406470421e-07,0.9999990513805589,0.018750490431076856,0.0008198684849067328,7.501156300897165,0.04372517548812147,0.9562748245118786,0.09689590567249008,0.041071703533462026,0.03989282964665385,100,4.835703278
1199.0500000000002,0.00012290429316770573,0.7280189369458607,1.1371159953417365,0.5485769564095719,5.46352887621003e-07,0.9999994536471128,0.01490551704142389,0.0006468855925692441,7.56235614251909,0.04339907100513462,0.9566009289948653,0.0975441780752031,0.04086488296479439,0.03991351170352058,101,3.868562623
1199.0500000000002,8.058532953961286e-05,0.7316301313128089,0.914205173879448,0.5586927089175747,3.166493756173034e-07,0.9999996833506254,0.011068561299068854,0.00047504800260215997,7.623441445058889,0.04291867657109144,0.9570813234289087,0.09819596925087695,0.04066326474189528,0.03993367352581052,102,3.094850098
1199.0500000000002,5.2885777609449094e-05,0.7352961254311904,0.735028671404841,0.5692527333628691,1.8490271151989073e-07,0.9999998150972887,0.007240401769707573,0.00030425983517230585,7.684397634424412,0.04202250696297281,0.9579774930370271,0.09885092828502343,0.04046668323040663,0.03995333167695926,103,2.475880079
1199.0500000000002,3.474272873730602e-05,0.739006160553339,0.5909899919922282,0.5802472205816847,1.0879410734274331e-07,0.9999998912058924,0.0034218980617081534,0.00013440813906369597,7.745208501289258,0.039278826052531454,0.9607211739474687,0.0995087433438303,0.040275039978814826,0.039972496002118565,104,1.980704063
1199.0500000000002,2.2849926499471684e-05,0.7427493569159431,0.47518627403283353,0.5916650513090226,6.440856195362826e-08,0.9999999355914385,-0.0003857414003903509,-3.4395512363754415e-05,7.805855764800444,0.08916604953913562,0.9108339504608643,0.10016903490295234,0.04008819554860047,0.03999118044513994,105,1.58456325
1199.0500000000002,1.5047285487423476e-05,0.7465101297007213,0.38207410236096717,0.6034785093983214,3.8240654691566204e-08,0.9999999617593455,-0.004181581579723678,-0.00020238136396568164,7.866320003595966,0.048398280114462434,0.9516017198855374,0.10083131244669834,0.03990592841372478,0.040009407158627566,106,1.2676506
1199.0500000000002,9.923197883561482e-06,0.7502759402669958,0.3072012203167116,0.6156659295853513,2.2721083897905798e-08,0.9999999772789169,-0.00796401463677413,-0.00036931119080978024,7.926578390766072,0.04637248985795898,0.953627510142041,0.10149510583321472,0.03972807447439311,0.04002719255256067,107,1.01412048
1199.0500000000002,1.8531512178767813,0.20889348881362993,168.68129657769512,0.1543813777283984,0.48149135120869924,0.5185086487913011,0.11783066367295843,0.00851987484762079,5.978153519577705,0.07230609233299852,0.9276939076670014,0.08597302494340403,0.05277219525637522,0.03872278047436255,108,2000.0
1199.0500000000002,1.7706378725790057,0.296184743050792,167.41736289672545,0.2389262964484733,0.44484224320481375,0.5551577567951851,0.11831253349746665,0.009998180192227344,5.994760778246011,0.08450651757069112,0.915493482429309,0.08803416585402929,0.054509818455618676,0.03854901815443809,109,1400.0
1199.0500000000002,1.7148433269708985,0.4036151231590136,159.69475123310238,0.37650068460718294,0.42025618490595623,0.5797438150940444,0.11820880491289014,0.010559752148411178,6.005849120592017,0.08933134792109254,0.9106686520789073,0.089056856557621,0.05526033568905196,0.03847396643109476,110,980.0
1199.0500000000002,1.5533523100351867,0.5021459713635273,139.080378676812,0.5277386212882565,0.35075820088608956,0.6492417991139099,0.1158197764378878,0.010096929932183033,6.0379525582382545,0.08717794354955946,0.9128220564504407,0.0888362989155645,0.054371240484695584,0.03856287595153039,111,686.0
1199.0500000000002,1.1576124889008563,0.5578567042459558,108.15703942184332,0.5578446072611378,0.2021783223466357,0.7978216776533649,0.10912317512043679,0.008519344069817497,6.123269482489678,0.07807089593800423,0.9219291040619959,0.08802816949966241,0.05205357091137167,0.03879464290886288,112,480.2
1199.0500000000002,0.7829124875691795,0.5970375935068317,81.02762950319801,0.541311622439529,0.09771626723786311,0.9022837327621357,0.1019066381888257,0.0070907092396755534,6.219734517514164,0.06958044502226497,0.9304195549777351,0.08752902420360173,0.049982604123621835,0.03900173958763777,113,336.14
1199.0500000000002,0.4907350913143042,0.6260857718589005,59.479092680000655,0.5114962993194547,0.043580224885716355,0.9564197751142842,0.09492876097321,0.005971586482828794,6.317380425160314,0.06290597729911393,0.9370940227008863,0.08739296568182911,0.04834175299879903,0.039165824700120144,114,235.298
1199.0500000000002,0.28621052033712735,0.6468683649008502,43.01740775616945,0.4828047372875607,0.01860886269933443,0.9813911373006645,0.08818224944438302,0.0050999836748515034,6.415295570507807,0.05783458356498443,0.9421654164350157,0.0875610902393859,0.04705465827939841,0.03929453417206015,115,164.7086
1199.0500000000002,0.157676113643988,0.6614851413369242,30.79261179441604,0.4635638996969614,0.007756894598070362,0.9922431054019295,0.08160570292987987,0.004411643090217765,6.513432336005631,0.0540604753274085,0.9459395246725917,0.08796711475605995,0.046035213130780274,0.03939647868692198,116,115.29602
1199.0500000000002,0.08361426009921086,0.6719851732029034,21.896993877030994,0.4549054139002388,0.0031911406887699424,0.9968088593112301,0.07514675079832063,0.0038541022570298825,6.611789190978487,0.051287676660171366,0.9487123233398288,0.0885533262941052,0.04521307234037973,0.039478692765961956,117,80.707214
1199.0500000000002,0.04334324535796959,0.6799390616418746,15.50931940112784,0.45419746309890635,0.0013038178521771662,0.9986961821478237,0.06876851995382009,0.003387639394688368,6.710318657347804,0.049261484715508896,0.9507385152844912,0.08927208978580628,0.044533582984448684,0.03954664170155512,118,56.4950498
1199.0500000000002,0.022187332930773417,0.6863989765205158,10.959671745003522,0.45846884493528667,0.000530738814198324,0.9994692611858017,0.06244626082915398,0.002983781188432834,6.808958672654647,0.047781582896959315,0.9522184171030407,0.09008513684947521,0.043954669492090544,0.03960453305079091,119,39.54653486
1199.0500000000002,0.011283876765703414,0.692033833115354,7.734749435331163,0.4656692717570978,0.0002156489873269321,0.9997843510126729,0.05616388720552633,0.002622790038606228,6.907648380551331,0.046698869488642505,0.9533011305113573,0.09096414834688134,0.04344599078326923,0.039655400921673134,120,27.6825744
1199.0500000000002,0.005720829121373543,0.6972607222293484,5.455216232308919,0.4746615506359917,8.75368982178292e-05,0.9999124631017835,0.04991092384905037,0.0022911116427284917,7.006336463227969,0.045904011898846894,0.9540959881011531,0.09188837717395122,0.042985735165613645,0.03970142648343867,121,19.37780208
1199.0500000000002,0.002896959198793981,0.7023384470812135,3.8464616449804305,0.48490894149322317,3.552447552662924e-05,0.9999644755244734,0.043680666353941404,0.0019791756397143897,7.104975154762883,0.0453101063888907,0.9546898936111093,0.09284479599455264,0.04256042983216777,0.03974395701678318,122,13.56446146
1199.0500000000002,0.0014668679976227808,0.7074281523566569,2.712035262904755,0.4962112065662493,1.442217313501557e-05,0.9999855778268648,0.03746927672070431,0.0016805669587277195,7.203521503967056,0.044851865466443236,0.9551481345335567,0.09382509757058513,0.04216165795772829,0.03978383420422714,123,9.49512302
1199.0500000000002,0.0007431951335498731,0.7126250878527296,1.9123712012468954,0.5085282449068261,5.862793072579657e-06,0.9999941372069279,0.03127475241681225,0.0013908473964157062,7.301934916326724,0.04447189150655427,0.9555281084934458,0.09482429570048537,0.041784546756552146,0.03982154532434486,124,6.646586114
1199.0500000000002,0.0003769488407050955,0.7179808338947146,1.3487204441977956,0.5218889252483585,2.3905897938613734e-06,0.9999976094102063,0.025096649036968427,0.001107205454009377,7.400175940284015,0.044117660975987835,0.9558823390240123,0.09583889559848771,0.04142585442964225,0.039857414557035745,125,4.65261028
1199.0500000000002,0.0001914662286466211,0.7235143501986055,0.951380627835106,0.5363371460513406,9.816080861679139e-07,0.9999990183919136,0.01893566654146331,0.000827917518808842,7.49820418295576,0.043722649893196776,0.9562773501068034,0.09686590014274507,0.041082950556952054,0.039891704944304815,126,3.256827196
1199.0500000000002,9.742884516401827e-05,0.7292205068889812,0.6712187262181647,0.5519066043708517,4.0655691595662407e-07,0.9999995934430836,0.012793580177684245,0.000551974058310831,7.595973231343777,0.043144612408806265,0.9568553875911936,0.0979031047852878,0.04075414571416915,0.039924585428583105,127,2.279779037
1199.0500000000002,4.9686986937918284e-05,0.7350748939931333,0.47362509702642897,0.5686044175370848,1.714827944153181e-07,0.999999828517206,0.00667311623296587,0.0002788000578050919,7.693428063747321,0.04177958910125714,0.958220410898743,0.09894887252281509,0.04043848134122628,0.0399561518658774,128,1.595845326
1199.0500000000002,2.5406967405864018e-05,0.7410374146894111,0.3342268616745797,0.5864004916362436,7.370283000014733e-08,0.9999999262971695,0.0005778629353928667,8.04749722047838e-06,7.790503076030461,0.013926269620179562,0.9860737303798205,0.10000185461660113,0.040135465362142755,0.03998645346378581,129,1.117091728
1199.0500000000002,1.9290284024203497,0.15534821140867813,125.4435410490091,0.11039065554688618,0.5155491311560982,0.484450868843901,0.11730730013440431,0.007065069172777228,5.962629483972882,0.06022702052114646,0.9397729794788535,0.08419300820830329,0.05126847782829619,0.03887315221717037,130,2000.0
1199.0500000000002,1.79904052307988,0.2598490373653331,125.88419063546266,0.20136788463850824,0.4574469677299689,0.542553032270032,0.11819886838932843,0.009544244299711842,5.989089598506389,0.08074733768503281,0.9192526623149672,0.08729870646711754,0.05388927647648489,0.03861107235235158,131,1200.0
1199.0500000000002,1.7123568800436266,0.40744372864089584,118.43592516780942,0.382177479736054,0.4191609992654568,0.5808390007345442,0.11819800782120748,0.010578248728664832,6.006337348457622,0.08949598905584537,0.9105040109441547,0.08900574178027358,0.05519180609886132,0.03848081939011397,132,720.0
1199.0500000000002,1.3638187191640223,0.5280689683816012,92.10470900331987,0.5420089538892614,0.2751369521776512,0.724863047822349,0.11272013382267512,0.009356852643456415,6.077278647013022,0.08300959406511506,0.9169904059348848,0.08829357743133523,0.0531113592977416,0.03868886407022584,133,432.0
1199.0500000000002,0.8070199765675561,0.5901600236771858,61.76126312853686,0.5332103886689816,0.10290866266323162,0.8970913373367679,0.10243490889501079,0.007197200046047317,6.212704852517275,0.07026120413262812,0.9297387958673721,0.08746777559920191,0.05003171603394728,0.038996828396605274,134,259.2
1199.0500000000002,0.4078067994641478,0.6310613673377633,39.625029550755244,0.49344720902583283,0.03208297813070298,0.9679170218692974,0.09250606165212243,0.005644942125306097,6.352314674553061,0.06102240246172337,0.9389775975382765,0.0873654247914731,0.04778977901982577,0.039221022098017394,135,155.52
1199.0500000000002,0.17961048176817487,0.6564532864806866,24.73166051517162,0.46188815998815114,0.00929547121357502,0.9907045287864251,0.08299706835335637,0.004551631951290958,6.492576059965577,0.054840876200020115,0.94515912379998,0.08782633627827033,0.04619517113853433,0.03938048288614657,136,93.312
1199.0500000000002,0.07251617636932178,0.6721908191670907,15.194750465567278,0.4506667251737442,0.002611672132872731,0.9973883278671274,0.07374870997702175,0.003749604444226726,6.633348241120082,0.050842983494157314,0.9491570165058427,0.08867602879625378,0.045028857209239034,0.03949711427907611,137,55.9872
1199.0500000000002,0.028064980711341513,0.682921760409293,9.262393943333112,0.45373810900320555,0.0007248581680775262,0.9992751418319221,0.06465331144839111,0.003121778993284205,6.774474459081551,0.04828490487510187,0.9517150951248979,0.08977712428244551,0.04413254414863159,0.03958674558513692,138,33.59232
1199.0500000000002,0.010671969664062263,0.6913440604787073,5.625976137544061,0.4638846441987913,0.0002002338809760123,0.9997997661190242,0.055649983414460036,0.002595682312861566,6.915761648306692,0.046643002451458984,0.9533569975485412,0.09103163401687911,0.04339952868424285,0.039660047131575685,139,20.155392
1199.0500000000002,0.004032526546467627,0.6988660169290577,3.4123133361033533,0.4774876187635561,5.5191388775063026e-05,0.9999448086112255,0.046705768372614725,0.0021288847400834925,7.057051939457812,0.04558076687834243,0.9544192331216577,0.09237494923178208,0.04276167338141803,0.03972383266185821,140,12.0932352
1199.0500000000002,0.0015217397595397447,0.7062070389077941,2.068893959745267,0.4933228301748739,1.5207472864219374e-05,0.9999847925271365,0.037803731089144144,0.001696144681513898,7.1982068932061605,0.04486712376317169,0.9551328762368282,0.09377242676269133,0.04218333344802435,0.03978166665519753,141,7.25594112
1199.0500000000002,0.0005748838180312428,0.7137236191378207,1.254548252715756,0.5111805559929874,4.199262434498167e-06,0.9999958007375659,0.028936646523011995,0.001282632696416264,7.3390997695567375,0.044325547357420406,0.9556744526425796,0.09520774717508906,0.04164842065853563,0.03983515793414638,142,4.353564672
1199.0500000000002,0.00021771938604646406,0.7215678310039786,0.7610006455302114,0.5311686993120066,1.1680325041031782e-06,0.9999988319674958,0.02010382198177296,0.0008804478050902266,7.479610430388621,0.04379504473893907,0.956204955261061,0.09667130731595433,0.041148172960942794,0.039885182703905724,143,2.612138803
1199.0500000000002,8.274996148521652e-05,0.7297585467399094,0.4617841715480872,0.553405328812225,3.3103553778138815e-07,0.999999668964462,0.011308879379675726,0.0004853029502178809,7.619607059509034,0.04291344286682337,0.9570865571331766,0.09815643431751035,0.04067730118303555,0.03993226988169643,144,1.567283282
1199.0500000000002,1.9731408675302364,0.12352658565977248,99.7476104827798,0.08586523338127777,0.5354744730226237,0.46452552697737703,0.11698739750303495,0.006193987484495901,5.953443166357682,0.05294576694962233,0.9470542330503777,0.08320409985278014,0.050442446115586605,0.03895575538844133,145,2000.0
1199.0500000000002,1.80992153532964,0.24884143356852234,100.469581955723,0.1907503928411282,0.46230951470587006,0.5376904852941295,0.11815685860215522,0.009372416252056748,5.986925960831692,0.07932181307441225,0.9206781869255879,0.08701097221405568,0.05364199785863917,0.03863580021413607,146,1000.0
1199.0500000000002,1.6740404636398523,0.4464839818596812,90.13267249716593,0.4420016035901396,0.4022185515147244,0.5977814484852751,0.11772232812623715,0.010551703319945177,6.013822919895134,0.08963213202914938,0.9103678679708507,0.08892393918376161,0.054932312038053245,0.03850676879619461,147,500.0
1199.0500000000002,0.9933010168006919,0.5656362475699821,57.09371252979871,0.5319082462637306,0.15087161218864703,0.8491283878113525,0.10615656180330071,0.007922175639166407,6.162760230597762,0.07462728164803942,0.9253727183519607,0.08758443080019025,0.050951079211737194,0.0389048920788263,148,250.0
1199.0500000000002,0.4099091241732623,0.6272810478100561,31.658034773838995,0.48624146264986223,0.032167758570512746,0.9678322414294878,0.09258426107485866,0.005662897522560653,6.3513106074616985,0.061164796869284256,0.9388352031307159,0.08730969524402671,0.04774864368911556,0.03922513563108847,149,125.0
1199.0500000000002,0.13189065600786667,0.6604596284666389,16.66626910017964,0.4511692677703777,0.005950496143140463,0.9940495038568613,0.07975844851091103,0.004251436470366793,6.541549799324263,0.05330390133563512,0.9466960986643649,0.08805484620999063,0.04571839445664129,0.03942816055433584,150,62.5
1199.0500000000002,0.03725174695842544,0.6784918091771256,8.560651705259428,0.44855625852351777,0.0010552234744473634,0.9989447765255519,0.06733302678514709,0.003297025777746386,6.73273331654332,0.04896595229562475,0.9510340477043755,0.0894152132942638,0.04435971003066596,0.03956402899693344,151,31.25
1199.0500000000002,0.010059516204467888,0.6905665804029051,4.356503142592613,0.46191863477055034,0.00018497293363488787,0.9998150270663647,0.05510540047898087,0.0025669014637890652,6.924358349746804,0.046581667884743355,0.9534183321152568,0.0911047512152655,0.043351934221648,0.039664806577835235,152,15.625
1199.0500000000002,0.0026846979273710916,0.7008329385544377,2.210633717717029,0.48133261979263164,3.230448394133435e-05,0.9999676955160594,0.0429850638531666,0.0019451157440247512,7.116000864847637,0.0452509678769523,0.9547490321230476,0.0929523235681859,0.042513592858163134,0.039748640714183686,153,7.8125
1199.0500000000002,0.000716100444569665,0.7109804055944022,1.121321375027675,0.5044538138681047,5.641423191483257e-06,0.9999943585768085,0.030935645774068064,0.0013744461428560734,7.307313339479802,0.04442920483612833,0.9555707951638717,0.09488201148763098,0.04176706803361888,0.039823293196638083,154,3.90625
1199.0500000000002,0.00019176986054244037,0.7216368969828366,0.5690639923746683,0.5313375586090332,9.948228945480642e-07,0.9999990051771059,0.018949233218099087,0.0008278780045213191,7.497977413107037,0.04368926143207013,0.9563107385679299,0.09686576440622162,0.04108598848856701,0.03989140115114328,155,1.953125
1199.0500000000002,1.9967505706425022,0.10263013704702317,82.87374841644527,0.07023186534373645,0.5461719079768155,0.4538280920231859,0.1168139233066243,0.00572194338353479,5.948467001281842,0.04898340216068509,0.9510165978393148,0.08268429552254927,0.050013209262562676,0.03899867907374374,156,2000.0
1199.0500000000002,1.8024237867059114,0.2578806279284064,83.29530849381352,0.19955331156324002,0.4590189356339078,0.5409810643660937,0.1182278222031626,0.009535108032439208,5.988454763821276,0.08065028902807472,0.9193497109719253,0.08718677051508318,0.053785185161084326,0.03862148148389148,157,800.0
1199.0500000000002,1.4714475632118307,0.5014689487703706,64.7896257313075,0.5094287044606259,0.3166485030520265,0.6833514969479736,0.1145651713127522,0.009830367558769185,6.054419937433616,0.08580589935400965,0.9141941006459904,0.0882864635047467,0.0535101921917656,0.03864898078082344,158,320.0
1199.0500000000002,0.5480546070790513,0.6083548173363091,31.439622357373104,0.4927545212338777,0.051654570976556534,0.9483454290234447,0.09650557413880326,0.006230122918121228,6.295409146321966,0.06455713011011846,0.9354428698898815,0.08720268410654428,0.04848285690681369,0.03915171430931862,159,128.0
1199.0500000000002,0.12790435892988575,0.6585661385623547,13.613849265623312,0.44580533406021045,0.005665287240825288,0.9943347127591737,0.07944824698341461,0.00422805313520044,6.546330102529763,0.053217702004717614,0.9467822979952822,0.08805325793050481,0.045648079530118735,0.03943519204698813,160,51.2
1199.0500000000002,0.023737212462480443,0.6814600633640827,5.634855187603992,0.44879208398403564,0.0005757588916398786,0.99942424110836,0.0630853224092209,0.0030285167855668123,6.799053239605766,0.04800667841396919,0.9519933215860306,0.08996134955613243,0.043970255318855095,0.03960297446811455,161,20.48
1199.0500000000002,0.004165585201129926,0.6962276843996279,2.302783311181211,0.47161608404167515,5.774254832245317e-05,0.9999422574516785,0.047003411611068927,0.00214427071056947,7.052347651658342,0.04561946960728586,0.9543805303927142,0.0923249255932092,0.04277752106193139,0.039722247893806815,162,8.192
1199.0500000000002,0.0007261342941472241,0.7097352268408196,0.9389850665739365,0.5014151462413816,5.771517701227209e-06,0.9999942284822987,0.031061881576623467,0.001379948599326477,7.30530111704505,0.044425789077664576,0.9555742109223353,0.09486234629792395,0.04177553671339636,0.039822446328660374,163,3.2768
1199.0500000000002,0.00012742184516644736,0.7239997370485975,0.3831425760891127,0.5376063945894863,5.859315902510729e-07,0.9999994140684088,0.01523217761960679,0.0006603835596028954,7.557136765666603,0.043354507195153526,0.9566454928048465,0.0974924607761991,0.04088609697650702,0.039911390302349255,164,1.31072
1199.0500000000002,2.009701083322879,0.08786524874792453,70.94319417801337,0.059410293021362616,0.5520488252515443,0.44795117474845575,0.11671951083337753,0.005462549068786813,5.945717303923487,0.04680065061824397,0.9531993493817559,0.0824007237392381,0.04978182404124933,0.0390218175958751,165,2000.0
1199.0500000000002,1.7777192043134888,0.2909930708098843,70.4929388703628,0.23361498005537001,0.4481129317514093,0.5518870682485905,0.11838880601880011,0.009994389943887821,5.9934263987514615,0.08442005861254365,0.9155799413874564,0.08779329195578331,0.0542844068304479,0.03857155931695522,166,600.0
1199.0500000000002,0.9944728697056263,0.5548274450852219,40.321691501686885,0.5093752836666152,0.15053579050393665,0.849464209496063,0.10622384151227342,0.007957887328819333,6.1622340969424325,0.074916206787542,0.925083793212458,0.0874090344096948,0.050781936985270615,0.03892180630147296,167,180.0
1199.0500000000002,0.1830291057729749,0.6475974963248826,14.11921992197226,0.44549392253997955,0.009379498199881094,0.9906205018001193,0.08322081558493093,0.004588806427930274,6.4894665140499885,0.05514012804392483,0.9448598719560751,0.08770592558102369,0.046119127369417263,0.03938808726305825,168,54.0
1199.0500000000002,0.020413403177388604,0.6811980351517991,4.455539987872802,0.446795437717692,0.0004695588197514639,0.9995304411802477,0.061675835920665036,0.0029446437328963324,6.821146796870522,0.04774388036846627,0.9522561196315337,0.09014496553552305,0.04384271527416667,0.039615728472583336,169,16.2
1199.0500000000002,0.0020675758780014874,0.7002933312534887,1.3741319814041677,0.4798005837716233,2.2977547436734037e-05,0.9999770224525628,0.04059943796243271,0.0018292624778847581,7.153830408590866,0.04505634977169427,0.9549436502283056,0.09332740774724554,0.04235919865552067,0.03976408013444793,170,4.86
1199.0500000000002,0.00020914409581338826,0.7186054623864662,0.42301942760934647,0.523414621084037,1.1261014177989158e-06,0.9999988738985831,0.019736955742465343,0.0008627094636898125,7.485429228687073,0.04371036112946169,0.9562896388705384,0.0967355210723149,0.04113108870794701,0.03988689112920528,171,1.458
1199.0500000000002,2.0171930530164683,0.07684437802455626,62.047261480726874,0.051466005498223014,0.555451380633607,0.4445486193663939,0.11666519504843073,0.005312424037795633,5.944120483156082,0.045535637505999045,0.954464362494001,0.08223702839820263,0.04965008332077253,0.03903499166792268,172,2000.0
1199.0500000000002,1.7366081003573666,0.3655632626385798,59.03650547461747,0.32312236322284343,0.4299121183035493,0.5700878816964509,0.11844348992360258,0.010538384956307191,6.0015815838784095,0.08897394704299015,0.9110260529570098,0.08856638929694703,0.05485291850824477,0.03851470814917566,173,400.0
1199.0500000000002,0.4218063652327092,0.6136957391584827,19.822313796645673,0.46285423595802355,0.03316328987437596,0.9668367101256248,0.09298631861940955,0.00573708279156703,6.345846069535957,0.06169813877042888,0.938301861229571,0.08714466294464335,0.04766389739244089,0.03923361026075589,174,80.0
1199.0500000000002,0.025661068190306047,0.6769215668863355,4.3729084004912275,0.4403666609775291,0.0006334943980878054,0.9993665056019119,0.0638209269167495,0.0030775632965123756,6.78761060632938,0.04822185206015991,0.9517781479398402,0.08983742602318592,0.04400744859530612,0.03959925514046938,175,16.0
1199.0500000000002,0.001204166150613565,0.7030740092471205,0.9083713085726458,0.48579792496479834,1.1304033916231779e-05,0.9999886959660828,0.03566855056697419,0.001594266059180283,7.232095258203435,0.044696687524878084,0.9553033124751218,0.09411618435545137,0.04205305781568723,0.039794694218431306,176,3.2
1199.0500000000002,2.021770666314027,0.06832549711162506,55.15006648737042,0.04541092826853492,0.5575312563437654,0.44246874365623423,0.1166336781780682,0.005222121640943101,5.943140724381249,0.044773701300095906,0.9552262986999042,0.08213694993717456,0.04957078558378204,0.03904292144162182,177,2000.0
1199.0500000000002,1.3833430547203183,0.49685180709834426,40.120617912789946,0.4822782705964895,0.28121593427327474,0.7187840657267268,0.11317359676128677,0.00952495881585914,6.072522700909539,0.0841623761068494,0.9158376238931508,0.08778838809496563,0.052681194974088644,0.03873188050259112,178,200.0
1199.0500000000002,0.04851230957429866,0.6668454104113137,5.384771296660436,0.430063987768598,0.0014755654105953996,0.9985244345894053,0.06986784113147054,0.0034799330112189877,6.693534864662473,0.049807364229358705,0.9501926357706413,0.08903120569293718,0.044529745305668486,0.03954702546943321,179,20.0
1199.0500000000002,0.0006168097042339026,0.7068680008331295,0.5707955518741935,0.49445077814814675,4.702007685977226e-06,0.9999952979923125,0.02957510714759648,0.0013102640722960001,7.328919282078324,0.04430293576395735,0.9556970642360426,0.09510710503650134,0.04169010181012464,0.0398309898189875,180,2.0
