time_axis,NPQ,Phi2,LEF,qL,Z,V,pmf,Dy,pHlumen,fraction_Dy,fraction_DpH,Klumen,Cl_lumen,Cl_stroma,idx,LIGHT,ratio_absorb,v_ATP_made,3_v_ATP_made,Phi2*PSII_antenna_size*ratio_absorb*LIGHT,NADPH,2NADPH,CO2
1199.0500000000002,0.288781502529161,0.6513498419361954,131.49122474814027,0.4933827006212244,0.0171146811751528,0.982885318824847,0.0883977254249819,0.0051887837434703,6.413184305308141,0.0586981590140014,0.9413018409859986,0.0872150881182673,0.0467399041228927,0.0393260095877107,0,500.0,0.1,15.03273528422706,5.01091176140902,16.283746048404886,8.141873024202443,4.0709365121012215,4.0709365121012215
1199.0500000000002,0.2887484729572198,0.6510990414874908,118.29643283083176,0.4928255726397965,0.0171086227028192,0.9828913772971803,0.088397534164959,0.0051897126675861,6.413202975043786,0.0587087944933049,0.9412912055066952,0.0872093968509507,0.0467339125136812,0.0393266087486319,1,450.0,0.1,15.0325822175134,5.010860739171133,14.649728433468542,7.324864216734271,3.662432108367136,3.662432108367136
1199.0500000000002,0.2887114282631777,0.6508164299961317,106.42061350614816,0.4921988167531245,0.0171018644323945,0.9828981355676044,0.0883972121630918,0.0051906536614137,6.413224024972029,0.0587196534171325,0.9412803465828676,0.0872030687283392,0.0467272481847412,0.0393272751815258,2,405.0,0.1,15.032324520435926,5.0107748401453085,13.179032707421666,6.589516353710833,3.2947581768554164,3.2947581768554164
1199.0500000000002,0.2886729255497124,0.6504994737149066,95.73179557605968,0.4914982750137689,0.0170948243619136,0.9829051756380848,0.0883969563930135,0.0051917037243755,6.413245788856034,0.0587317022411219,0.941268297758878,0.0871965748947383,0.0467204020534029,0.0393279597946597,3,364.5,0.1,15.032119831342182,5.010706610447394,11.855352908454172,5.927676454227086,2.963838227113543,2.963838227113543
1199.0500000000002,0.2886284694102159,0.6501411680878029,86.11123040710132,0.4907075333950465,0.0170867102280987,0.9829132897719022,0.0883964939435174,0.0051927591004628,6.413271085949089,0.0587439486376824,0.9412560513623176,0.0871891457527041,0.0467125684205704,0.0393287431579429,4,328.05,0.1,15.031749746200603,5.010583248733535,10.663940509560188,5.331970254780094,2.665985127390047,2.665985127390047
1199.0500000000002,0.2885792381744236,0.6497383079511543,77.45201145329568,0.4898207056392561,0.0170777442664283,0.9829222557335712,0.088396098605306,0.0051940369926275,6.413298973122027,0.0587586677678262,0.9412413322321737,0.0871809814554069,0.046703954195102,0.0393296045804898,5,295.245,0.1,15.031433374942862,5.010477791647621,9.591599336551928,4.795799668275964,2.397899834137982,2.397899834137982
1199.0500000000002,0.2885250046282415,0.6492823726102304,69.65791690664702,0.4888200901345984,0.0170678792320328,0.9829321207679664,0.0883955283767096,0.0051953164260414,6.413329800822195,0.0587735207847058,0.941226479215294,0.0871721361559509,0.046694613363931,0.0393305386636069,6,265.7205,0.1,15.030977057609851,5.01032568586995,8.626381834558837,4.313190917279418,2.156595458639709,2.156595458639709
1199.0500000000002,0.2884656868161616,0.6487663306874862,62.642337072053955,0.487691512744608,0.0170571064825589,0.98294289351744,0.0883948368276208,0.0051966498407756,6.4133635502192465,0.0587890653668227,0.9412109346331776,0.0871626399596073,0.0466845740538652,0.0393315425946135,7,239.14845,0.1,15.030423672353098,5.0101412241176995,7.757573119804988,3.878786559902494,1.939393279951247,1.939393279951247
1199.0500000000002,0.2883990381349968,0.6481829272506073,56.327320177815466,0.4864198027259568,0.0170449977970051,0.9829550022029938,0.0883941859588952,0.005198264840587,6.413401314694862,0.0588077686279816,0.9411922313720182,0.0871521080507052,0.0466734301286565,0.0393326569871343,8,215.233605,0.1,15.029902857073395,5.009967619024465,6.975537406580048,3.487768703290024,1.743884351645012,1.743884351645012
1199.0500000000002,0.2883278773291783,0.6475180632381987,50.642676736460494,0.4849775155162316,0.017032110574165,0.9829678894258352,0.0883931456812674,0.0051996597229726,6.413441900695088,0.0588242412097335,0.9411757587902664,0.0871412568495446,0.0466619247461643,0.0393338075253836,9,193.7102445,0.1,15.029070477125314,5.009690159041772,6.271544117401896,3.135772058700948,1.567886029350474,1.567886029350474
1199.0500000000002,0.288246833462546,0.6467630899730846,45.52524824986074,0.4833463150248753,0.0170175059551233,0.9829824940448756,0.0883920855361351,0.005201364552533,6.413487983606631,0.0588442338522027,0.9411557661477976,0.0871291075663819,0.0466490286984048,0.0393350971301595,10,174.3392201,0.1,15.028222243733236,5.009407414577745,5.637808634768685,2.8189043173843427,1.409452158692171,1.409452158692171
1199.0500000000002,0.2881598533271798,0.6459022143481881,40.918147815341186,0.4814969058666838,0.0170018158931516,0.982998184106848,0.088390840223755,0.0052030849650499,6.4135374123549145,0.0588645265632313,0.9411354734367686,0.0871166144058735,0.0466357302735765,0.0393364269726424,11,156.905298,0.1,15.027225912236396,5.009075304078799,5.067273971058116,2.533636985529058,1.266818492764529,1.266818492764529
1199.0500000000002,0.2880560571353986,0.6449164807087937,36.77019291697117,0.479388820714774,0.0169832583884037,0.983016741611596,0.0883891205029853,0.005204920650612,6.413596669127112,0.0588864401072166,0.9411135598927832,0.0871019610007389,0.0466201208309211,0.0393379879169079,12,141.2147682,0.1,15.025850122715248,5.00861670757175,4.553586566582604,2.276793283291302,1.138396641645651,1.138396641645651
1199.0500000000002,0.28794487598544,0.6437881190126282,33.035254691539485,0.4769930054590164,0.0169634359967363,0.983036564003264,0.0883872120096846,0.0052068126241307,6.413660010240768,0.0589091171174279,0.941090882882572,0.0870871666680532,0.0466042955944288,0.0393395704405571,13,127.0932914,0.1,15.02432344923137,5.008107816410456,4.091057550476492,2.045528775238246,1.022764387619123,1.022764387619123
1199.0500000000002,0.2878178492473896,0.6424910714045121,29.671830269590096,0.4742581714284853,0.0169409357637618,0.9830590642362376,0.0883848094264282,0.005208759480035,6.413732500893445,0.0589327454996477,0.9410672545003524,0.0870710411052878,0.0465869922772182,0.0393413007722781,14,114.3839623,0.1,15.022401737785309,5.007467245928436,3.674533724481016,1.837266862240508,0.918633431120254,0.918633431120254
1199.0500000000002,0.2876731989086644,0.640997588397052,26.6425292844701,0.4711344532651361,0.0169154960044095,0.9830845039955908,0.0883819540554284,0.0052108554165949,6.413815022686109,0.0589583639451254,0.9410416360548746,0.0870537175563239,0.0465683254133793,0.039343167458662,15,102.945566,0.1,15.020118156768692,5.006706052256231,3.299392977108478,1.649696488554239,0.8248482442771194,0.8248482442771194
1199.0500000000002,0.2875061102966768,0.6392700662121112,23.913678699128397,0.4675538786610735,0.0168864098474283,0.9831135901525708,0.0883781688423087,0.0052128101329306,6.4139106881770305,0.0589830067852035,0.9410169932147964,0.0870350125281904,0.0465480706915497,0.039345192930845,16,92.65100944,0.1,15.017091426799276,5.005697142266425,2.9614508469663874,1.4807254234831937,0.7403627117415968,0.7403627117415968
1199.0500000000002,0.2873130440995528,0.6372695680773924,21.454945475544196,0.4634506921883333,0.0168531697923301,0.9831468302076694,0.0883735522733836,0.0052148285545844,6.414021271353346,0.0590089276591331,0.9409910723408668,0.0870150891544683,0.046526355232207,0.0393473644767793,17,83.3859085,0.1,15.013400687125776,5.004466895708592,2.656965094676799,1.3284825473383994,0.6642412736691997,0.6642412736691997
1199.0500000000002,0.2870879974724964,0.6349450061531853,19.239007839217507,0.458739605654187,0.0168148883758369,0.983185111624163,0.0883676702601227,0.0052166957921978,6.414150425534585,0.0590339857841699,0.94096601421583,0.0869940467988106,0.0465032251409371,0.0393496774859062,18,75.04731765,0.1,15.008699488950429,5.002899829650143,2.3825459783529648,1.1912729891764824,0.5956364945882412,0.5956364945882412
1199.0500000000002,0.2868194339217679,0.6322370892189032,17.241261278391775,0.4533251679180751,0.0167698825527943,0.9832301174472048,0.088360123903468,0.0052184188921082,6.414304916477336,0.0590585284367783,0.9409414715632216,0.0869713087543254,0.0464780007794827,0.0393521999220518,19,67.54258588,0.1,15.002670045518965,5.000890015172988,2.13514639475445,1.067573197377225,0.5337865986886124,0.5337865986886124
1199.0500000000002,0.2864965326152696,0.6290753788014298,15.439546161125438,0.4471011887522421,0.0167169720199611,0.9832830279800382,0.0883503790901129,0.005219854367178,6.414491254617749,0.0590812899795981,0.9409187100204018,0.0869469687983321,0.04645067688278,0.0393549323117219,20,60.7883273,0.1,14.994887355896957,4.9982957852989855,1.91202200114764,0.95601100057382,0.47800550028691,0.47800550028691
1199.0500000000002,0.2861016013766343,0.6253778082965942,13.813922673384678,0.439951115711946,0.0166536308414297,0.9833463691585698,0.088337794978717,0.0052209840068884,6.41471981713619,0.0591024941048602,0.9408975058951397,0.0869205790222145,0.0464206474417327,0.0393579352558267,21,54.70949457,0.1,14.984842551569796,4.9949475171899325,1.7107051903600512,0.8553525951800256,0.4276762975900128,0.4276762975900128
1199.0500000000002,0.2856164195005297,0.6210490560687838,12.346462954365403,0.4317521433922363,0.0165777162286373,0.9834222837713614,0.0883215262133978,0.0052216151100887,6.415001481611516,0.0591205262589261,0.9408794737410736,0.0868925410997584,0.0463881484466504,0.0393611851553349,22,49.23854511,0.1,14.971865772642468,4.990621924214156,1.5289775981382865,0.7644887990691432,0.3822443995345716,0.3822443995345716
1199.0500000000002,0.2850126259367956,0.6159777287600269,11.02107992379838,0.4223730232958342,0.0164860485188115,0.9835139514811886,0.0883001791042302,0.0052213911450171,6.415353534013114,0.0591322826056613,0.9408677173943388,0.086862605091416,0.0463526754039132,0.0393647324596087,23,44.3146906,0.1,14.954853921115973,4.984951307038657,1.3648431233245657,0.6824215616622828,0.3412107808311414,0.3412107808311414
1199.0500000000002,0.2842523437100192,0.6100429717106999,9.823381368505665,0.4116937016056503,0.0163741867815313,0.9836258132184684,0.0882723440740143,0.0052202662378057,6.415798702729854,0.0591381852076817,0.9408618147923185,0.0868302248330238,0.0463133394369001,0.03936866605631,24,39.88322154,0.1,14.932698430314394,4.977566143438131,1.21652394948289,0.608261974741445,0.3041309873707225,0.3041309873707225
1199.0500000000002,0.283290718215485,0.6031084477842742,8.740539897576229,0.399603046256292,0.0162378016510644,0.9837621983489344,0.0882356237301423,0.0052175217590947,6.416364967149207,0.0591316923129344,0.9408683076870656,0.0867954756222249,0.0462698091856517,0.0393730190814348,25,35.89489938,0.1,14.903516771216774,4.967838923738925,1.0824258524222252,0.5412129262111126,0.2706064631055563,0.2706064631055563
1199.0500000000002,0.2820707102982358,0.5950357231101446,7.761192026095659,0.386027713540655,0.0160712259770879,0.9839287740229132,0.0881874102789267,0.0052126762376224,6.4170877659782635,0.059109074839627,0.9408909251603732,0.086758234576339,0.0462214389082568,0.0393778561091743,26,32.30540945,0.1,14.865281161081946,4.955093720360648,0.9611436336225024,0.4805718168112512,0.2402859084056256,0.2402859084056256
1199.0500000000002,0.2805229289550744,0.585687757079582,6.875343320062908,0.3709419233047571,0.0158683774901419,0.9841316225098588,0.0881243439338856,0.0052050152355586,6.418011188361217,0.0590644423859626,0.940935557614037,0.0867182875662244,0.0461673699947996,0.03938326300052,27,29.0748685,0.1,14.815402675051416,4.938467558350472,0.8514397259574396,0.4257198629787198,0.2128599314893599,0.2128599314893599
1199.0500000000002,0.2785701199839348,0.5749418772850213,6.074275129971797,0.3543890998175117,0.0156232193521383,0.9843767806478612,0.0880424873995127,0.00519362070004,6.419185555008788,0.0589899360304786,0.9410100639695214,0.0866760434809833,0.0461072777115063,0.0393892722288493,28,26.16738165,0.1,14.750892854505462,4.916964284835154,0.752236176474231,0.3761180882371155,0.1880590441185577,0.1880590441185577
1199.0500000000002,0.2761245466246922,0.5626998923910898,5.350442289469166,0.3364887067589978,0.0153293631000239,0.9846706368999758,0.0879370244365264,0.0051772218370593,6.420669956675548,0.0588741985548998,0.9411258014451004,0.0866315861346941,0.046040394079678,0.0393959605920322,29,23.55064349,0.1,14.66816030734861,4.889386769116204,0.6625972278781959,0.3312986139390979,0.1656493069695489,0.1656493069695489
1199.0500000000002,0.2730911885403345,0.5489057521430498,4.697348255147564,0.3174462407632679,0.0149811696297977,0.9850188303702028,0.0878027110300197,0.0051545850814822,6.422531234191041,0.0587064456298978,0.941293554370102,0.0865841194086586,0.045964961655102,0.0394035038344896,30,21.19557914,0.1,14.563414101596006,4.854471367198669,0.5817187654974619,0.2908593827487309,0.1454296913743654,0.1454296913743654
1199.0500000000002,0.2693909596241222,0.5335569221442027,4.109384843214892,0.2975484502297553,0.0145753529390109,0.9854246470609894,0.0876340291359484,0.0051238620379495,6.424830548366687,0.0584688628670612,0.9415311371329388,0.0865353587319719,0.0458818267318441,0.0394118173268156,31,19.07602122,0.1,14.432841616723223,4.810947205574408,0.508907158445035,0.2544535792225175,0.1272267896112587,0.1272267896112587
1199.0500000000002,0.2649477065306224,0.5167069162226151,3.5816582669393413,0.2771318566911472,0.0141097148762575,0.9858902851237415,0.0874249410535541,0.0050829200694332,6.427632983597985,0.0581403888727889,0.9418596111272112,0.0864854691556443,0.0457902459040117,0.0394209754095987,32,17.1684191,0.1,14.272490465321908,4.7574968217739695,0.4435520444789222,0.2217760222394611,0.1108880111197305,0.1108880111197305
1199.0500000000002,0.2597077470407792,0.4984826835163231,3.1097930753210923,0.256574877082539,0.0135838957984055,0.9864161042015944,0.0871706460966459,0.0050303344845257,6.430994806464662,0.0577067477309776,0.9422932522690224,0.08643559587783,0.0456905736833417,0.0394309426316658,33,15.45157719,0.1,14.0796868187546,4.693228939584867,0.3851171831115403,0.1925585915557701,0.096279295777885,0.096279295777885
1199.0500000000002,0.2536347641578081,0.4790595132076936,2.6897516713322966,0.2362395309363669,0.0129998271639258,0.9870001728360752,0.086866211199564,0.0049643707995701,6.434969326666769,0.0571496180918051,0.9428503819081946,0.0863864075453885,0.0455827534459596,0.039441724655404,34,13.90641947,0.1,13.852034779682242,4.617344926560747,0.3331001270880095,0.1665500635440047,0.0832750317720023,0.0832750317720023
1199.0500000000002,0.246717314527035,0.4586637215612105,2.317682857110548,0.2164588978435328,0.0123614174135943,0.9876385825864048,0.0865081050840692,0.0048841828327721,6.439601295811717,0.0564592504340541,0.943540749565946,0.0863402728526056,0.0454685469421851,0.0394531453057814,35,12.51577752,0.1,13.588611096250958,4.5295370320836525,0.2870266547777669,0.1435133273888834,0.0717566636944417,0.0717566636944417
1199.0500000000002,0.2389514446404417,0.4375307177443703,1.9898230092987472,0.1974895930514875,0.0116732886265766,0.9883267113734232,0.0860923580640877,0.0047888075225311,6.444940824307389,0.0556240718565035,0.9443759281434962,0.0862992444930667,0.0453493506272554,0.0394650649372744,36,11.26419977,0.1,13.28861594118227,4.429538647060757,0.2464216705092035,0.1232108352546017,0.0616054176273008,0.0616054176273008
1199.0500000000002,0.2303426979914777,0.4159352694024424,1.7024470563833964,0.1795440642679251,0.0109412417036137,0.9890587582963856,0.0856181785590025,0.0046806318750626,6.451040888601002,0.0546686689862511,0.9453313310137488,0.086266445604775,0.0452275417461741,0.0394772458253825,37,10.1377798,0.1,12.953972005355952,4.317990668451984,0.2108330086127819,0.1054165043063909,0.0527082521531954,0.0527082521531954
1199.0500000000002,0.2208956945640496,0.3941249702347907,1.451866234071229,0.1627457464676085,0.0101720552858096,0.9898279447141908,0.0850840891658641,0.0045622909407083,6.457970029580736,0.0536209646710863,0.9463790353289137,0.0862451742858673,0.0451054725998785,0.0394894527400121,38,9.124001816,0.1,12.58644895229466,4.19548298409822,0.1797998472076588,0.0898999236038294,0.0449499618019147,0.0449499618019147
1199.0500000000002,0.210624570001187,0.372343923870154,1.2344585723008248,0.1471675997253448,0.0093743045821712,0.9906256954178292,0.0844904264615317,0.0044387968267587,6.4658061727537826,0.0525360919765032,0.9474639080234968,0.0862389100827518,0.0449855137261452,0.0395014486273855,39,8.211601634,0.1,12.189358695306884,4.063119565102295,0.1528769986831064,0.0764384993415532,0.0382192496707766,0.0382192496707766
1199.0500000000002,0.1995650599387834,0.3507936002945872,1.0467147847296316,0.1328228712980471,0.0085588087829688,0.991441191217031,0.08383713635696,0.0043150259630491,6.474631493434818,0.0514691477801175,0.9485308522198824,0.0862505231210399,0.0448693813463844,0.0395130618653616,40,7.390441471,0.1,11.765939722720844,3.921979907573615,0.1296259785689257,0.0648129892844628,0.0324064946422314,0.0324064946422314
1199.0500000000002,0.1877990160290291,0.329661695855212,0.8852886774654548,0.1197009513227077,0.0077389991219799,0.9922610008780198,0.0831258312921106,0.0041965212143997,6.484511498704819,0.0504839607494364,0.9495160392505636,0.086282459984126,0.0447585889422076,0.0395241411057792,41,6.651397324,0.1,11.320620249363866,3.7735400831212886,0.1096355460818329,0.0548177730409164,0.0274088865204582,0.0274088865204582
1199.0500000000002,0.1754598703667719,0.3090887977999291,0.7470401075401909,0.1077578767447104,0.0069297616651994,0.9930702383348006,0.0823576474374187,0.0040868204643634,6.4954862171157455,0.0496228412165148,0.9503771587834852,0.0863354140211467,0.0446532883377001,0.03953467116623,42,5.986257591,0.1,10.857511181954193,3.619170393984731,0.0925142581061444,0.0462571290530722,0.0231285645265361,0.0231285645265361
1199.0500000000002,0.1627348015553505,0.2891965069906907,0.6290668221933109,0.0969402973989572,0.006146231776849,0.9938537682231507,0.0815348053358945,0.0039882019073653,6.507556609524514,0.0489141035025974,0.9510858964974024,0.0864090985321344,0.0445532098420266,0.0395446790157972,43,5.387631832,0.1,10.38128995274592,3.46042998424864,0.0779042153383128,0.0389521076691564,0.0194760538345782,0.0194760538345782
1199.0500000000002,0.1498441722272528,0.2700740090188584,0.5287228351848681,0.0871812592964922,0.0054020044981003,0.9945979955019002,0.0806595392908387,0.0039008451876003,6.520688431612695,0.0483618580184244,0.9516381419815756,0.0865023765219502,0.0444577528681929,0.0395542247131807,44,4.848868649,0.1,9.896434284323607,3.2988114281078693,0.0654776697620643,0.0327388348810321,0.016369417440516,0.016369417440516
1199.0500000000002,0.1370149577912117,0.2517839761812953,0.4436244558340237,0.0784056657688073,0.004707742721682,0.9952922572783172,0.0797341834297174,0.0038235295003388,6.534822434510358,0.0479534540379683,0.9520465459620316,0.086613293296363,0.0443658626654543,0.0395634137334545,45,4.363981784,0.1,9.40721442278143,3.135738140927143,0.0549390342779131,0.0274695171389565,0.0137347585694782,0.0137347585694782
1199.0500000000002,0.1244587167087861,0.2343700798524342,0.371646679809687,0.0705353738739959,0.0040706734962844,0.9959293265037148,0.0787613121303818,0.0037543993136034,6.549884786387028,0.04766806455916,0.95233193544084,0.0867397645887964,0.0442765594348446,0.0395723440565154,46,3.927583606,0.1,8.917707949265585,2.9725693164218616,0.0460254041682665,0.0230127020841332,0.0115063510420666,0.0115063510420666
1199.0500000000002,0.1123543940284487,0.2178527358779856,0.310911915696876,0.0634889064830001,0.0034945714220046,0.9965054285779964,0.0777432812552059,0.0036912296802018,6.565799140416597,0.0474797259049703,0.9525202740950296,0.0868796195247908,0.0441888104025256,0.0395811189597474,47,3.534825245,0.1,8.431523908924387,2.810507969641462,0.038503567523691,0.0192517837618455,0.0096258918809227,0.0096258918809227
1199.0500000000002,0.1008441628747052,0.202246593879606,0.2597741735641188,0.0571897999657723,0.0029803309091208,0.9970196690908792,0.0766829024282475,0.0036322756497491,6.582489553691692,0.0473674774663137,0.9526325225336862,0.0870315639911714,0.0441024366929286,0.0395897563307071,48,3.181342721,0.1,7.9521051079850755,2.6507017026616917,0.0321707864642963,0.0160853932321481,0.008042696616074,0.008042696616074
1199.0500000000002,0.0900280899228051,0.1875439778761092,0.2168003013080862,0.0515609766612762,0.0025264350430718,0.9974735649569286,0.0755824480968725,0.0035758514898574,6.599890056549748,0.0473106069352674,0.9526893930647324,0.08719362734457,0.0440164379502894,0.039598356204971,49,2.863208449,0.1,7.482246099879398,2.494082033293133,0.0268488751006972,0.0134244375503486,0.0067122187751743,0.0067122187751743
1199.0500000000002,0.079972036751068,0.1737305588576812,0.1807498079462085,0.0465315178486192,0.0021298171702397,0.9978701828297604,0.0744442885662174,0.0035206606411639,6.617939534582442,0.047292555484917,0.9527074445150828,0.087364968246602,0.0439308621737658,0.0396069137826234,50,2.576887604,0.1,7.024405927906075,2.3414686426353586,0.0223842061778175,0.0111921030889087,0.0055960515444543,0.0055960515444543
1199.0500000000002,0.0707100581409798,0.1607873704611703,0.1505546249486165,0.0420370263670747,0.0017862848842382,0.9982137151157616,0.0732708520950058,0.0034659876970549,6.636585593367485,0.0473037722787835,0.9526962277212164,0.0875442933368608,0.0438451688146884,0.0396154831185311,51,2.319198843,0.1,6.580685593440583,2.1935618644801944,0.0186448941771279,0.0093224470885639,0.0046612235442819,0.0046612235442819
1199.0500000000002,0.0622514438557984,0.1486867489265208,0.1252993297621748,0.0380180981025706,0.0014910939531878,0.9985089060468112,0.0720643437022474,0.0034111866970297,6.655780716579704,0.0473352911646274,0.9526647088353728,0.0877309959686864,0.0437594305211887,0.0396240569478811,52,2.087278959,0.1,6.152735826003419,2.05091194200114,0.0155175361258221,0.007758768062911,0.0038793840314555,0.0038793840314555
1199.0500000000002,0.0545842751523174,0.137389143938834,0.1042024858772333,0.0344190573328604,0.0012392366210067,0.9987607633789934,0.0708265476539166,0.0033555903915279,6.675484045626855,0.0473775795581523,0.9526224204418478,0.0879243483350843,0.0436735034040958,0.0396326496595904,53,1.878551063,0.1,5.741735672915671,1.9139118909718904,0.0129046261195478,0.0064523130597739,0.0032261565298869,0.0032261565298869
1199.0500000000002,0.0476831406286515,0.1268690074503064,0.0865994573434404,0.0311950924777102,0.0010257448962327,0.9989742551037676,0.0695598929364974,0.0032993037657272,6.69565684715383,0.0474311218941013,0.9525688781058984,0.088123933684746,0.0435875068706006,0.0396412493129399,54,1.690695957,0.1,5.348776621179208,1.7829255403930693,0.0107248458982417,0.0053624229491208,0.0026812114745604,0.0026812114745604
1199.0500000000002,0.0415096681190666,0.1170802305490132,0.0719266967972889,0.0283012629157828,0.0008458359866557,0.9991541640133444,0.0682659142477755,0.0032418447435705,6.71626550826325,0.0474884835480941,0.952511516451906,0.0883292174360795,0.0435013803044764,0.0396498619695523,55,1.521626361,0.1,4.974386308784595,1.658128769594865,0.0089076182577668,0.0044538091288834,0.0022269045644417,0.0022269045644417
1199.0500000000002,0.0360188563494357,0.1079880894277635,0.0597076636182971,0.0257011789378679,0.0006950408540746,0.9993049591459248,0.0669465693609727,0.003183305568239,6.737278936787772,0.0475499432713063,0.9524500567286937,0.0885398147975157,0.0434151646361893,0.039658483536381,56,1.369463725,0.1,4.618985452540535,1.5396618175135115,0.0073942885601689,0.0036971442800844,0.0018485721400422,0.0018485721400422
1199.0500000000002,0.0311610232460029,0.099556059818699,0.0495404830633111,0.0233624126441586,0.0005692744751016,0.9994307255248984,0.0656036695772274,0.0031237315043309,6.758667698785059,0.0476151948359489,0.9523848051640512,0.0887553486806135,0.0433288846253874,0.0396671115374612,57,1.232517352,0.1,4.282731863246059,1.4275772877486863,0.0061352285611648,0.0030676142805824,0.0015338071402912,0.0015338071402912
1199.0500000000002,0.0268834906774917,0.091741369393895,0.0410868859902391,0.0212548007172214,0.0004648585698639,0.9995351414301352,0.0642386579619932,0.0030629880944193,6.780405502207101,0.047681383746593,0.9523186162534072,0.0889755594989531,0.0432426410461679,0.0396757358953832,58,1.109265617,0.1,3.9655089870770377,1.3218363290256792,0.0050882773362571,0.0025441386681285,0.0012720693340642,0.0012720693340642
1199.0500000000002,0.7638751509803011,0.6022346676869467,121.57604092591248,0.5472513521636682,0.089232005394252,0.9107679946057482,0.1017451640193364,0.0071846844684378,6.223992007485025,0.0706145057384903,0.9293854942615096,0.0868297063519281,0.0492183731019961,0.0390781626898004,59,500.0,0.2,29.82175167670677,9.94058389223559,30.111733384347332,15.055866692173666,7.527933346086833,7.527933346086833
1199.0500000000002,0.7631091711735634,0.6002902943522646,96.94648295020184,0.5425952794730471,0.0890002469534602,0.91099975304654,0.1017354616963495,0.0071873447971858,6.224198051680605,0.0706473894766295,0.9293526105233704,0.0867978382868071,0.0491828639919497,0.0390817136008051,60,400.0,0.2,29.80758220971251,9.935860736570836,24.011611774090586,12.005805887045293,6.002902943522646,6.002902943522646
1199.0500000000002,0.76212038836943,0.5977754644824603,77.23236483453573,0.5366427685443432,0.0887027496804649,0.9112972503195356,0.1017217754331438,0.007189696995822,6.22446535937797,0.0706800187227501,0.92931998127725,0.0867595490522574,0.0491398698320601,0.039086013016794,61,320.0,0.2,29.78760395903663,9.929201319678876,19.128814863438738,9.564407431719369,4.782203715859684,4.782203715859684
1199.0500000000002,0.7608225664529235,0.5945077472764594,61.44825650990485,0.529018343405995,0.0883149464953649,0.9116850535046356,0.1017028317599184,0.0071918702552532,6.224817308255579,0.0707145526916154,0.9292854473083844,0.0867132467650169,0.0490873917708274,0.0390912608229171,62,256.0,0.2,29.759969537356863,9.91998984578562,15.21939833027736,7.60969916513868,3.80484958256934,3.80484958256934
1199.0500000000002,0.7591012674657704,0.5902364320502846,48.80540879925361,0.5192346780580028,0.0878052354366998,0.9121947645633012,0.1016763611069473,0.0071934993563252,6.22528563748963,0.0707489850950904,0.9292510149049094,0.0866582149478275,0.0490241676306014,0.0390975832369398,63,204.8,0.2,29.72139043729496,9.907130145764986,12.08804212838983,6.044021064194915,3.0220105320974575,3.0220105320974575
1199.0500000000002,0.7567647040135773,0.5846198147940452,38.6726319781756,0.506665732035224,0.0871215355519673,0.9128784644480328,0.1016385573871765,0.0071940135948809,6.225924270128408,0.0707803590266538,0.9292196409733462,0.0865921476264827,0.0489469918624029,0.0391053008137597,64,163.84,0.2,29.66636578440924,9.88878859480308,9.578411045585636,4.789205522792818,2.394602761396409,2.394602761396409
1199.0500000000002,0.7535362151359679,0.5771904219668824,30.54501028493656,0.4905341161743862,0.0861923688101231,0.9138076311898764,0.1015823830379436,0.0071912113875347,6.226813805826519,0.0707919146205235,0.9292080853794766,0.0865136879383657,0.0488532006252809,0.0391146799374719,65,131.072,0.2,29.58475744406661,9.86158581468887,7.565350298804322,3.782675149402161,1.8913375747010803,1.8913375747010803
1199.0500000000002,0.7489814484427114,0.5673515337565896,24.01936054697011,0.4699833239984799,0.0849121980002119,0.9150878019997885,0.1014988733909179,0.0071836951887644,6.228080363297441,0.0707761074456348,0.9292238925543652,0.0864200885189325,0.048737981235946,0.0391262018764054,66,104.8576,0.2,29.463780240291637,9.821260080097211,5.949112018603498,2.974556009301749,1.4872780046508745,1.4872780046508745
1199.0500000000002,0.7424564657564107,0.5543446851139148,18.775004776156003,0.444143095013272,0.0831347001335397,0.9168652998664604,0.1013714267796647,0.0071665721967879,6.229919090285385,0.0706961756558011,0.9293038243441988,0.0863085138130196,0.0485954094598613,0.0391404590540139,67,83.88608,0.2,29.27994240373328,9.759980801244426,4.650180260304067,2.3250901301520335,1.1625450650760167,1.1625450650760167
1199.0500000000002,0.7330607837010986,0.5373291159293242,14.558948929987384,0.4124413318539742,0.0806788470813255,0.9193211529186752,0.1011772702405255,0.0071339268905084,6.232610944166383,0.0705091852187844,0.9294908147812156,0.0861757898870165,0.0484178807618706,0.0391582119238129,68,67.108864,0.2,29.001705312241175,9.667235104080392,3.605954656414125,1.8029773282070625,0.9014886641035312,0.9014886641035312
1199.0500000000002,0.7196616528915849,0.5155083613555753,11.174146479453796,0.3749493609552708,0.0773545102025807,0.9226454897974192,0.100883227830448,0.0070750932407696,6.2365310901720274,0.0701315113130197,0.9298684886869802,0.0860190703974085,0.0481967609772115,0.0391803239022788,69,53.6870912,0.2,28.584510472144007,9.528170157381336,2.7676144410459327,1.3838072205229663,0.6919036102614832,0.6919036102614832
1199.0500000000002,0.7010668043604034,0.4883955534580503,8.46914402504444,0.3327659994503418,0.073020339680552,0.9269796603194488,0.1004477305408037,0.0069744137146282,6.242111386230407,0.0694332631384009,0.9305667368615992,0.0858357758675606,0.0479229601225868,0.0392077039877412,70,42.94967296,0.2,27.97581639066573,9.32527213022191,2.0976429296141457,1.0488214648070728,0.5244107324035364,0.5244107324035364
1199.0500000000002,0.6763760291534705,0.4561045144962199,6.327347847590486,0.2880716667780952,0.0676559175821387,0.9323440824178612,0.0998261086244944,0.0068108159525596,6.249745122134422,0.0682267999810562,0.931773200018944,0.0856247403518836,0.04758962896799,0.039241037103201,71,34.35973837,0.2,27.12581855151413,9.041939517171375,1.5671631787465992,0.7835815893732996,0.3917907946866498,0.3917907946866498
1199.0500000000002,0.6453391371966196,0.4195008458660725,4.655649607094121,0.243650252021969,0.0613939131173704,0.9386060868826296,0.0989791858447876,0.0065596454507968,6.259674326766819,0.0662729784215119,0.9337270215784882,0.085391830653859,0.0471995532292056,0.0392800446770794,72,27.48779069,0.2,26.002893243623856,8.667631081207952,1.1531151445444554,0.5765575722722277,0.2882787861361138,0.2882787861361138
1199.0500000000002,0.608184397423722,0.380079714848741,3.374518319547549,0.2020481488251885,0.0544257576791699,0.9455742423208304,0.0978810464479894,0.0062030220085971,6.272032926010128,0.0633730658769367,0.9366269341230632,0.0851524913787566,0.0467670161832473,0.0393232983816753,73,21.99023256,0.2,24.605993747650956,8.201997915883652,0.83580413208623,0.417902066043115,0.2089510330215575,0.2089510330215575
1199.0500000000002,0.5647990464437188,0.3396106273804865,2.4121743405263243,0.1648997345688276,0.0468822220174473,0.9531177779825534,0.0965211843092918,0.0057501920599981,6.287150129178437,0.0595744042861895,0.9404255957138103,0.0849421015283339,0.0463234822635644,0.0393676517736435,74,17.59218604,0.2,22.96604350381244,7.655347834604147,0.5974493338038637,0.2987246669019318,0.1493623334509659,0.1493623334509659
1199.0500000000002,0.5140066225542668,0.2997571517649541,1.70328200588459,0.132809405901346,0.038870939331808,0.9611290606681914,0.0949022877050212,0.0052587442731151,6.3059409428015645,0.0554121970723576,0.9445878029276424,0.0848133530866446,0.0459090053919337,0.0394090994608066,75,14.07374884,0.2,21.138495426578153,7.046165142192717,0.4218706866933727,0.2109353433466863,0.1054676716733431,0.1054676716733431
1199.0500000000002,0.4547849770067878,0.2618227725464648,1.1901753773962238,0.1057367045409967,0.0307361204706235,0.9692638795293768,0.0930367348392767,0.0048175584739806,6.329680393911731,0.0517812504170375,0.9482187495829624,0.0848129865478213,0.0455523268001151,0.0394447673199885,76,11.25899907,0.2,19.19263036244214,6.397543454147381,0.2947862352605468,0.1473931176302734,0.0736965588151367,0.0736965588151367
1199.0500000000002,0.3889518159572703,0.2266726779978825,0.8243125906454655,0.0834263397908401,0.0231364297625233,0.9768635702374768,0.0909447167962005,0.004485014538556,6.359004962372593,0.0493158337396659,0.9506841662603344,0.0849513893938157,0.04525533924147,0.039474466075853,77,9.007199255,0.2,17.202377100073598,5.734125700024532,0.2041685976391382,0.1020842988195691,0.0510421494097845,0.0510421494097845
1199.0500000000002,0.3214702996768938,0.1947936339219644,0.5667057098808947,0.0655096311699988,0.0166888014950048,0.9833111985049948,0.0886524447773804,0.0042553404026963,6.393381593755266,0.0480002600370177,0.951999739962982,0.0852017833350537,0.0449999632048981,0.0395000036795102,78,7.205759404,0.2,15.237864023238078,5.079288007746026,0.1403636059472528,0.0701818029736264,0.0350909014868132,0.0350909014868132
1199.0500000000002,0.257711819935308,0.1663779432786095,0.3872225864552529,0.0514384515560669,0.0116450101328575,0.9883549898671424,0.086187349321207,0.0040889309674956,6.431693027438143,0.0474423565390817,0.9525576434609182,0.085529499801634,0.0447685133866242,0.0395231486613375,79,5.764607523,0.2,13.356612921375795,4.452204307125265,0.0959103543485139,0.0479551771742569,0.0239775885871284,0.0239775885871284
1199.0500000000002,0.2012706885053276,0.1413900888361919,0.2632577976766845,0.0405363028467548,0.0079217749668231,0.9920782250331776,0.0835738792845867,0.0039509218748526,6.472950709837765,0.0472746019800121,0.952725398019988,0.0859072333389077,0.0445483705264921,0.0395451629473507,80,4.611686018,0.2,11.599242465121073,3.8664141550403577,0.0652046695769644,0.0326023347884822,0.0163011673942411,0.0163011673942411
1199.0500000000002,0.1537317333569599,0.1196668153394539,0.1782488751377444,0.0321374698760224,0.005282539524498,0.994717460475502,0.0808339570001586,0.0038222983091075,6.516472355149146,0.0472857998948758,0.9527142001051242,0.0863196394012495,0.0443340424118117,0.0395665957588189,81,3.689348815,0.2,9.991309010809246,3.3304363369364154,0.0441492623367438,0.0220746311683719,0.0110373155841859,0.0110373155841859
1199.0500000000002,0.1152171388193327,0.10095034235629,0.1202922008021845,0.0256604186473058,0.0034660111902802,0.9965339888097194,0.0779858071652189,0.003694399391054,6.5618098704305865,0.0473727146115655,0.9526272853884346,0.0867581983434234,0.0441232483369439,0.0395876751663056,82,2.951479052,0.2,8.544996701101448,2.8483322337004826,0.0297952820756818,0.0148976410378409,0.0074488205189204,0.0074488205189204
1199.0500000000002,0.0849760178880466,0.0849323453026199,0.0809645219690637,0.0206357489290763,0.0022437624287353,0.9977562375712647,0.0750445402983875,0.0035636140848446,6.608651229774284,0.0474866535431343,0.9525133464568656,0.0872180653759415,0.0439153073644703,0.0396084692635529,83,2.361183241,0.2,7.262396597090159,2.4207988656967196,0.0200540830347371,0.0100270415173685,0.0050135207586842,0.0050135207586842
1199.0500000000002,0.0618318679519329,0.0713028076501914,0.0543789841350953,0.0167058445139268,0.0014361610878344,0.9985638389121656,0.0720233900961537,0.0034290783057064,6.656761470159211,0.0476106208035173,0.9523893791964828,0.0876961510247321,0.0437101315455315,0.0396289868454468,84,1.888946593,0.2,6.138692646835309,2.046230882278436,0.0134687195582163,0.0067343597791081,0.003367179889554,0.003367179889554
1199.0500000000002,0.0444882846569964,0.0597648706134819,0.036461891140812,0.0136048346165209,0.0009104517372869,0.9990895482627132,0.0689338678191413,0.003290945480352,6.705951294353511,0.0477406184262213,0.9522593815737784,0.0881901208211316,0.0435077269578175,0.0396492273042182,85,1.511157275,0.2,5.164343657235793,1.7214478857452642,0.0090314119016996,0.0045157059508498,0.0022578529754249,0.0022578529754249
1199.0500000000002,1.1842998216841842,0.5533237481768004,111.70208286517556,0.5544710500961632,0.2074815840108513,0.7925184159891496,0.1099277820286517,0.0088717743415285,6.115733205214612,0.0807054793436704,0.9192945206563296,0.0870584620836115,0.051216107984809,0.0388783892015191,87,500.0,0.3,43.83163052942646,14.61054350980882,41.49928111326003,20.749640556630016,10.374820278315008,10.374820278315008
1199.0500000000002,1.1796942701942164,0.5472648780484934,77.33498381538777,0.5399196727592048,0.2056259471134785,0.7943740528865216,0.1098683238582087,0.0088688995782024,6.116676261999895,0.0807229896386357,0.919277010361364,0.0869602994277376,0.0510998235825887,0.038890017641741,88,350.0,0.3,43.71459970504568,14.571533235015226,28.731406097545907,14.365703048772954,7.182851524386477,7.182851524386477
1199.0500000000002,1.1724712491198817,0.538159328145324,53.23393517708816,0.5187437926657694,0.2027426752947064,0.797257324705295,0.1097685267077436,0.0088586079165814,6.118168020147297,0.0807026219880924,0.9192973780119076,0.0868268697838007,0.0509380774932743,0.0389061922506726,89,245.0,0.3,43.51867644788443,14.506225482628144,19.777355309340656,9.888677654670328,4.944338827335164,4.944338827335164
1199.0500000000002,1.1608031201009867,0.5244191397569855,36.31231660508688,0.4882581977189427,0.1981584425859006,0.8018415574140996,0.1095966036229088,0.008833127326298,6.120608728389821,0.080596725035527,0.919403274964473,0.086645775270611,0.0507113871782769,0.0389288612821723,90,171.5,0.3,43.182643053444856,14.394214351148284,13.490682370248452,6.745341185124226,3.372670592562113,3.372670592562113
1199.0500000000002,1.141613477077864,0.503818959320133,24.42004547100975,0.4456107029244812,0.1908244281157257,0.809175571884275,0.1092914871426015,0.0087740722904175,6.1247097524636,0.0802813880273245,0.9197186119726752,0.0864028264749481,0.0503933496157778,0.0389606650384222,91,120.05,0.3,42.59091520601684,14.196971735338948,9.072519909957297,4.536259954978648,2.268129977489324,2.268129977489324
1199.0500000000002,1.1102755673739158,0.4738183881481881,16.07615880477075,0.3893996863289043,0.1793595926707641,0.8206404073292365,0.1087475903396818,0.0086450607904371,6.131624507512587,0.0794965733470924,0.9205034266529076,0.0860792800333963,0.04994605197188,0.039005394802812,92,84.035,0.3,41.55083178886119,13.85027726295373,5.972599237204947,2.9862996186024735,1.4931498093012368,1.4931498093012368
1199.0500000000002,1.0618247726667476,0.4327680106474986,10.278261388878953,0.3223490362026889,0.1627431220827964,0.8372568779172044,0.107814820917559,0.0083819658410418,6.142785748724712,0.0777440962854484,0.9222559037145514,0.0856577355580279,0.0493293170064171,0.0390670682993582,93,58.8245,0.3,39.81100929259627,13.270336430865422,3.818604276350067,1.9093021381750337,0.9546510690875168,0.9546510690875168
1199.0500000000002,0.9942065795623846,0.3816652428211208,6.345213956280089,0.2522372856146315,0.1414140211923725,0.858585978807627,0.1063344579754144,0.0078851505678988,6.1591782098747405,0.074154236671881,0.925845763328119,0.0851325555625044,0.0485239103145446,0.0391476089685455,94,41.17715,0.3,37.16326312287936,12.387754374293118,2.3573830430147567,1.1786915215073783,0.5893457607536892,0.5893457607536892
1199.0500000000002,0.909411281898589,0.3247367212288111,3.779144147621039,0.1881646078399926,0.1169552685656209,0.8830447314343793,0.1042102797321459,0.0070616454364149,6.18085609507115,0.0677634245770595,0.9322365754229404,0.0845536537461568,0.0475833483683582,0.0392416651631642,95,28.824005,0.3,33.60457290099222,11.20152430033074,1.4040319314574286,0.7020159657287143,0.3510079828643571,0.3510079828643571
1199.0500000000002,0.8048090970838722,0.2676128484988458,2.1800149872551335,0.1351380682529185,0.0897412214121377,0.9102587785878612,0.1014332278339417,0.0059943716923094,6.209352397639462,0.0590967257856031,0.9409032742143968,0.0841018049058533,0.0466712823541008,0.0393328717645899,96,20.1768035,0.3,29.368969571909933,9.789656523969978,0.8099357787354722,0.4049678893677361,0.202483944683868,0.202483944683868
1199.0500000000002,0.6696363101946243,0.2148811681385076,1.225306834151724,0.0936407829004324,0.0608787011796556,0.939121298820344,0.0980556810255831,0.0050706833519742,6.250250038773184,0.0517122848723334,0.9482877151276664,0.0840281410493219,0.0459610096069163,0.0394038990393083,97,14.12376245,0.3,24.82374309014395,8.274581030047983,0.4552395860650185,0.2276197930325092,0.1138098965162546,0.1138098965162546
1199.0500000000002,0.511736111736798,0.16907633317613,0.6748892242535511,0.0630344356222615,0.0361910928569681,0.963808907143032,0.094174601912908,0.004541884259978,6.306121372451164,0.048228335071473,0.9517716649285268,0.0843616782877041,0.0454490231373174,0.0394550976862682,98,9.886633715,0.3,20.359592419498053,6.786530806499351,0.250739366398155,0.1253696831990775,0.0626848415995387,0.0626848415995387
1199.0500000000002,0.3609134778506477,0.1310081352133753,0.3660463360115492,0.042042957742792,0.0196392966244146,0.9803607033755866,0.0899054914536814,0.004253293435136,6.372463366357577,0.0473084942112714,0.9526915057887284,0.0849291859121235,0.0450327476531958,0.0394967252346804,99,6.9206436,0.3,16.28479817648549,5.428266058828497,0.135999091876857,0.0679995459384285,0.0339997729692142,0.0339997729692142
1199.0500000000002,0.2383721318709529,0.1003640715574772,0.1962945263138093,0.028310193728664,0.0100846952340505,0.989915304765949,0.0853443671690387,0.0040323477498888,6.444799676347502,0.0472479657694287,0.9527520342305712,0.0856036949848735,0.0446513833032759,0.0395348616696724,100,4.84445052,0.3,12.764322975956176,4.254774325318725,0.0729313167968906,0.0364656583984453,0.0182328291992226,0.0182328291992226
1199.0500000000002,0.1494347150139546,0.0762584189231653,0.1044050109506325,0.0194447247067334,0.0049939577039668,0.9950060422960328,0.0805613940056681,0.0038182420210596,6.520947466923192,0.0473954313906795,0.9526045686093204,0.0863374757314913,0.0442871332817575,0.0395712866718241,101,3.391115364,0.3,9.843424138599532,3.2811413795331776,0.0387901644067041,0.019395082203352,0.009697541101676,0.009697541101676
1199.0500000000002,0.0900086794409349,0.0576058446148114,0.0552088324213312,0.0136535033960445,0.0024094491240054,0.9975905508759944,0.0756068126659876,0.0035977302203614,6.599848625906231,0.0475847361102563,0.9524152638897436,0.0871135705442754,0.0439358454084881,0.0396064154591511,102,2.373780755,0.3,7.492354187580187,2.4974513958600624,0.0205115467983239,0.0102557733991619,0.0051278866995809,0.0051278866995809
1199.0500000000002,0.0526411768869008,0.0433422671737208,0.0290762657622961,0.0097727226852528,0.0011399064202912,0.9988600935797076,0.0705175597319995,0.0033694558886439,6.680864935944072,0.0477817994127915,0.9522182005872086,0.0879238526656846,0.0435962228369178,0.0396403777163081,103,1.661646528,0.3,5.643367831470746,1.8811226104902488,0.0108029291647292,0.0054014645823646,0.0027007322911823,0.0027007322911823
1199.0500000000002,0.0301427159764262,0.0325204522991977,0.0152717117245413,0.0070956528611115,0.0005311884389568,0.9994688115610436,0.0653215946030082,0.0031342157344041,6.763543685523265,0.047981310962153,0.9520186890378468,0.0887631129032818,0.0432675953416054,0.0396732404658395,104,1.16315257,0.3,4.2152061880678104,1.4050687293559367,0.0056739371504061,0.002836968575203,0.0014184842876015,0.0014184842876015
1199.0500000000002,1.5018173544693283,0.5041805371573176,101.78125163826272,0.5213126766387536,0.3273871925515484,0.6726128074484532,0.1153504487217517,0.0101964293173034,6.047433009925861,0.0883952288924472,0.9116047711075528,0.0874070604785466,0.0527715086946749,0.0387228491305325,105,500.0,0.4,55.438720787375374,18.47957359579179,50.418053715731766,25.209026857865883,12.60451342893294,12.60451342893294
1199.0500000000002,1.4910484356659266,0.4916996861351708,59.55599625915171,0.4937895679383144,0.3224145780175297,0.6775854219824715,0.11521956641659,0.010181607865118,6.049367357475465,0.0883670020994451,0.9116329979005549,0.087179635927321,0.0525018105808369,0.0387498189419163,106,300.0,0.4,55.1373221078211,18.3791073692737,29.501981168110248,14.750990584055124,7.375495292027562,7.375495292027562
1199.0500000000002,1.46840432022218,0.469704738100865,34.13496731688993,0.4480264780286563,0.3121513026949017,0.6878486973050995,0.1149066264222844,0.0101182965796298,6.053527835955756,0.0880566824542511,0.911943317545749,0.0868194758263927,0.052054975965425,0.0387945024034574,107,180.0,0.4,54.42080613854805,18.140268712849352,16.90937057163114,8.45468528581557,4.227342642907785,4.227342642907785
1199.0500000000002,1.4202888689633064,0.4323020028636669,18.850101496893245,0.3776741650755295,0.2911380764126676,0.7088619235873332,0.1141481194985263,0.0099118088155854,6.062728155284319,0.0868328687224737,0.9131671312775262,0.0862609652682553,0.0513146722327429,0.0388685327767256,108,108.0,0.4,52.708501376519145,17.569500458839716,9.337723261855205,4.668861630927602,2.334430815463801,2.334430815463801
1199.0500000000002,1.32963979374963,0.3753500153559878,9.820163981093517,0.2868591231086786,0.2540335533587617,0.7459664466412383,0.1124764345144941,0.0093439229746931,6.081124807669984,0.083074494746939,0.9169255052530608,0.0854413870830622,0.0501487977812263,0.0389851202218773,109,64.8,0.4,49.05894836263078,16.352982787543592,4.864536199013601,2.4322680995068007,1.2161340497534003,1.2161340497534003
1199.0500000000002,1.1951581665960629,0.3035988767900859,4.76569130349728,0.196104115132237,0.2035214528982071,0.796478547101793,0.1094767757029458,0.0080920509086318,6.110254586761433,0.0739156846390141,0.926084315360986,0.0843903751877374,0.0485721815378134,0.0391427818462186,110,38.88,0.4,42.94954687762274,14.316515625874246,2.360784865919708,1.180392432959854,0.590196216479927,0.590196216479927
1199.0500000000002,1.0148330320295122,0.2300484238904877,2.16670874495077,0.1233602102889757,0.1422058828598888,0.8577941171401117,0.1051073265488013,0.0062354872136585,6.1521360110809535,0.059324952857033,0.9406750471429668,0.0835453494834527,0.0470142308178659,0.0392985769182133,111,23.328,0.4,35.07313371086931,11.691044570289767,1.0733139265034597,0.5366569632517298,0.2683284816258649,0.2683284816258649
1199.0500000000002,0.7574743496653835,0.1658777238218809,0.9373859567985884,0.0716188813466033,0.075653058109254,0.9243469418907466,0.0996003266584461,0.0049267183350941,6.222106527944133,0.0494648812199409,0.950535118780059,0.0836206954756665,0.0459810310443642,0.0394018968955636,112,13.9968,0.4,26.822520233537393,8.940840077845797,0.4643514649580205,0.2321757324790102,0.1160878662395051,0.1160878662395051
1199.0500000000002,0.4799397250870711,0.1155150206542119,0.39165825328649,0.039607024763187,0.0316482281108437,0.9683517718891568,0.0932943815771301,0.0044118068663686,6.318623754820642,0.047289094758472,0.952710905241528,0.0844012841297069,0.0453003984834104,0.039469960151659,113,8.39808,0.4,19.45151320379246,6.483837734597486,0.1940208769311448,0.0970104384655724,0.0485052192327862,0.0485052192327862
1199.0500000000002,0.264927426376471,0.0786035667021186,0.159909413096885,0.0221126871464704,0.0117811829194161,0.9882188170805845,0.0864758069575982,0.0040871744972963,6.426856125661635,0.0472637914343094,0.9527362085656904,0.0854130059298325,0.0447207660447258,0.0395279233955273,114,5.038848,0.4,13.56508219248478,4.5216940641615935,0.0792142849739673,0.0396071424869836,0.0198035712434918,0.0198035712434918
1199.0500000000002,0.1317565830426826,0.0527176602947506,0.0643437267758366,0.0129065422153252,0.0041308850251991,0.9958691149748008,0.0793199745586797,0.0037691301209133,6.54081925937056,0.0475180449123238,0.952481955087676,0.0865189637036396,0.0441836282287621,0.0395816371771238,115,3.0233088,0.4,9.195755093636482,3.065251697878827,0.031876353256906,0.015938176628453,0.0079690883142265,0.0079690883142265
1199.0500000000002,0.0611195013062656,0.035041827989985,0.0256614367418832,0.007896283781636,0.0013960429028401,0.9986039570971608,0.0719282393092188,0.0034375218061682,6.658488041615823,0.0477909905415533,0.9522090094584468,0.0876893567262223,0.0436786240975744,0.0396321375902425,116,1.81398528,0.4,6.106184733733477,2.0353949112444925,0.0127130720316249,0.0063565360158124,0.0031782680079062,0.0031782680079062
1199.0500000000002,0.0271735671118505,0.0231750829952633,0.0101822603368902,0.0049937706266709,0.0004601460916198,0.9995398539083804,0.0643656404858369,0.0030941092527311,6.7788078127815705,0.0480708220746067,0.9519291779253932,0.088911391057066,0.0432006967643617,0.0396799303235638,117,1.088391168,0.4,3.9940208873196377,1.3313402957732126,0.0050447111299423,0.0025223555649711,0.0012611777824855,0.0012611777824855
1199.0500000000002,1.6564333152113258,0.4474581006812563,90.32931146934712,0.4408250425201155,0.393452510359395,0.6065474896406042,0.1177710001989028,0.0107742649385671,6.016721078994405,0.0914848719696733,0.9085151280303266,0.0876249565450312,0.0535872432588207,0.0386412756741179,118,500.0,0.5,61.19149675752861,20.39716558584287,55.93226258515704,27.96613129257852,13.98306564628926,13.98306564628926
1199.0500000000002,1.6536747410288195,0.4288997877692619,43.291315807360206,0.4083865055605488,0.3916723261270848,0.6083276738729153,0.1177769518369369,0.0107945471404514,6.016959921725243,0.0916524573838636,0.9083475426161364,0.087227209187877,0.0531657922597515,0.0386834207740248,119,250.0,0.5,61.206047938037905,20.40201597934597,26.80623673557887,13.403118367789435,6.701559183894718,6.701559183894718
1199.0500000000002,1.6280501849330098,0.3896394462649801,19.66348952523255,0.3437876920322819,0.3785881258243361,0.6214118741756642,0.117424955215947,0.010685238710303,6.021004724905933,0.0909963112147668,0.909003688785233,0.0864196154458915,0.0522441744726178,0.0387755825527383,120,125.0,0.5,60.348791601385685,20.116263867128563,12.176232695780628,6.088116347890314,3.044058173945157,3.044058173945157
1199.0500000000002,1.5110821131997931,0.3176034428161403,8.014320874845513,0.239491154833125,0.3257639106808884,0.6742360893191109,0.115161513909871,0.0097370808296962,6.0429261153304195,0.0845515175358074,0.9154484824641927,0.0849778007926592,0.0503454647341759,0.0389654535265825,121,62.5,0.5,55.003962893828245,18.33465429794275,4.962553794002192,2.481276897001096,1.240638448500548,1.240638448500548
1199.0500000000002,1.2781031953873143,0.2264793875927209,2.857426361121445,0.1366817015971252,0.2300605865508454,0.7699394134491535,0.1097214055184426,0.0071436988781037,6.09037155599435,0.0651076128503905,0.9348923871496094,0.0833449760667194,0.04783002316218,0.039216997683782,122,31.25,0.5,43.426388006368626,14.47546266878954,1.769370215568132,0.884685107784066,0.442342553892033,0.442342553892033
1199.0500000000002,0.887896967710976,0.1461954325934619,0.9222436568068348,0.0662420577977581,0.1035232517584995,0.8964767482414994,0.1019781090661422,0.0050203871761722,6.184037968500499,0.0492300473703325,0.9507699526296676,0.0832368456463663,0.046185896674242,0.0393814103325757,123,15.625,0.5,30.16361941938816,10.05453980646272,0.5710759085682106,0.2855379542841053,0.1427689771420526,0.1427689771420526
1199.0500000000002,0.4664821914362867,0.0886844475281008,0.2797258013150833,0.029243925359682,0.0298432579314183,0.9701567420685822,0.0929376119342548,0.0043838815930608,6.324104494313433,0.0471701553638825,0.9528298446361172,0.0844271673294911,0.0452439921762776,0.0394756007823722,124,7.8125,0.5,19.09385489475464,6.364618298251546,0.1732118115783218,0.0866059057891609,0.0433029528945804,0.0433029528945804
1199.0500000000002,0.1941355640001036,0.051927475759669,0.0818925522614784,0.0134026127960258,0.0072797242528341,0.9927202757471658,0.0832202894504662,0.0039467431277895,6.478774227955388,0.0474252511883794,0.9525747488116206,0.0859029364431216,0.044458754013051,0.0395541245986949,125,3.90625,0.5,11.37883152155017,3.792943840516723,0.0507104255465517,0.0253552127732758,0.0126776063866379,0.0126776063866379
1199.0500000000002,0.0692200578417567,0.0298415071813641,0.023530154732458,0.0067394638058542,0.0016553704944851,0.9983446295055142,0.0731093897814456,0.0034938232747479,6.639740558221705,0.047788981547128,0.952211018452872,0.0874940932244484,0.0437492074423519,0.0396250792557648,126,1.953125,0.5,6.521789924346777,2.173929974782259,0.0145710484284004,0.0072855242142002,0.0036427621071001,0.0036427621071001
1199.0500000000002,1.7072793395478882,0.3905928469879956,78.85077344268309,0.3555739903479047,0.4161414703113861,0.583858529688615,0.1183834204359138,0.0107982150330895,6.006913243286261,0.0912139131665202,0.9087860868334796,0.0875469899385283,0.0537331138668418,0.0386266886133157,127,500.0,0.6,62.69886094799937,20.89962031599979,58.58892704819934,29.29446352409967,14.647231762049834,14.647231762049834
1199.0500000000002,1.7194032339328431,0.3655098413878525,29.5148058811981,0.3210169567666142,0.4212219893653154,0.5787780106346845,0.1185663501757754,0.0108288345979502,6.004374740369579,0.0913314324082905,0.9086685675917094,0.0869326804429075,0.0531308163942519,0.0386869183605748,128,200.0,0.6,63.15300492973081,21.051001643243605,21.930590483271143,10.965295241635571,5.482647620817786,5.482647620817786
1199.0500000000002,1.7013430497256796,0.3026990951055174,9.776941235464538,0.2402983668194311,0.4097738886793647,0.5902261113206356,0.1180579836846941,0.0104192172686324,6.006020559732304,0.0882550835713657,0.9117449164286344,0.0852606661665028,0.0513283843979286,0.0388671615602071,129,80.0,0.6,61.89533726547362,20.631779088491207,7.264778282532417,3.632389141266208,1.816194570633104,1.816194570633104
1199.0500000000002,1.411620336110338,0.1967881028051995,2.542468821115794,0.1210759348558697,0.2798132135991993,0.7201867864008012,0.1113429395390192,0.0070000702586402,6.06095217866035,0.0628694578108665,0.9371305421891336,0.082884117037417,0.0478552578157158,0.0392144742184284,130,32.0,0.6,46.68341561243019,15.56113853747673,1.8891657869299152,0.9445828934649576,0.4722914467324788,0.4722914467324788
1199.0500000000002,0.7926326956557437,0.1073996644343377,0.5550151472823133,0.0441995030208869,0.0809302922945019,0.919069707705497,0.1001007755834159,0.0047581407590513,6.210956086260589,0.0475335052974004,0.9524664947025996,0.0833834939929701,0.0459115638310875,0.0394088436168912,131,12.8,0.6,27.498678093163157,9.166226031054386,0.4124147114278568,0.2062073557139284,0.1031036778569642,0.1031036778569642
1199.0500000000002,0.286216761109381,0.0537780310966149,0.111158438608268,0.0149798074539142,0.0131878371378697,0.9868121628621302,0.0873218927229652,0.0041321232385975,6.413503841927205,0.0473205870822322,0.9526794129177676,0.0852637131559991,0.0447653123480705,0.0395234687651929,132,5.12,0.6,14.194068353969568,4.731356117989856,0.0826030557644004,0.0413015278822002,0.0206507639411001,0.0206507639411001
1199.0500000000002,0.0750642257070939,0.0258930770967201,0.0214087517909004,0.0058558727167201,0.0018501637891387,0.9981498362108614,0.0738823095723444,0.0035309291424129,6.627476992834476,0.0477912665311932,0.9522087334688067,0.0873658325704299,0.04379502507206,0.039620497492794,133,2.048,0.6,6.8084138646749,2.269471288224967,0.0159087065682248,0.0079543532841124,0.0039771766420562,0.0039771766420562
1199.0500000000002,1.7346811451130346,0.342549681681748,69.14984140854538,0.2919762395027755,0.4284173685615585,0.5715826314384417,0.118524494346547,0.0106206841963359,6.001603164163148,0.0896075037973624,0.9103924962026376,0.0872592761641857,0.0535752906998466,0.0386424709300153,134,500.0,0.7,63.04893674300529,21.01631224766843,59.94619429430589,29.973097147152945,14.986548573576473,14.986548573576473
1199.0500000000002,1.7669073443413983,0.3076157961188504,18.62943031728792,0.2519047062117328,0.4427515265034341,0.5572484734965666,0.118853403437985,0.0105684842882254,5.995251347504005,0.0889203330396836,0.9110796669603164,0.0862550973449098,0.0526283539663764,0.0387371646033622,135,150.0,0.7,63.86920063067225,21.289733543557418,16.14982929623965,8.074914648119824,4.037457324059912,4.037457324059912
1199.0500000000002,1.6795790597833526,0.2088104650849585,3.7936812827159416,0.1449167187507983,0.3958120604836093,0.604187939516391,0.115922598770747,0.0083983324106744,6.007928893998789,0.0724477574179714,0.9275522425820286,0.0831284951286773,0.0490574117955229,0.0390942588204477,136,45.0,0.7,56.76813401710259,18.9227113390342,3.2887648250880965,1.6443824125440485,0.8221912062720242,0.8221912062720242
1199.0500000000002,0.8575278925787044,0.0965570090051348,0.5262709600978451,0.0406816528681346,0.0946240763533087,0.9053759236466912,0.1012848576948247,0.004803120649424,6.191971049243321,0.0474219024347308,0.9525780975652692,0.0831901380971118,0.0460114691553307,0.0393988530844669,137,13.5,0.7,29.15561186949847,9.718537289832822,0.4562318675492618,0.2281159337746309,0.1140579668873154,0.1140579668873154
1199.0500000000002,0.2105866782949391,0.0384446748066193,0.0628600433473416,0.0099183171779398,0.0081877722421678,0.9918122277578328,0.0840665048488479,0.0039899805718914,6.4653912620507255,0.0474621917939597,0.9525378082060404,0.085759815167022,0.0445085835911317,0.0395491416408867,138,4.05,0.7,11.913006679172076,3.971002226390692,0.0544953265383828,0.0272476632691914,0.0136238316345957,0.0136238316345957
1199.0500000000002,0.032596476795081,0.0145324617067329,0.0071281066204754,0.0031203814352102,0.0005870872650183,0.9994129127349816,0.0660565380236029,0.0031764142169158,6.751997936555216,0.0480862957568998,0.9519137042431002,0.0886223148820139,0.0432895226254016,0.0396710477374598,139,1.215,0.7,4.393362494247843,1.464454164749281,0.0061799293407881,0.003089964670394,0.001544982335197,0.001544982335197
1199.0500000000002,1.7585939002418371,0.3033232034655816,61.233250016292104,0.2461173541386004,0.4391125085133817,0.560887491486618,0.11850700749678,0.0103228283783348,5.996930348025912,0.087107324666806,0.912892675333194,0.0868440212251877,0.0532672635999473,0.0386732736400053,140,500.0,0.8,63.00548575488689,21.001828584962297,60.664640693116326,30.332320346558163,15.16616017327908,15.16616017327908
1199.0500000000002,1.828850518289608,0.2504376047784908,10.111350667941997,0.1936787303486047,0.4706148130943784,0.5293851869056205,0.1189739476598611,0.0099566959448326,5.983045804749525,0.0836880354090574,0.9163119645909426,0.0850406167573979,0.0516051724395593,0.038839482756044,141,100.0,0.8,64.17123960833415,21.39041320277805,10.017504191139633,5.008752095569816,2.504376047784908,2.504376047784908
1199.0500000000002,1.2071026060023562,0.112471547695126,0.9081723681198288,0.0573143147657796,0.1955648336153268,0.8044351663846727,0.1070748476654944,0.0052342938522108,6.1026574364452735,0.0488844387850425,0.9511155612149572,0.0824261808176707,0.0466690913127806,0.0393330908687219,142,20.0,0.8,38.4701572784071,12.823385759469032,0.8997723815610081,0.449886190780504,0.224943095390252,0.224943095390252
1199.0500000000002,0.2088811202951745,0.033386438678535,0.0539113845951336,0.0085562014738543,0.0080752071298247,0.9919247928701748,0.0839845481866357,0.0039883204580488,6.466729537856885,0.0474887409500762,0.9525112590499238,0.0857684467289791,0.044497810292316,0.0395502189707683,143,4.0,0.8,11.860260885469389,3.9534202951564623,0.053418301885656,0.026709150942828,0.013354575471414,0.013354575471414
1199.0500000000002,1.783047585973172,0.2712293341673077,54.75431335502768,0.2122494555518931,0.4500393206450021,0.5499606793549979,0.1184150867041234,0.0099417277504622,5.992110684105647,0.0839565973076924,0.9160434026923074,0.0863535376444659,0.0528781458499294,0.038712185415007,144,500.0,0.9,62.777349068975234,20.925783022991745,61.026600187644235,30.513300093822117,15.25665004691106,15.25665004691106
1199.0500000000002,1.889149955461857,0.1765951557364625,3.5649754686342296,0.1269742435322491,0.4922791761397532,0.5077208238602475,0.118157386147077,0.0082022962648091,5.967415168628869,0.0694183963127646,0.9305816036872354,0.0826067968877708,0.0492876086182528,0.0390712391381746,145,50.0,0.9,62.14016558635161,20.71338852878387,3.973391004070406,1.986695502035203,0.9933477510176016,0.9933477510176016
1199.0500000000002,0.2877110065895426,0.0355039563099958,0.0716612616516104,0.0097134813645678,0.0132204452727975,0.9867795547272016,0.0873868966866507,0.0041413846076292,6.412574798682973,0.0473913681590916,0.9526086318409084,0.0852394158521036,0.0447542143801248,0.0395245785619875,146,5.0,0.9,14.243491373535376,4.747830457845125,0.0798839016974905,0.0399419508487452,0.0199709754243726,0.0199709754243726
