time_axis,NPQ,Phi2,LEF,qL,Z,V,pmf,Dy,pHlumen,fraction_Dy,fraction_DpH,Klumen,Cl_lumen,Cl_stroma,idx,LIGHT,ratio_absorb,v_ATP_made,Phi2*PSII_antenna_size*ratio_absorb*LIGHT,NADPH,2NADPH,3_v_ATP_made
1199.0500000000002,1.5114701913165232,0.5172243208041738,417.65422639378465,0.5513682613092359,0.3318919745063457,0.6681080254936551,0.1154526113221114,0.0101957460886501,6.045718912775646,0.0883110905585756,0.9116889094414244,0.087679300143955,0.0530828826085706,0.0386917117391429,0,2000.0,0.1,55.67468764299104,51.72243208041738,25.86121604020869,12.930608020104344,18.558229214330346
1199.0500000000002,1.400872542816312,0.5359866854707017,389.52610515585286,0.5682937018588368,0.2874224966628299,0.7125775033371705,0.1136215538900128,0.0097351414677821,6.06855979296282,0.0856804111090022,0.9143195888909976,0.0874992618379353,0.0524849924571416,0.0387515007542858,1,1800.0,0.1,51.54034261517974,48.23880169236316,24.11940084618158,12.05970042309079,17.180114205059912
1199.0500000000002,1.2799543179970854,0.5518078289291956,360.9233520859675,0.5752146195867321,0.2416887964422937,0.7583112035577049,0.111564525070758,0.009234253329937,6.094495470986317,0.0827705162037644,0.9172294837962356,0.0873305367056954,0.0518575194001669,0.0388142480599832,2,1620.0,0.1,47.14144383826943,44.69643414326484,22.34821707163242,11.17410853581621,15.713814612756478
1199.0500000000002,1.1582178373835643,0.5657827254702834,333.0574833463413,0.5762594259210816,0.1990785327659338,0.8009214672340654,0.1094251014526924,0.0087381683492291,6.121884448275611,0.0798552455821475,0.9201447544178524,0.087185651632034,0.0512416839333213,0.0388758316066678,3,1458.0,0.1,42.84930966132381,41.24556068678366,20.62278034339183,10.311390171695916,14.28310322044127
1199.0500000000002,1.0402605036933017,0.5783992101629256,306.43448322243137,0.5735774608742248,0.1614906422347762,0.8385093577652236,0.1072672357811399,0.0082650351062862,6.14996332208577,0.077050881528132,0.922949118471868,0.087068396504411,0.0506535033889368,0.0389346496611063,4,1312.2,0.1,38.815426963380915,37.948772178789554,18.974386089394777,9.487193044697388,12.938475654460305
1199.0500000000002,0.9281829783903964,0.5898724664260161,281.2632053982871,0.5682868694756377,0.1294620249784085,0.8705379750215899,0.105116590171417,0.0078198804253471,6.178388170898836,0.0743924475925473,0.9256075524074524,0.0869796065632338,0.0500984921612687,0.0389901507838731,5,1180.98,0.1,35.08855951144809,34.831379269989824,17.415689634994912,8.707844817497456,11.69618650381603
1199.0500000000002,0.8229483551189574,0.6003336926881065,257.6251696255157,0.5611122163679995,0.1028276395421354,0.8971723604578653,0.1029860528913787,0.0074055052185825,6.206990872120064,0.0719078457032257,0.9280921542967744,0.0869193708205345,0.0495782971507409,0.0390421702849258,6,1062.882,0.1,31.6801149148366,31.904193797586007,15.952096898793004,7.976048449396502,10.560038304945534
1199.0500000000002,0.7250133177519478,0.6098510495645878,235.53945394557044,0.5525428495667771,0.0810763227889207,0.9189236772110778,0.1008783025326946,0.0070197649220158,6.23569103982202,0.0695864694965777,0.9304135305034222,0.0868871224858451,0.0490925792173348,0.0390907420782665,7,956.5938,0.1,28.577565107595216,29.16898664684887,14.584493323424436,7.292246661712218,9.525855035865073
1199.0500000000002,0.6346046398325486,0.6184966144182537,214.99007638268063,0.5430400194617742,0.0635533361899971,0.936446663810003,0.0987956206735229,0.0066624779281495,6.264447620910443,0.0674369761840078,0.932563023815992,0.086880745987357,0.0486388312929424,0.0391361168707057,8,860.93442,0.1,25.764781366337395,26.624251200307143,13.312125600153571,6.656062800076786,8.588260455445798
1199.0500000000002,0.5518519930235763,0.6263206801056389,195.93891985025493,0.5330011725838848,0.049587075820548,0.9504129241794524,0.0967364939637386,0.0063308926138124,6.293239977501228,0.0654447184219187,0.9345552815780812,0.0868992566397173,0.0482155067629343,0.0391784493237065,9,774.840978,0.1,23.219209056175693,24.26494641573392,12.13247320786696,6.06623660393348,7.739736352058564
1199.0500000000002,0.4767935083750676,0.6333829021266892,178.33345891640872,0.5228216620085415,0.0385478241225099,0.961452175877491,0.0946999760499424,0.0060233637482566,6.322056461638569,0.063604701863744,0.936395298136256,0.0869416304660614,0.04782095061842,0.0392179049381579,10,697.3568802,0.1,20.919344702193055,22.0846962299545,11.04234811497725,5.521174057488625,6.9731149007310185
1199.0500000000002,0.4093594932145327,0.6397413380892331,162.11141438528756,0.5128518732723001,0.0298781570634996,0.9701218429364996,0.0926842996464393,0.0057379122684816,6.350893543700705,0.0619081364031945,0.9380918635968054,0.0870063879580393,0.0474530363864378,0.0392546963613562,11,627.6211922,0.1,18.843493733509224,20.075761065559387,10.037880532779694,5.018940266389847,6.281164577836408
1199.0500000000002,0.3493632356734656,0.6454556645253141,147.20378064483145,0.5033903858647046,0.0231038598397294,0.9768961401602704,0.0906875684978466,0.0054725908070069,6.3797503718193385,0.0603455456757625,0.9396544543242376,0.0870922462706739,0.0471098840685981,0.0392890115931401,12,564.859073,0.1,16.971060289562455,18.229574416318396,9.114787208159198,4.557393604079599,5.657020096520818
1199.0500000000002,0.2964910158270769,0.6505903128054563,133.53719010441358,0.4946777089515922,0.0178307050617853,0.982169294938214,0.0887083325312609,0.0052261397113235,6.408630119667711,0.0589137408108538,0.941086259189146,0.087196849221661,0.0467885505032362,0.0393211449496763,13,508.3731657,0.1,15.283213428955444,16.537132844733154,8.268566422366577,4.134283211183289,5.0944044763184815
1199.0500000000002,0.2503309349926006,0.6552025979992966,121.03561229800012,0.4868742212788026,0.0137397609656758,0.9862602390343238,0.0867444953658446,0.0049963967527653,6.43753168978201,0.0575990065041214,0.9424009934958788,0.0873198242814984,0.0464882288847782,0.0393511771115222,14,457.5358491,0.1,13.761974321383198,14.988933850406708,7.494466925203354,3.747233462601677,4.587324773794399
1199.0500000000002,0.2103781303455592,0.6593535195276552,109.62207920614088,0.4800822715300734,0.0105739768004649,0.989426023199535,0.0847947276085524,0.0047821047095735,6.46645628501702,0.0563962506126427,0.9436037493873574,0.0874596364221229,0.0462069623343908,0.0393793037665608,15,411.7822642,0.1,12.391414891658426,13.57550425896684,6.78775212948342,3.39387606474171,4.130471630552809
1199.0500000000002,0.1760698912586486,0.6630964010257564,99.2199660055052,0.4743340812182881,0.0081288290432795,0.9918711709567208,0.0828573285252675,0.0045817016700247,6.495406219079287,0.0552962755543785,0.9447037244456216,0.0876145225031173,0.0459426160753241,0.0394057383924674,16,370.6040378,0.1,11.156676689057022,12.28731018353967,6.143655091769835,3.0718275458849176,3.718892229685674
1199.0500000000002,0.1468197991252261,0.6664837431923761,89.75410067879551,0.4696214368359215,0.0062435574036079,0.9937564425963922,0.0809311213776359,0.0043939743844159,6.524380883446334,0.0542927653645342,0.9457072346354656,0.0877833290997503,0.0456937461267355,0.0394306253873264,17,333.543634,0.1,10.044534796285689,11.115070485315396,5.557535242657698,2.778767621328849,3.348178265428563
1199.0500000000002,0.1220405832524597,0.6695609743671038,81.15169679106786,0.4658944566237929,0.0047919907314455,0.9952080092685552,0.0790147834211662,0.0042175437234453,6.553379338371317,0.0533766409360465,0.9466233590639536,0.0879650272759916,0.0454590853171435,0.0394540914682857,18,300.1892706,0.1,9.042853635214442,10.04975102587431,5.024875512937155,2.512437756468578,3.014284545071481
1199.0500000000002,0.1011657362751465,0.6723708940754274,73.34304620372473,0.463083488271334,0.0036756321593497,0.9963243678406496,0.0771073451963964,0.0040513661301645,6.582400348896135,0.0525418962328941,0.9474581037671058,0.0881584675412342,0.0452372803213346,0.0394762719678664,19,270.1703435,0.1,8.140785144506491,9.082733770588016,4.541366885294008,2.270683442647004,2.7135950481688305
1199.0500000000002,0.0836648409876604,0.6749504695595065,66.26200772248714,0.4611025478226739,0.0028178782443609,0.9971821217556396,0.0752078202153292,0.0038943742084109,6.611442566551361,0.0517815061952099,0.9482184938047904,0.0883625601117211,0.0450270718964314,0.0394972928103568,20,243.1533092,0.1,7.3284657270446205,8.205822010974394,4.102911005487197,2.0514555027435986,2.4428219090148735
1199.0500000000002,0.069053681537632,0.6773330385558748,59.84632128212017,0.4598619239737312,0.0021593640154735,0.997840635984528,0.0733154084634866,0.0037456464808128,6.640503966955437,0.0510894852706934,0.9489105147293068,0.0885763872027346,0.0448274070302993,0.0395172592969701,21,218.8379783,0.1,6.597028407773942,7.41130963966818,3.70565481983409,1.852827409917045,2.1990094692579807
1199.0500000000002,0.0568983025137709,0.679547683565094,54.03777532589312,0.4592719264926113,0.0016541374412882,0.9983458625587116,0.0714293798093754,0.0036043511425384,6.669582855552716,0.0504603449167477,0.9495396550832522,0.088798960312335,0.0446371799426595,0.039536282005734,22,196.9541804,0.1,5.938461766932246,6.691987852964083,3.3459939264820413,1.6729969632410209,1.979487255644082
1199.0500000000002,0.0468161595242127,0.6816189241197782,48.78225104607871,0.4592455847396189,0.0012667324542877,0.9987332675457136,0.0695489912081116,0.0034696318774619,6.698677344489172,0.0498875945889828,0.9501124054110172,0.089029458500164,0.0444554768106232,0.0395544523189376,23,177.2587624,0.1,5.345510715184387,6.04114634589457,3.020573172947285,1.5102865864736426,1.7818369050614624
1199.0500000000002,0.0384752116912768,0.6835700560836062,44.02967569442142,0.4597076895803201,0.0009698200885761,0.9990301799114232,0.0676737944271382,0.0033408933521416,6.72778498208339,0.0493676079489487,0.9506323920510514,0.0892671944673166,0.0442815369581754,0.0395718463041824,24,159.5328862,0.1,4.811701082907582,5.452595198345679,2.7262975991728395,1.3631487995864198,1.6039003609691942
1199.0500000000002,0.031588934079059,0.685418889647871,39.733907761941424,0.4605855205337461,0.0007423354184477,0.9992576645815529,0.0658031287610762,0.0032174214490267,6.756904878132508,0.0488946575885148,0.951105342411485,0.0895111916628981,0.0441143083671107,0.0395885691632889,25,143.5795975,0.1,4.331117673010087,4.920608414726912,2.460304207363456,1.230152103681728,1.4437058910033622
1199.0500000000002,0.0259142910756791,0.6871832174935338,35.85257082721891,0.4618210851356402,0.0005681289549926,0.9994318710450072,0.0639366627168201,0.0030986667076012,6.786033399846353,0.0484646300874838,0.9515353699125162,0.0897613212206709,0.0439536328712287,0.0396046367128771,26,129.2216378,0.1,3.8984995159642817,4.439947041659402,2.219973520829701,1.1099867604148506,1.2994998386547605
1199.0500000000002,0.0212448696169056,0.6888783532750687,32.34686027954128,0.4633640917125972,0.0004347363333389,0.9995652636666597,0.0620740844422328,0.0029842912933989,6.815170114186101,0.0480762836402761,0.9519237163597236,0.09001648798783,0.0437983501571692,0.039620164984283,27,116.299474,0.1,3.50909054009021,4.005809506793834,2.002904753396917,1.0014523766984584,1.1696968466967366
1199.0500000000002,0.0174071483815839,0.6905135994926798,29.181325540678813,0.4651634994299981,0.0003326330567682,0.9996673669432316,0.0602147048485766,0.0028734497554312,6.844312415114243,0.0477200670941589,0.952279932905841,0.090276642884887,0.0436483975198082,0.0396351602480191,28,104.6695266,0.1,3.1585243785645867,3.6137865784880394,1.8068932892440197,0.90344664462201,1.052841459521529
1199.0500000000002,0.0142564068686928,0.6921032846398293,26.323647938083308,0.4671902731385439,0.0002544872290929,0.9997455127709074,0.0583585724518773,0.0027661256543943,6.8734592200419495,0.0473987888683596,0.9526012111316404,0.0905409193161995,0.0435028630362301,0.0396497136963769,29,94.20257394,0.1,2.842997759351462,3.2598955422700193,1.6299477711350097,0.8149738855675048,0.9476659197838208
1199.0500000000002,0.0116717720851692,0.6936551994864562,23.74441345828901,0.469410654446543,0.0001946872826383,0.999805312717361,0.0565052438710286,0.0026617601829979,6.902608605199488,0.0471064276630888,0.9528935723369112,0.0908091054640303,0.0433615217237695,0.039663847827623,30,84.78231655,0.1,2.55898925537279,2.9404847349707066,1.4702423674853533,0.7351211837426767,0.8529964184575967
1199.0500000000002,0.0095530298900054,0.6951783871511973,21.416891257481748,0.4718020455383273,0.0001489354142672,0.9998510645857333,0.0546545681252097,0.0025601028894132,6.931758912736726,0.0468415171339875,0.9531584828660126,0.0910808283505895,0.0432239830235379,0.0396776016976462,31,76.3040849,0.1,2.303368758909863,2.6522475336915017,1.3261237668457508,0.6630618834228754,0.7677895863032876
1199.0500000000002,0.0078171746422409,0.6966791002280774,19.3168186493939,0.4743428730511146,0.0001139344411287,0.9998860655588704,0.0528062479869606,0.0024607492193013,6.960908353872344,0.0465995845776991,0.9534004154223008,0.0913559274760865,0.0430900800740678,0.0396909919925932,32,68.67367641,0.1,2.0732926099413795,2.392175754533647,1.1960878772668235,0.5980439386334118,0.6910975366471265
1199.0500000000002,0.0063956560672114,0.6981641981014226,17.422196380148883,0.4770190840135737,8.715871338886666e-05,0.9999128412866106,0.0509601730326491,0.0023635262870096,6.990055887572676,0.0463798716988933,0.9536201283011064,0.0916339614106497,0.0429593546715367,0.0397040645328462,33,61.80630877,0.1,1.8662200490594747,2.157547600000799,1.0787738000003997,0.5393869000001998,0.6220733496864915
1199.0500000000002,0.0052319799683632,0.6996395488870173,15.713095117769342,0.4798197032555801,6.667687223843734e-05,0.999933323127762,0.0491162396523792,0.0022682566112719,7.019200282648211,0.0461813979560618,0.9538186020439384,0.0919146190267629,0.0428314858453389,0.0397168514154661,34,55.62567789,0.1,1.6798589361755492,1.9458962092747063,0.9729481046373532,0.4864740523186766,0.559952978725183
1199.0500000000002,0.0042796635618297,0.7011078037651293,14.171474210551091,0.4827308689466346,5.1010771195749175e-05,0.9999489892288048,0.0472741057985575,0.0021744823782632,7.048339609661762,0.0459973243579715,0.9540026756420282,0.0921980287697881,0.0427066120483339,0.0397293387951666,35,50.0631101,0.1,1.5121213148584278,1.7549818585931432,0.8774909292965716,0.4387454646482858,0.5040404382861426
1199.0500000000002,0.0035004900852257,0.7025745901501248,12.781013552742444,0.4857492479894837,3.902741563253372e-05,0.9999609725843676,0.0454338235488188,0.0020822186414824,7.077473251544393,0.045829703045881,0.9541702969541188,0.0924837029805709,0.0425842301167651,0.0397415769883234,36,45.05679909,0.1,1.36116180849557,1.5827881077066634,0.7913940538533317,0.3956970269266658,0.4537206028318566
1199.0500000000002,0.0028631040176266,0.7040432155800813,11.526957263746835,0.4888693946604606,2.9861476934481597e-05,0.9999701385230652,0.0435952793401226,0.0019912471283236,7.106599463136684,0.0456757511011076,0.9543242488988924,0.0927716853230556,0.0424643917255988,0.03975356082744,37,40.55111918,0.1,1.2253018413358907,1.4274870171429157,0.7137435085714579,0.3568717542857289,0.40843394711196357
1199.0500000000002,0.0023417638061426,0.7055166918590574,10.395970261200294,0.4920878183126227,2.2850586830939788e-05,0.9999771494131692,0.0417583960636319,0.0019014531167589,7.135717617552116,0.0455346300575163,0.9544653699424837,0.0930616590794373,0.0423467733118976,0.0397653226688101,38,36.49600726,0.1,1.1030318798536334,1.2874271154069672,0.6437135577034836,0.3218567788517418,0.36767729328454446
1199.0500000000002,0.0019153787174251,0.7069970412594663,9.376006166879248,0.4954009227821199,1.7487470606934075e-05,0.999982512529393,0.03992305213011,0.0018126624003354,7.164826837837088,0.0454039033470009,0.9545960966529992,0.0933534565424929,0.042231207354299,0.0397768792645701,39,32.84640654,0.1,0.9929895517923226,1.1611156119892792,0.5805578059946396,0.2902789029973198,0.33099651726410756
1199.0500000000002,0.0015666872876395,0.7084867819799953,8.456186490176457,0.4988081602590418,1.3384656203936852e-05,0.9999866153437952,0.0380892322449881,0.0017247419030475,7.193925160967656,0.0452816137602615,0.9547183862397384,0.0936472582015861,0.0421178898714435,0.0397882110128556,40,29.56176588,0.1,0.8939541681329155,1.0472060188983612,0.5236030094491806,0.2618015047245903,0.2979847227109718
1199.0500000000002,0.0012815327239293,0.7099877492324478,7.626690343186321,0.5023089258573435,1.0246077682842038e-05,0.9999897539223171,0.0362568990298885,0.0016376550482073,7.223012600305313,0.0451680946729385,0.9548319053270612,0.0939425978660576,0.0420063433545066,0.0397993656645493,41,26.60558929,0.1,0.8048246899467593,0.944482122850501,0.4722410614252505,0.2361205307126252,0.26827489664891974
1199.0500000000002,0.0010483428999982,0.7115010262095688,6.878653751350326,0.505902105838303,7.84488017960763e-06,0.9999921551198216,0.0344259783604211,0.0015512531136905,7.252087912554491,0.0450605382205303,0.95493946177947,0.0942394879730849,0.0418965897874914,0.0398103410212508,42,23.94503037,0.1,0.7246080109608366,0.8518456840437145,0.4259228420218572,0.2129614210109286,0.2415360036536122
1199.0500000000002,0.0008576483683112,0.7130284099491015,6.2040781572909784,0.5095894409115106,6.007438049234812e-06,0.9999939925619512,0.0325965141919491,0.0014655099865316,7.2811499299097076,0.0449591013904291,0.9550408986095708,0.0945378666916719,0.0417885742602914,0.0398211425739708,43,21.55052733,0.1,0.6524148442698996,0.7683069117837279,0.3841534558918639,0.1920767279459319,0.2174716147566332
1199.0500000000002,0.0007017004511022,0.714570736906586,5.595747183466603,0.5133712535363538,4.601356476174848e-06,0.999995398643523,0.0307684856751565,0.0013803559398319,7.310197837744591,0.0448626544157186,0.9551373455842814,0.0948375961840178,0.0416821633705061,0.0398317836629493,44,19.3954746,0.1,0.5874415314756076,0.6929719288787487,0.3464859644393743,0.1732429822196871,0.19581384382520253
1199.0500000000002,0.0005741629512958,0.7161286602262562,5.047151178680009,0.5172481782662344,3.525303518354443e-06,0.9999964746964798,0.0289418862797912,0.0012957282409821,7.339230699353182,0.0447699997102033,0.9552300002897968,0.0951385796046821,0.0415772672363893,0.0398422732763611,45,17.45592714,0.1,0.5289650741741037,0.6250344857887672,0.3125172428943836,0.1562586214471918,0.17632169139136789
1199.0500000000002,0.000469853363566,0.7177024913319736,4.552418732967344,0.5212206256109115,2.7017707463821894e-06,0.999997298229254,0.0271167044527228,0.0012115828047941,7.368247972534521,0.0446803115794474,0.9553196884205524,0.0954405891343824,0.0414736602020189,0.0398526339797981,46,15.71033442,0.1,0.4763344871846708,0.5637673076446229,0.2818836538223114,0.1409418269111557,0.15877816239489026
1199.0500000000002,0.0003845379004919,0.7192926552463518,4.106254687311695,0.5252898366774894,2.0711357867722005e-06,0.9999979288642132,0.025292971177745,0.0011278512926817,7.397248001915612,0.0445914908069575,0.9554085091930424,0.0957437709783682,0.0413715068186911,0.0398628493181308,47,14.13930098,0.1,0.4289649312925192,0.5085147672615772,0.2542573836307886,0.1271286918153943,0.14298831043083973
1199.0500000000002,0.0003147516998475,0.7208990882206958,3.7038839665859222,0.5294562415441106,1.588365148816158e-06,0.9999984116348506,0.0234706923783016,0.0010445068901196,7.426230241863631,0.0445026023582205,0.9554973976417797,0.09604788157714,0.0412705668793604,0.0398729433120639,48,12.72537088,0.1,0.386329249621764,0.4586854132331097,0.2293427066165548,0.1146713533082774,0.128776416540588
1199.0500000000002,0.0002576638641101,0.7225223088265887,3.341000852201651,0.5337221839525402,1.2186157485512988e-06,0.9999987813842512,0.0216499670019796,0.000961573488863,7.455193441448057,0.0444145475194618,0.9555854524805382,0.0963528750062553,0.0411708064840593,0.039882919351594,49,11.45283379,0.1,0.3479548851939018,0.4137463956278985,0.2068731978139492,0.1034365989069746,0.11598496173130059
1199.0500000000002,0.0002109590823579,0.7241614119380436,3.0137230470943637,0.5380865599812903,9.352909498129302e-07,0.99999906470905,0.019830758186565,0.0008789657793593,7.4841367932132385,0.0443233572343175,0.9556766427656826,0.0966586128243295,0.0410720967289514,0.0398927903271048,50,10.30755041,0.1,0.3134136069126381,0.373216512926408,0.186608256463204,0.093304128231602,0.1044712023042127
1199.0500000000002,0.0001727455995811,0.725816746084355,2.718550210180827,0.5425518539539191,7.181579680788639e-07,0.9999992818420314,0.0180131974469586,0.0007967287406436,7.513058854894752,0.0442302785189035,0.9557697214810964,0.0969650745260203,0.0409744322579499,0.039902556774205,51,9.276795373,0.1,0.282323118068728,0.336662671586063,0.1683313357930315,0.0841656678965157,0.09410770602290934
1199.0500000000002,0.0001414761963904,0.727487272456437,2.452326480686902,0.5471170198059614,5.516991355165228e-07,0.999999448300865,0.0161972796637202,0.0007147905305995,7.541958514447988,0.044130282667774,0.955869717332226,0.0972721897022925,0.0408777568484409,0.0399122243151559,52,8.349115836,0.1,0.2543368863549444,0.3036937753477242,0.1518468876738621,0.075923443836931,0.0847789621183148
1199.0500000000002,0.0001158861177562,0.7291725098745988,2.2122066558384157,0.551782656892603,4.2397858748363e-07,0.9999995760214128,0.0143830866903694,0.0006331550875949,7.57083447328709,0.0440208072608847,0.9559791927391152,0.0975798852970913,0.040782012687522,0.0399217987312477,53,7.514204252,0.1,0.2291444257275232,0.2739575587070611,0.1369787793535305,0.0684893896767652,0.07638147524250773
1199.0500000000002,9.494144048301618e-05,0.7308718245664971,1.995625646811299,0.5565490701248895,3.2594824457802117e-07,0.999999674051756,0.0125707046835154,0.000551817517703,7.599685213903126,0.0438971028266061,0.9561028971733938,0.0978881463807061,0.0406872034906891,0.039931279650931,54,6.762783827,0.1,0.2064662383898685,0.2471364077394144,0.1235682038697072,0.0617841019348536,0.0688220794632895
1199.0500000000002,7.779665484117651e-05,0.7325838335266892,1.8002709212966514,0.5614145128301442,2.506810788663232e-07,0.9999997493189202,0.01076015031482,0.0004707092385322,7.628509315395202,0.0437456006429483,0.9562543993570516,0.098196945212118,0.0405933208690749,0.0399406679130925,55,6.086505444,0.1,0.1860499523668179,0.2229437745473291,0.1114718872736645,0.0557359436368322,0.0620166507889393
1199.0500000000002,6.376056379972816e-05,0.7343083040043762,1.6240576407375245,0.5663805441736922,1.928580265871913e-07,0.9999998071419732,0.0089515995829104,0.0003898996310648,7.657305000802571,0.0435564199725928,0.9564435800274071,0.0985062622916764,0.0405003663388241,0.0399499633661175,56,5.4778549,0.1,0.1676701455898044,0.201121717060053,0.1005608585300265,0.0502804292650132,0.055890048529934795
1199.0500000000002,5.226785003403395e-05,0.7360437978780224,1.4651062315847985,0.5714452980634895,1.48424699247423e-07,0.9999998515753008,0.0071451016721266,0.0003093356320209,7.686070565998238,0.0432933840759226,0.9567066159240776,0.0988161052224927,0.0404083708155739,0.0399591629184425,57,4.93006941,0.1,0.1511225436843011,0.181437350616933,0.0907186753084665,0.0453593376542332,0.05037418122810037
1199.0500000000002,4.285624264730425e-05,0.7377891097779679,1.3217221559809236,0.5766075243457761,1.142703913811464e-07,0.9999998857296084,0.0053407519326043,0.0002289989855621,7.714804117549296,0.0428776669801348,0.957122333019865,0.0991264952569892,0.0403173807927861,0.0399682619207214,58,4.437062469,0.1,0.1362237674297439,0.1636808184516371,0.0818404092258185,0.0409202046129092,0.0454079224765813
1199.0500000000002,3.5147641138755965e-05,0.7395428146648353,1.1923776730502975,0.5818652498343844,8.801215094577652e-08,0.9999999119878497,0.0035386352540343,0.0001488615550836,7.743503771684156,0.0420675043986585,0.9579324956013416,0.099437427473304,0.0402274169759688,0.039977258302403,59,3.993356222,0.1,0.1228086958363849,0.1476628950188606,0.0738314475094303,0.0369157237547151,0.040936231945461636
1199.0500000000002,2.883282030628534e-05,0.7413040082132354,1.0756953792276256,0.5872179847430264,6.782141057224278e-08,0.9999999321785902,0.0017389208843335,6.896885946765536e-05,7.772167466252235,0.0396618682782391,0.9603381317217607,0.0997488771651375,0.0401384811094282,0.0399861518890572,60,3.5940206,0.1,0.1107292875474508,0.1332130938190468,0.0666065469095234,0.0333032734547617,0.036909762515816937
1199.0500000000002,2.3658821530801452e-05,0.7430708179191828,0.9704334369246016,0.5926621938881846,5.229187205965058e-08,0.9999999477081276,-5.833392003044589e-05,-1.0746093816699531e-05,7.800793130436896,0.1842163093542008,0.8157836906457991,0.1000608631881852,0.0400506216062148,0.0399949378393785,61,3.23461854,0.1,0.0998515403028532,0.1201775322087176,0.0600887661043588,0.0300443830521794,0.03328384676761773
1199.0500000000002,1.9418742327340655e-05,0.7448422339994435,0.8754721084590364,0.5981968396874623,4.03457589965768e-08,0.99999995965424,-0.0018529400375338,-9.02332374978376e-05,7.829378446667268,0.0486973307486513,0.9513026692513488,0.1003733709770074,0.0399638538415378,0.0400036146158461,62,2.911156686,0.1,0.0900556359309856,0.1084176224761328,0.0542088112380664,0.0271044056190332,0.030018545310328534
1199.0500000000002,1.5943284789976818e-05,0.7466165477273742,0.7898017909307342,0.6038185685880003,3.1154670440997345e-08,0.99999996884533,-0.0036447877845087,-0.0001695172302783,7.85792117590384,0.0465094916455695,0.9534905083544306,0.1006863722971396,0.0398781808788598,0.0400121819121141,63,2.620041017,0.1,0.0812332575749863,0.0978082989508329,0.0489041494754164,0.0244520747377082,0.027077752524995433
1199.0500000000002,1.30939457207954e-05,0.7483921524320767,0.712512128408733,0.6095241352319659,2.4079680184647083e-08,0.9999999759203188,-0.0054337412121879,-0.0002486089890232,7.886418870386076,0.0457528207303284,0.9542471792696716,0.1009998577595224,0.0397936270583852,0.0400206372941615,64,2.358036916,0.1,0.0732870592539569,0.0882368161539768,0.0441184080769884,0.0220592040384942,0.024429019751318965
1199.0500000000002,1.0757389791294255e-05,0.7501677623299152,0.6427822228491584,0.6153111272347036,1.8633575657070185e-08,0.9999999813664244,-0.0072196080590525,-0.0003274682047098,7.914868997572377,0.0453581687386848,0.9546418312613152,0.1013137709848341,0.03971016976215,0.040028983023785,65,2.122233224,0.1,0.066129642021151,0.079601547439514,0.039800773719757,0.0199003868598785,0.022043214007050334
1199.0500000000002,8.84086586284392e-06,0.7519413147465126,0.5798718180275565,0.6211743688398832,1.4437431960075993e-08,0.9999999855625686,-0.0090022911434509,-0.0004061566514571,7.943268908199897,0.0451170312116246,0.9548829687883752,0.1016281126323299,0.039627847719876,0.0400372152280123,66,1.910009902,0.1,0.0596819631260903,0.0718107678444368,0.0359053839222184,0.0179526919611092,0.019893987708696766
1199.0500000000002,7.268465143063345e-06,0.753711582531408,0.5231133453857886,0.6271111689984044,1.120470113528193e-08,0.9999999887953,-0.0107815681031999,-0.0004846212794322,7.97161578039613,0.0449490532895831,0.9550509467104168,0.1019428205503191,0.0395466364472113,0.0400453363552788,67,1.719008911,0.1,0.0538733265321278,0.0647818463347701,0.032390923167385,0.0161954615836925,0.017957775510709265
1199.0500000000002,5.9780535319842545e-06,0.7554769944057175,0.4719047638947068,0.6331174631253489,8.712059284065381e-09,0.9999999912879404,-0.0125572526940744,-0.0005628597026977,7.999906549856279,0.0448234750225137,0.9551765249774862,0.1022578940191604,0.0394665775559735,0.0400533422444026,68,1.54710802,0.1,0.0486399416391947,0.058440225848529,0.0292201129242645,0.0146100564621322,0.01621331387973157
1199.0500000000002,4.918762232014842e-06,0.7572363475670325,0.4257031014733377,0.6391901934857589,6.790884217699298e-09,0.9999999932091151,-0.0143290969253993,-0.0006408183316584,8.028137976562348,0.0447214732135586,0.9552785267864417,0.1025733040432631,0.0393876856474644,0.0400612314352535,69,1.392397218,0.1,0.0439245358629936,0.0527186891860408,0.0263593445930204,0.0131796722965102,0.0146415119543312
1199.0500000000002,4.048929057076547e-06,0.758986764036408,0.3840186332251324,0.6453201779894172,5.3095641089703544e-09,0.9999999946904364,-0.0160970856674147,-0.0007186694676673,8.056306936662457,0.0446459366561353,0.9553540633438647,0.1028890605533468,0.0393100184528396,0.040068998154716,70,1.253157496,0.1,0.0396749777902716,0.0475564976358503,0.0237782488179251,0.0118891244089625,0.013224992596757199
1199.0500000000002,3.3344453402736284e-06,0.7607280109530693,0.3464096635514094,0.6515071317383597,4.163095941833952e-09,0.9999999958369036,-0.0178608182889487,-0.0007962304521593,8.08440979727982,0.044579729691662,0.955420270308338,0.1032050494534752,0.0392335078204091,0.040076649217959,71,1.127841747,0.1,0.0358452566682876,0.0428990404432572,0.0214495202216286,0.0107247601108143,0.0119484188894292
1199.0500000000002,2.7473772168627485e-06,0.7624582539342489,0.3124777622519525,0.6577449114781084,3.2769448161861767e-09,0.9999999967230548,-0.0196201060120422,-0.0008735539074433,8.112442535076648,0.0445234039641901,0.9554765960358098,0.1035213039728143,0.0391582442861353,0.0400841755713864,72,1.015057572,0.1,0.0323934346401211,0.0386969511994929,0.0193484755997464,0.0096742377998732,0.010797811546707033
1199.0500000000002,1.747550188938969,0.31203609366841,251.96886825613487,0.2553671273138587,0.4340270878198323,0.5659729121801681,0.1183852768043323,0.0103259042173244,5.999010456883202,0.0872228751340099,0.91277712486599,0.087183496973324,0.053583155736616,0.0386416844263383,73,2000.0,0.2,62.7034606777857,62.40721873368201,31.203609366841004,15.601804683420502,20.9011535592619
1199.0500000000002,1.7120821170033476,0.3801093672122971,245.54471729413063,0.340781897434412,0.4182952823534454,0.5817047176465543,0.1183564576705478,0.010715580802341,6.005985385529885,0.0905365108879935,0.9094634891120064,0.0877345174007957,0.0539654102088475,0.0386034589791153,74,1600.0,0.2,62.632072994108334,60.817498753967534,30.408749376983767,15.204374688491884,20.877357664702778
1199.0500000000002,1.6642953407765126,0.4506760099548911,232.89603902536712,0.4479179424349319,0.3971303868200936,0.6028696131799062,0.1178485170816298,0.0107663986406661,6.015298025983939,0.091357936397712,0.908642063602288,0.0878751129398864,0.0538800667864231,0.0386119933213576,75,1280.0,0.2,61.3811693716513,57.68652927422607,28.84326463711303,14.421632318556515,20.460389790550433
1199.0500000000002,1.5307898480321849,0.5082655133844252,210.13699470024977,0.5360388141261239,0.3397497219787144,0.6602502780212846,0.1157852165828625,0.0102891059705777,6.041731489795252,0.0888637278083532,0.9111362721916468,0.0876256262393649,0.0531015873052728,0.0386898412694726,76,1024.0,0.2,56.44716998862494,52.04638857056514,26.02319428528257,13.011597142641286,18.815723329541648
1199.0500000000002,1.289600551505027,0.5458370661588793,180.5354481364621,0.5638859035557029,0.2450142584346577,0.7549857415653413,0.1117515359802025,0.009289500978515,6.092299416638543,0.0831263826907748,0.9168736173092252,0.0872599738107288,0.0518234973993887,0.038817650260061,77,819.2,0.2,47.53041595723082,44.7149724597354,22.3574862298677,11.17874311493385,15.843471985743607
1199.0500000000002,1.036487367433575,0.5743556116707926,151.9744295222154,0.563113392882696,0.1601675695138328,0.8398324304861673,0.1072142334686699,0.0082637519421055,6.150825307890593,0.0770770040760541,0.922922995923946,0.086989171598071,0.0505587794271628,0.0389441220572837,78,655.36,0.2,38.720072100127624,37.640969366457064,18.820484683228532,9.410242341614266,12.90669070004254
1199.0500000000002,0.8083071537140677,0.5978007988695623,126.54300858183424,0.5507666894681811,0.0992531204572538,0.9007468795427466,0.1026937759248115,0.007359751194946,6.211099587835575,0.0716669645045163,0.9283330354954836,0.0868448561884091,0.0494375922120293,0.039056240778797,79,524.288,0.2,31.234106158130288,31.341978523772507,15.670989261886254,7.835494630943127,10.411368719376762
1199.0500000000002,0.6124854428281971,0.6171329564756668,104.50800892531424,0.5326068356462751,0.0595403581617449,0.9404596418382548,0.0982737808021158,0.0065852566140945,6.271857930199644,0.0670092933283674,0.9329907066716324,0.0868212174086444,0.0484645038220195,0.039153549617798,80,419.4304,0.2,25.098009134385027,25.884432278777155,12.942216139388576,6.471108069694288,8.36600304479501
1199.0500000000002,0.4507416151920618,0.6328668334753513,85.73818315505677,0.5124588096641276,0.0350077808475107,0.9649922191524896,0.093956021114699,0.0059240603074404,6.332800653212357,0.0630514174271704,0.9369485825728296,0.0869070533545452,0.0476243099400153,0.0392375690059985,81,335.54432,0.2,20.13064562381146,21.235487128904,10.617743564452,5.308871782226,6.7102152079371535
1199.0500000000002,0.3226463632518134,0.6455174358221141,69.96161227216724,0.4935566627659621,0.0203280435272399,0.97967195647276,0.0897274044502788,0.0053588384707567,6.393857233674632,0.0597235426871465,0.9402764573128536,0.0870902770025716,0.0468992069802324,0.0393100793019767,82,268.435456,0.2,16.13210415654065,17.327976724085993,8.663988362042996,4.331994181021498,5.377368052180216
1199.0500000000002,0.2254481931009344,0.6556331641735571,56.84637689356192,0.4780955784954662,0.0117102719420355,0.9882897280579652,0.0855715000664422,0.0048730151327737,6.455025251105525,0.056946706885022,0.943053293114978,0.0873572493437857,0.0462705169130368,0.0393729483086962,83,214.7483648,0.2,12.921456829506628,14.079614991492134,7.039807495746067,3.5199037478730335,4.307152276502209
1199.0500000000002,0.1544846060683739,0.6637560742883484,46.04055804276468,0.4670059194722915,0.0067101925259227,0.9932898074740784,0.0814735668544991,0.0044522983344974,6.516312191333306,0.0546471512929952,0.9453528487070046,0.0876941398122373,0.0457205481034627,0.0394279451896537,84,171.7986918,0.2,10.346648451777195,11.403242523704188,5.701621261852094,2.850810630926047,3.448882817259065
1199.0500000000002,0.1042948564840157,0.6703678654836234,37.19931885887454,0.4602023930433743,0.0038316176340034,0.9961683823659964,0.0774214794373044,0.0040840606984524,6.577709687685801,0.0527510030395193,0.9472489969604804,0.0880905330963326,0.0452362556165714,0.0394763744383428,85,137.4389535,0.2,8.28318189526711,9.213465789209796,4.606732894604898,2.303366447302449,2.761060631755703
1199.0500000000002,0.0696502721810038,0.67586275400181,30.00338682250444,0.4570372100211313,0.0021826781678666,0.9978173218321338,0.0734054246438567,0.0037577393076575,6.639205244396679,0.0511915750675823,0.9488084249324178,0.0885358326885227,0.0448052136752908,0.0395194786324709,86,109.9511628,0.2,6.630165092152062,7.431189569570937,3.715594784785469,1.8577973923927344,2.210055030717354
1199.0500000000002,0.046158105483584,0.6805496054633418,24.16918162996354,0.4567029953225936,0.0012413348039273,0.9987586651960724,0.0694178386831134,0.0034647121170869,6.7007812238995585,0.0499109765258606,0.9500890234741391,0.0890209257296273,0.0444170894219745,0.0395582910578024,87,87.96093022,0.2,5.306372147794415,5.986177635740954,2.993088817870477,1.4965444089352384,1.7687907159314715
1199.0500000000002,0.0304282896895385,0.684664403814556,19.45225921049262,0.4584613220331555,0.0007051902351538,0.9992948097648464,0.0654530327056714,0.0031981481170648,6.762418590189888,0.0488617254977702,0.95113827450223,0.0895380665281634,0.0440633235256677,0.0395936676474332,88,70.36874418,0.2,4.2465404352087575,4.8178974281178695,2.4089487140589347,1.2044743570294674,1.415513478402919
1199.0500000000002,0.0199877258873707,0.6883828190084083,15.64632377306332,0.461725384551768,0.0004003296671449,0.9995996703328544,0.0615065343622021,0.0029524442189075,6.824098497611756,0.0480021228560439,0.951997877143956,0.0900810556208174,0.0437371881694835,0.0396262811830516,89,56.29499534,0.2,3.398214716000747,3.875250758821441,1.9376253794107203,0.9688126897053602,1.1327382386669156
1199.0500000000002,0.0130987563364227,0.6918355122625088,12.579837717465605,0.4660711502599053,0.0002271562839959,0.9997728437160042,0.0575749236261352,0.0027232660531709,6.885805707117262,0.0472995165536019,0.952700483446398,0.0906441585842229,0.04343257524319,0.0396567424756809,90,45.03599627,0.2,2.7193035093849187,3.115750154970789,1.5578750774853944,0.7789375387426972,0.9064345031283062
1199.0500000000002,0.0085714024097661,0.6951190551658589,10.11163686225952,0.4712113470982396,0.0001288673353566,0.9998711326646432,0.0536555531982595,0.0025069557124909,6.947523375237189,0.0467231360605706,0.9532768639394292,0.09122380135964,0.0431457136532595,0.039685428634674,91,36.02879702,0.2,2.1760441971534705,2.504430334330491,1.2522151671652455,0.6261075835826228,0.7253480657178235
1199.0500000000002,0.0056038192371803,0.6983059069015847,8.126395879968609,0.476964439081931,7.310207207518612e-05,0.9999268979279254,0.0497465057921823,0.0023008347646642,7.009238816208031,0.0462511834353285,0.9537488165646714,0.0918163836970404,0.0428728544510212,0.0397127145548978,92,28.82303762,0.2,1.7413846563919757,2.0127297424892596,1.0063648712446298,0.5031824356223149,0.5804615521306585
1199.0500000000002,0.0036619259594759,0.7014493071625529,6.530381280530106,0.4832210388454352,4.1472858391996134e-05,0.999958527141608,0.045846307048282,0.0021026331616906,7.070938768556812,0.0458626506050545,0.9541373493949457,0.0924197392950389,0.0426117749975921,0.0397388225002407,93,23.05843009,0.2,1.3936407175636267,1.6174319810886666,0.8087159905443333,0.4043579952721666,0.4645469058545422
1199.0500000000002,0.0023925363218984,0.7045887543830409,5.247686523064116,0.4899217110117654,2.3534598284635814e-05,0.9999764654017158,0.0419539144790875,0.001910579022217,7.132611075718825,0.0455399465320648,0.9544600534679352,0.0930322864831621,0.0423608810491562,0.0397639118950843,94,18.44674407,0.2,1.1154469380984409,1.2997368426704048,0.6498684213352024,0.3249342106676012,0.37181564603281364
1199.0500000000002,0.0015632352729027,0.7077529250790421,4.217001510597614,0.4970385255385646,1.3361006436012394e-05,0.9999866389935622,0.0380686013438361,0.0017233004107488,7.194244984448545,0.0452682880298172,0.9547317119701828,0.093652710997765,0.0421188705810961,0.0397881129418903,95,14.75739526,0.2,0.8928978662731789,1.044458966181259,0.5222294830906296,0.2611147415453148,0.2976326220910596
1199.0500000000002,0.0010215950214309,0.7109624217731528,3.3888981715052724,0.504563652050454,7.589777601396291e-06,0.9999924102223988,0.0341899389510514,0.0015397201660924,7.25582968691735,0.0450343057547299,0.95496569424527,0.0942802241708922,0.0418850007334697,0.039811499926653,96,11.80591621,0.2,0.7148639249729972,0.8393562779912522,0.4196781389956261,0.209839069497813,0.23828797499099907
1199.0500000000002,0.0006678407695328,0.7142301049654234,2.723581060301116,0.5124975543998578,4.31475980789663e-06,0.9999956852401912,0.0303176059952225,0.0013589938804704,7.317356464754132,0.0448252372122114,0.9551747627877886,0.0949136968363763,0.0416581852925787,0.0398341814707421,97,9.444732966,0.2,0.5724338917575178,0.6745712617676575,0.3372856308838287,0.1686428154419143,0.19081129725250592
1199.0500000000002,0.0004367702524122,0.7175658270979046,2.1890407569451806,0.5208519911853804,2.4556669641265248e-06,0.9999975443330362,0.02645173758612,0.0011806567653525,7.378815319653874,0.0446343746367705,0.9553656253632292,0.095552427304195,0.0414377965179584,0.0398562203482041,98,7.555786373,0.2,0.4584866570463309,0.5421774098116822,0.2710887049058411,0.1355443524529205,0.1528288856821103
1199.0500000000002,0.0002857980369732,0.7209736625622627,1.7595479050033156,0.5296372018538025,1.3995721929010944e-06,0.9999986004278072,0.0225925058477799,0.0010042748717282,7.4401961503991405,0.0444516811349518,0.9555483188650482,0.0961958111439693,0.0412233226216864,0.0398776677378313,99,6.044629098,0.2,0.3673197531556482,0.4358018379615486,0.2179009189807743,0.1089504594903871,0.1224399177185494
1199.0500000000002,0.0001871225074818,0.7244523530704683,1.4144307124056794,0.5388582761371051,7.990676484505484e-07,0.999999200932352,0.0187400664919667,0.0008294297867974,7.50148938824718,0.0442597033524447,0.9557402966475552,0.0968429960603803,0.0410140107019547,0.0398985989298045,100,4.835703278,0.2,0.294368932593958,0.3503236618497677,0.1751618309248838,0.0875809154624419,0.09812297753131934
1199.0500000000002,0.000122600245373,0.7279999139055594,1.137085898636641,0.5485240902640796,4.570943004220886e-07,0.9999995429056996,0.0148950106735911,0.0006560241237322,7.562683557502349,0.0440432126155798,0.95595678738442,0.0974933500367682,0.0408093565577973,0.0399190643442202,101,3.868562623,0.2,0.2359894105189663,0.2816313256482265,0.1408156628241132,0.0704078314120566,0.07866313683965544
1199.0500000000002,8.038870785588741e-05,0.7316106399572415,0.9141804269209238,0.5586371418898748,2.619489260363942e-07,0.9999997380510738,0.0110579743352542,0.0004839308484826,7.62376594188714,0.0437630646104239,0.956236935389576,0.0981463547753524,0.0406089958650592,0.039939100413494,102,3.094850098,0.2,0.1892640711677051,0.2264225260769511,0.1132112630384755,0.0566056315192377,0.06308802372256837
1199.0500000000002,5.275723019683547e-05,0.7352757364898503,0.7350083448088467,0.5691930330819541,1.5036216674918153e-07,0.999999849637834,0.0072296569983884,0.0003129681934854,7.684721853251618,0.0432894939273954,0.9567105060726048,0.0988017638892497,0.0404128710897331,0.0399587128910266,103,2.475880079,0.2,0.1518593501167009,0.1820454548547273,0.0910227274273636,0.0455113637136818,0.050619783372233634
1199.0500000000002,3.4658086808288144e-05,0.7389857920986019,0.5909733066915971,0.5801858999907189,8.644582876183529e-08,0.999999913554172,0.0034110797425249,0.0001431155257936,7.745533929721145,0.0419560701864601,0.9580439298135396,0.0994596133431688,0.0402212443269197,0.039977875567308,104,1.980704063,0.2,0.1219108003869928,0.1463712160908974,0.0731856080454487,0.0365928040227243,0.04063693346233093
1199.0500000000002,2.279392503459426e-05,0.7427283281313323,0.4751725741710748,0.5915999071470566,4.981543042540246e-08,0.9999999501845696,-0.0003967566929617,-2.574804283686275e-05,7.806183477502083,0.064893814808563,0.9351061851914372,0.1001198536394634,0.0400343176874462,0.0399965682312553,105,1.58456325,0.2,0.0979260828221306,0.117690001349085,0.0588450006745425,0.0294225003372712,0.03264202760737687
1199.0500000000002,1.5010206908805056e-05,0.7464879295759307,0.3820628833938956,0.6034076952095955,2.8801660171989073e-08,0.9999999711983396,-0.004192912437841,-0.0001939062266022,7.866650103520645,0.0462461902890899,0.95375380971091,0.100782424087615,0.0398523132774246,0.0400147686722575,106,1.2676506,0.2,0.0787111453502076,0.0946285871819686,0.0473142935909843,0.0236571467954921,0.0262370484500692
1199.0500000000002,9.898686618139182e-06,0.7502532270697169,0.3071919390923707,0.6155912863727636,1.672510920903012e-08,0.9999999832748908,-0.0079756067740284,-0.000360986286122,7.926910341465105,0.0452612941352759,0.954738705864724,0.1014470681318694,0.039675285568946,0.0400324714431054,107,1.01412048,0.2,0.0633143742685193,0.076084716275749,0.0380423581378745,0.0190211790689372,0.021104791422839764
1199.0500000000002,1.8437318309179485,0.2093203706570773,169.01550497417415,0.1542693940344401,0.476904689899486,0.5230953101005137,0.1178782811696092,0.0086679665906127,5.979828090350058,0.0735331940618331,0.926466805938167,0.0851665170893991,0.0519399197208414,0.0388060080279158,108,2000.0,0.3,61.45408477278798,62.79611119712318,31.39805559856159,15.699027799280795,20.48469492426266
1199.0500000000002,1.758127317686506,0.2969240670785275,167.82471843060586,0.2386918996103026,0.438752587958307,0.5612474120416933,0.1183764250834642,0.0101924394007356,5.996933571954523,0.0861019339650197,0.9138980660349804,0.0869497332891522,0.0533916321631504,0.038660836783685,109,1400.0,0.3,62.68152943520591,62.35405408649077,31.177027043245385,15.588513521622692,20.893843145068637
1199.0500000000002,1.699156940556128,0.4046395975817808,160.1055433475446,0.3759211400819341,0.4125554455208198,0.5874445544791815,0.1182740647404214,0.0107845887496497,6.0085087334871385,0.0911830397670966,0.9088169602329034,0.0877663559685466,0.053928037519826,0.0386071962480173,110,980.0,0.3,62.42822225960615,59.48202084452178,29.74101042226089,14.870505211130444,20.809407419868716
1199.0500000000002,1.5323331393667434,0.50299515970148,139.31559485858594,0.5251751940688825,0.3402306957159254,0.6597693042840745,0.1158282428110191,0.0103087114983934,6.0413411447895715,0.0889999817691141,0.911000018230886,0.0875434024669583,0.0530241962282033,0.0386975803771796,111,686.0,0.3,56.547573058014834,51.75820193328229,25.879100966641143,12.939550483320572,18.849191019338278
1199.0500000000002,1.1384112817598098,0.5585141216593257,108.28499836017188,0.5543560063882558,0.1920961076139498,0.8079038923860506,0.1091056918218276,0.0086856230502032,6.126332187139594,0.0796074238239013,0.9203925761760984,0.0870110119899521,0.0509888096948663,0.0389011190305134,112,480.2,0.3,42.23350095658529,40.22977218312123,20.114886091560617,10.057443045780309,14.077833652195096
1199.0500000000002,0.7700393740867109,0.5975005406876217,81.09028302240536,0.5384385024490024,0.0904548121796192,0.9095451878203812,0.1018917465601659,0.0072198501425234,6.222135059705957,0.0708580465877433,0.9291419534122566,0.086769179139603,0.0491863462039032,0.0390813653796097,113,336.14,0.3,30.036500272086023,30.126574762010573,15.063287381005289,7.531643690502644,10.012166757362008
1199.0500000000002,0.4837002401374912,0.6263377860290148,59.50293010949664,0.5096309271692133,0.0393795778264266,0.9606204221735736,0.0949163866574342,0.0060707783289745,6.319239861192338,0.0639592228478902,0.9360407771521098,0.0868268412218839,0.047747844587123,0.0392252155412877,114,235.298,0.3,21.153843097543156,22.106404256558267,11.053202128279134,5.526601064139567,7.051281032514385
1199.0500000000002,0.2828421212523641,0.6469834538484627,43.02505750263952,0.4817830335521392,0.0165223306751544,0.9834776693248456,0.088171098180719,0.0051758013363736,6.416745052594242,0.0587017905262533,0.9412982094737468,0.0871374506943484,0.0466095585876655,0.0393390441412334,115,164.7086,0.3,14.852365312649418,15.984560835981734,7.992280417990867,3.9961402089954334,4.950788437549806
1199.0500000000002,0.1561783514325309,0.661530858222983,30.794761287183555,0.463058689661396,0.0068077639371994,0.9931922360628012,0.0815950725481195,0.0044695764773742,6.514575065487579,0.0547775293016227,0.9452224706983772,0.0876479104678565,0.0456991913289387,0.0394300808671061,116,115.29602,0.3,10.415489041656857,11.440781259044131,5.720390629522066,2.860195314761033,3.4718296805522857
1199.0500000000002,0.0829710476700558,0.6720000288395525,21.89746173789939,0.4546660331875133,0.0027787195720722,0.9972212804279272,0.0751364538839117,0.0038987264788953,6.612704543249727,0.0518886143391563,0.9481113856608436,0.08831005572781,0.044956385982042,0.0395043614017958,117,80.707214,0.3,7.2995174204389714,8.13528752033399,4.067643760166995,2.0338218800834973,2.433172473479657
1199.0500000000002,0.0430691784054367,0.6799388087838064,15.509315844643108,0.454077626230326,0.0011284929352661,0.9988715070647342,0.0687582495183557,0.0034223322366296,6.711068045304565,0.0497734055272691,0.9502265944727312,0.0890835328664565,0.0443340818788538,0.0395665918121146,118,56.4950498,0.3,5.113726415109654,5.761976529479073,2.8809882647395364,1.4404941323697682,1.704575471703218
1199.0500000000002,0.0220700838362733,0.6863919060570359,10.95955882740309,0.4584011994796407,0.0004570860664747,0.9995429139335256,0.0624360329839438,0.0030111941943821,6.809586020173972,0.0482284676086182,0.951771532391382,0.0899364064944819,0.0437968047607113,0.0396203195239288,119,39.54653486,0.3,3.581647884999395,4.0716632160759625,2.0358316080379812,1.0179158040189906,1.1938826283331316
1199.0500000000002,0.0112329875455392,0.6920230814356344,7.734630053208353,0.4656223484348336,0.0001849006852382,0.9998150993147624,0.0561536588128147,0.0026449045076274,6.908187428246879,0.0471011963163221,0.952898803683678,0.0908440740570907,0.0433180893321917,0.0396681910667808,120,27.6825744,0.3,2.508361824976024,2.8735470657538813,1.4367735328769409,0.7183867664384704,0.8361206083253413
1199.0500000000002,0.0056983409182824,0.6972474799038312,5.455115680721881,0.4746211617758059,7.476203647290975e-05,0.9999252379635276,0.0499006555068727,0.0023093593665612,7.006811730994808,0.0462791388830163,0.9537208611169836,0.0917889484598578,0.0428794231406989,0.0397120576859301,121,19.37780208,0.3,1.7567693837122311,2.0266685499532824,1.0133342749766412,0.5066671374883206,0.5855897945707437
1199.0500000000002,0.0028868481053825,0.7023241563931567,3.8463828418862223,0.4848709076358011,3.0235813104053913e-05,0.999969764186896,0.0436704311879858,0.0019946450415594,7.105403564226225,0.0456749564198064,0.9543250435801937,0.0927604832055578,0.0424699249001647,0.0397530075099835,122,13.56446146,0.3,1.2305814016503105,1.428997342773298,0.714498671386649,0.3572493356933245,0.4101938005501035
1199.0500000000002,0.0014622375328521,0.7074123622339659,2.7119753212644895,0.4961710582385204,1.2237765896172363e-05,0.999987762234104,0.0374589863520054,0.001693923732575,7.203915623009493,0.0452207573545489,0.9547792426454512,0.0937518998722554,0.0420827754147197,0.039791722458528,123,9.49512302,0.3,0.862240217863186,1.007545110792046,0.503772555396023,0.2518862776980115,0.28741340595439535
1199.0500000000002,0.0007410401976328,0.7126085470121114,1.9123262977682671,0.5084860787491104,4.9602915138236224e-06,0.9999950397084852,0.0312644575232967,0.0014026590362589,7.302303358549371,0.0448643330779095,0.9551356669220904,0.0947594503543659,0.0417143951469457,0.0398285604853054,124,6.646586114,0.3,0.6044035423176553,0.7104621109932623,0.3552310554966311,0.1776155277483155,0.20146784743921842
1199.0500000000002,0.0003759303863953,0.7179630188326914,1.3486871151394784,0.5218424798254979,2.0154661659961874e-06,0.9999979845338348,0.0250862643554286,0.0011177629531925,7.400524976629397,0.0445567716785674,0.9554432283214324,0.0957805115284001,0.0413624519315763,0.0398637548068423,125,4.65261028,0.3,0.4239016791355077,0.501060318312122,0.250530159156061,0.1252650795780305,0.1413005597118359
1199.0500000000002,0.0001909770229495,0.7234963959128914,0.9513560600160405,0.5362887492104003,8.219728111409411e-07,0.9999991780271886,0.0189252883202118,0.0008376162586866,7.498538798974579,0.0442591011887429,0.955740898811257,0.0968124244225625,0.0410246679347899,0.0398975332065209,126,3.256827196,0.3,0.2975196585471406,0.3534454107625632,0.1767227053812816,0.0883613526906408,0.09917321951571352
1199.0500000000002,9.718859739276612e-05,0.7292009442137541,0.6712007135198966,0.5518517969260922,3.3676501134436985e-07,0.9999996632349883,0.0127829969270584,0.0005609899428988,7.596299883597339,0.0438856354138355,0.9561143645861644,0.0978526508645914,0.0406990060015061,0.0399300993998493,127,2.279779037,0.3,0.2090021910684081,0.2493625539568684,0.1246812769784342,0.0623406384892171,0.0696673970228027
1199.0500000000002,4.956583496921499e-05,0.7350549106443577,0.4736119389120471,0.568546005461313,1.385878192649303e-07,0.9999998614121808,0.0066624106177962,0.0002875909319873,7.693753005236518,0.0431661942979934,0.9568338057020064,0.0988994819188036,0.0403844310353628,0.0399615568964636,128,1.595845326,0.3,0.1469843077708477,0.1759550915257718,0.0879775457628859,0.0439887728814429,0.04899476925694923
1199.0500000000002,2.5344695937372983e-05,0.741016676770783,0.3342172601452092,0.5863370905338395,5.730330514180819e-08,0.999999942696695,0.0005669176125397,1.674879354067397e-05,7.790830519683349,0.0295431175577311,0.9704568824422688,0.0999525481695841,0.0400814651442593,0.0399918534855739,129,1.117091728,0.3,0.1035089995158555,0.1241675399896037,0.0620837699948018,0.0310418849974009,0.0345029998386185
1199.0500000000002,1.9216549729790515,0.1555998720466649,125.64676702041147,0.1103240129524951,0.5119414356950209,0.4880585643049798,0.1173424709658868,0.0071804451388252,5.963966236215638,0.0611922101122479,0.938807789887752,0.0835881195327477,0.0506431542431333,0.0389356845756866,130,2000.0,0.4,60.14889723232877,62.23994881866596,31.11997440933298,15.55998720466649,20.04963241077626
1199.0500000000002,1.7877659438989515,0.260407516142219,126.16728132996688,0.2011395677789166,0.4519629330684558,0.548037066931545,0.118254054533209,0.009718188463578,5.991068898839484,0.0821805941551983,0.9178194058448016,0.0863194652956344,0.0528794628746335,0.0387120537125366,131,1200.0,0.4,62.37876915176357,62.497803874132565,31.24890193706628,15.62445096853314,20.792923050587856
1199.0500000000002,1.6964574323924118,0.4084448312765379,118.73342735257783,0.3815152477792659,0.4113386504761674,0.5886613495238344,0.1182610089599752,0.0108024475745622,6.009023976909782,0.0913441179128145,0.9086558820871854,0.0877112906831612,0.0538550812407518,0.0386144918759248,132,720.0,0.4,62.39595385269183,58.81605570382146,29.40802785191073,14.704013925955364,20.798651284230612
1199.0500000000002,1.3431677260718682,0.5287553794252209,92.22428602014732,0.5387557926123987,0.2645681520306501,0.73543184796935,0.1127066282876322,0.0095382452427751,6.080526949252381,0.0846289633912989,0.915371036608701,0.0871720751833629,0.0519385641082323,0.0388061435891768,133,432.0,0.4,49.551222218112684,45.68446478233909,22.842232391169546,11.421116195584773,16.51707407270423
1199.0500000000002,0.7941193157022753,0.5906182808445001,61.80906250604856,0.5304078473814309,0.09570637245386,0.9042936275461396,0.10241981165937,0.0073245865927948,6.215079582223747,0.0715153294850845,0.9284846705149152,0.0867163170810916,0.0492441934937254,0.0390755806506274,134,259.2,0.4,30.820701018774457,30.617651678978884,15.308825839489442,7.654412919744721,10.273567006258153
1199.0500000000002,0.4024967579787507,0.6312504645753333,39.63687127115769,0.4919854661335568,0.0289254810636809,0.971074518936318,0.0924941819034769,0.0057331219646723,6.353982334353256,0.0619835955454206,0.9380164044545792,0.0868663380173073,0.0472658727636454,0.0392734127236354,135,155.52,0.4,18.657527108943924,19.63441445015117,9.817207225075585,4.908603612537792,6.219175702981308
1199.0500000000002,0.1778603407949317,0.6565104165457564,24.733794419289463,0.4613197279671167,0.0082159803205096,0.9917840196794896,0.0829864354536495,0.0046121972895881,6.493762697265642,0.0555777249838264,0.9444222750161736,0.0874923605228398,0.045843712226718,0.0394156287773282,136,93.312,0.4,11.23522663407748,12.252059997743524,6.126029998871762,3.063014999435881,3.7450755446924933
1199.0500000000002,0.0719871454994588,0.6722013909002018,15.19498580232953,0.4504660403221076,0.0022794807121335,0.9977205192878668,0.0737383968292622,0.0037916295840679,6.634220545913429,0.0514200165278026,0.9485799834721972,0.0884471011646187,0.0447871562858963,0.0395212843714103,137,55.9872,0.4,6.75414091451636,7.526934742521556,3.763467371260778,1.881733685630389,2.251380304838787
1199.0500000000002,0.0279075733630275,0.6829164672002777,9.262325480840229,0.4536575474746532,0.0006264985511945,0.9993735014488048,0.0646430489289625,0.0031515469514584,6.775141633708264,0.0487530678652628,0.9512469321347372,0.0896154583014303,0.0439611543362718,0.0396038845663727,138,33.59232,0.4,4.057008864560352,4.588149699892247,2.294074849946123,1.1470374249730615,1.352336288186784
1199.0500000000002,0.0106242162032201,0.6913334832697198,5.625887935755386,0.463839734033947,0.0001715765049046,0.9998284234950952,0.0556397893101076,0.0026176310352967,6.9162973620864845,0.0470460270857946,0.9529539729142056,0.0909125946072182,0.0432727106831102,0.039672728931689,139,20.155392,0.4,2.436139960481665,2.7868194716053285,1.3934097358026645,0.6967048679013322,0.8120466534938884
1199.0500000000002,0.0040175469141653,0.6988524680284696,3.412246614363357,0.4774497561387905,4.695012410097285e-05,0.9999530498758992,0.0466955451865908,0.002145771325786,7.057503768986588,0.0459523776235032,0.9540476223764964,0.0922830237844455,0.0426632097482348,0.0397336790251765,140,12.0932352,0.4,1.4629523773287856,1.6902774531937526,0.8451387265968763,0.4225693632984381,0.4876507924429285
1199.0500000000002,0.0015168756610478,0.7061915061371591,2.068848383470046,0.4932835040528823,1.2859191585092504e-05,0.9999871408084152,0.037793461581091,0.0017097296960946,7.198604468583395,0.0452387694731164,0.9547612305268836,0.0936980585987482,0.0421032289801482,0.0397896771019851,141,7.25594112,0.4,0.8789289293190673,1.024816797595069,0.5124083987975345,0.2562041993987672,0.2929763097730224
1199.0500000000002,0.0005732502756382,0.7137062402134295,1.2545181670597003,0.5111362449173933,3.5316509859382393e-06,0.9999964683490143,0.028926280495224,0.0012939992866673,7.33946197985739,0.0447343821777826,0.9552656178222176,0.0951449513756849,0.0415804120852127,0.0398419587914787,142,4.353564672,0.4,0.528491351555127,0.6214332547158266,0.3107166273579133,0.1553583136789566,0.17616378385170903
1199.0500000000002,0.0002171537116557,0.7215480603743201,0.7609811221356414,0.5311161317691315,9.7553656877677e-07,0.9999990244634316,0.0200932336802216,0.0008901789952021,7.47994908858301,0.0443024258303073,0.9556975741696926,0.096616544561155,0.0410885491705267,0.0398911450829473,143,2.612138803,0.4,0.3181774332061682,0.3769567373466296,0.1884783686733148,0.0942391843366574,0.10605914440205606
1199.0500000000002,8.254602148947453e-05,0.7297399316227597,0.4617716492171778,0.5533529830172705,2.717821377321804e-07,0.9999997282178616,0.0112983953434629,0.0004944071057627,7.619933529371666,0.0437590517052438,0.9562409482947564,0.0981060482112514,0.040622229007465,0.0399377770992534,144,1.567283282,0.4,0.1918991166398598,0.2287418390080348,0.1143709195040174,0.0571854597520087,0.0639663722132866
1199.0500000000002,1.9667862101343687,0.123731283460075,99.890260772051,0.085843755646008,0.5323531949325373,0.4676468050674612,0.117017764620547,0.006294149626659,5.9546064167685335,0.0537879819373021,0.9462120180626978,0.0827020551817762,0.0499226526833291,0.0390077347316671,145,2000.0,0.5,59.36567868897058,61.8656417300375,30.93282086501875,15.466410432509376,19.788559562990194
1199.0500000000002,1.799075709816854,0.2493808216335446,100.68736953598582,0.1905628408758614,0.457033512490813,0.5429664875091869,0.1182115962385183,0.0095415735407879,5.988832955037827,0.0807160536162029,0.919283946383797,0.0860693916914485,0.0526709479614253,0.0387329052038575,146,1000.0,0.5,62.2739089592546,62.34520540838615,31.172602704193075,15.586301352096536,20.757969653084867
1199.0500000000002,1.6564333152113258,0.4474581006812563,90.32931146934712,0.4408250425201155,0.393452510359395,0.6065474896406042,0.1177710001989028,0.0107742649385671,6.016721078994405,0.0914848719696733,0.9085151280303266,0.0876249565450312,0.0535872432588207,0.0386412756741179,147,500.0,0.5,61.19149675752861,55.93226258515704,27.96613129257852,13.98306564628926,20.39716558584287
1199.0500000000002,0.9775938215482156,0.5661681405013838,57.14723345339322,0.5288606580530201,0.1423792319759976,0.8576207680240012,0.1061400045146838,0.0080621146196867,6.165368501750049,0.075957360611671,0.924042639388329,0.0867429698833225,0.050069551947418,0.0389930448052581,148,250.0,0.5,36.82575951658955,35.38550878133648,17.69275439066824,8.84637719533412,12.275253172196516
1199.0500000000002,0.4047249587942255,0.6274666544085095,31.66737680491422,0.4848383624111692,0.0291424784481056,0.9708575215518952,0.0925723275123128,0.0057491932082231,6.352947761598504,0.0621048790741396,0.9378951209258602,0.0868211584521069,0.0472357434067637,0.0392764256593236,149,125.0,0.5,18.73376633160364,19.60833295026592,9.80416647513296,4.90208323756648,6.244588777201213
1199.0500000000002,0.130751815920205,0.66049384413848,16.667141992365476,0.4507841038921332,0.0052596677923767,0.9947403322076231,0.079747882370115,0.0043039331480789,6.542600846299398,0.0539692468334441,0.9460307531665558,0.0877666323614217,0.0454147360189466,0.0394585263981054,150,62.5,0.5,9.414286309769349,10.32021631466375,5.160108157331875,2.5800540786659374,3.138095436589783
1199.0500000000002,0.0370284110742061,0.6784903139499247,8.56062791912898,0.4484566037820536,0.0009174839414092,0.9990825160585898,0.067322811048689,0.0033298387432503,6.73345046157602,0.0494607799363213,0.9505392200636787,0.0892372666321873,0.0441712966624979,0.0395828703337502,151,31.25,0.5,4.717730093239724,5.300705577733786,2.650352788866893,1.3251763944334465,1.5725766977465747
1199.0500000000002,0.01001497291626,0.6905555706993993,4.356433674272461,0.4618744666822351,0.0001585141539146,0.9998414858460845,0.0550951792018374,0.0025885492524743,6.924889500843949,0.0469832259367292,0.9530167740632706,0.0909871914780087,0.0432266641074953,0.0396773335892504,152,15.625,0.5,2.3618389708934817,2.697482698044529,1.3487413490222644,0.6743706745111322,0.7872796569644939
1199.0500000000002,0.0026753151382322,0.700818271307823,2.2105880011933623,0.4812944458463858,2.734783136235385e-05,0.999972652168637,0.0429747975523081,0.0019605353354104,7.116428963051705,0.0456205833881354,0.9543794166118644,0.0928680559756827,0.0424231385023298,0.0397576861497669,153,7.8125,0.5,1.1825633330421637,1.3687856861480918,0.6843928430740459,0.3421964215370229,0.3941877776807212
1199.0500000000002,0.0007140016848659,0.7109637068969353,1.1212949200246922,0.5044117644724173,4.7314477364891154e-06,0.9999952685522632,0.0309253340349602,0.0013863652874063,7.307683854207435,0.0448294361428249,0.9551705638571752,0.0948164291892462,0.0416961492859424,0.0398303850714057,154,3.90625,0.5,0.5927537183751719,0.6943004950165385,0.3471502475082692,0.1735751237541346,0.19758457279172395
1199.0500000000002,0.0001912734893368,0.7216181100349719,0.569049252552976,0.5312876051588766,8.258198587897396e-07,0.9999991741801412,0.0189387568010956,0.0008376437343181,7.498314782220376,0.0442290770692604,0.9557709229307396,0.0968113768955029,0.0410267559021041,0.0398973244097895,155,1.953125,0.5,0.2977500738438943,0.3523525927905136,0.1761762963952568,0.0880881481976284,0.09925002461463144
1199.0500000000002,1.9909066569298823,0.1027861324523301,82.98416097113466,0.0702136617419261,0.5432947811348353,0.4567052188651646,0.1168407525529,0.005813392878212,5.949544005421866,0.0497548386049519,0.950245161395048,0.0822339003448255,0.0495464293481499,0.039045357065185,156,2000.0,0.6,58.941202416013375,61.67167947139806,30.83583973569903,15.417919867849514,19.64706747200446
1199.0500000000002,1.7912892987470463,0.2584443629602684,83.47740287956903,0.1993463793302517,0.4536015778872439,0.5463984221127565,0.118284101855389,0.0097085623185225,5.990407674385558,0.0820783365257162,0.917921663474284,0.0862185875351708,0.052786777411777,0.0387213222588222,157,800.0,0.6,62.45303598931297,62.02664711046442,31.01332355523221,15.506661777616104,20.817678663104324
1199.0500000000002,1.4514956417187912,0.5021239748834266,64.87325175875462,0.5066418431553402,0.306472301803551,0.6935276981964502,0.1145588899460041,0.0100117708277177,6.057548014695227,0.087394096080796,0.912605903919204,0.0871697769861119,0.0523437051970876,0.0387656294802912,158,320.0,0.6,53.631493407127785,48.20390158880896,24.10195079440448,12.05097539720224,17.877164469042594
1199.0500000000002,0.5406659315870697,0.6086167672501995,31.45323330984952,0.4909421889543013,0.0474635038024121,0.9525364961975888,0.0964923176928839,0.0063267553211033,6.297240627136989,0.0655674510779461,0.934432548922054,0.0866459340034209,0.0478986898824144,0.0392101310117585,159,128.0,0.6,22.932284753085373,23.370883862407663,11.685441931203831,5.842720965601916,7.644094917695124
1199.0500000000002,0.1268326742185219,0.6585978376992218,13.614526937161804,0.4454445428049924,0.0050300798277589,0.9949699201722396,0.079437600893722,0.0042790049679864,6.547356734571075,0.0538662411735023,0.9461337588264976,0.0877733400219407,0.0453530828701314,0.0394646917129867,160,51.2,0.6,9.25534067890954,10.116062787060049,5.058031393530024,2.529015696765012,3.0851135596365133
1199.0500000000002,0.0236108863436217,0.6814539215556045,5.634803287074781,0.448724008148314,0.0004994888814767,0.9995005111185238,0.0630750994534195,0.0030565840581168,6.799691410078289,0.0484594409611906,0.9515405590388092,0.0898091686458904,0.0438087794792221,0.0396191220520778,161,20.48,0.6,3.713369837647451,4.186852894037633,2.0934264470188166,1.0467132235094083,1.2377899458824837
1199.0500000000002,0.0041498872308885,0.6962133472029083,2.302738514525586,0.4715767423982885,4.903065983807416e-05,0.9999509693401628,0.0469930946666668,0.0021614007034285,7.052805100612694,0.0459940065383838,0.9540059934616164,0.0922311906269431,0.0426771672847368,0.0397322832715263,162,8.192,0.6,1.4880380901021173,1.7110139220858671,0.8555069610429336,0.4277534805214668,0.49601269670070575
1199.0500000000002,0.0007239925180535,0.7097186660121662,0.938962903832708,0.5013737677343613,4.824570546552141e-06,0.9999951754294544,0.031051582583531,0.0013919575469883,7.305672916057624,0.044827265817905,0.955172734182095,0.0947963235801579,0.041704158271998,0.0398295841728001,163,3.2768,0.6,0.5970643111148144,0.6976818374365998,0.3488409187182999,0.1744204593591499,0.19902143703827146
1199.0500000000002,0.0001270986656628,0.723979951496799,0.3831323861279682,0.5375529935974017,4.816889181839693e-07,0.9999995183110824,0.0152215791990931,0.0006697340169859,7.55746924696488,0.0439989838194823,0.9560010161805176,0.0974398934600473,0.0408287588308537,0.0399171241169146,164,1.31072,0.6,0.2404623041270426,0.2846805006077653,0.1423402503038826,0.0711701251519413,0.08015410137568087
1199.0500000000002,2.004130219043478,0.0879730340689226,71.03394251248412,0.0593800865619152,0.5493022088693109,0.450697791130689,0.1167436399591516,0.005548578057822,5.946748968311173,0.0475278829230067,0.9524721170769932,0.0819779458386588,0.0493434087089265,0.0390656591291073,165,2000.0,0.7,58.709077818066405,61.58112384824582,30.79056192412291,15.395280962061454,19.569692606022134
1199.0500000000002,1.7654730345480665,0.2916802382078268,70.65454767592952,0.233360463094556,0.4421465333592459,0.557853466640753,0.1184518124024651,0.0101849994582479,5.995553117596379,0.0859843253838378,0.914015674616162,0.0867297615338845,0.0531877854896613,0.0386812214510339,166,600.0,0.7,62.86844422672112,61.252850023643624,30.626425011821812,15.313212505910906,20.956148075573704
1199.0500000000002,0.9796958345384104,0.555297946511698,40.35619391077863,0.5065654678518765,0.1425510040587731,0.8574489959412265,0.1062063452122127,0.0080876647758201,6.164688659393457,0.0761504857366955,0.9238495142633044,0.0866227724615972,0.0499580027539285,0.0390041997246071,167,180.0,0.7,36.94063641820835,34.98377063023697,17.491885315118484,8.745942657559242,12.313545472736116
1199.0500000000002,0.1813598111085535,0.6476542143863551,14.120455116637723,0.4449758951325593,0.0084195549791217,0.9915804450208778,0.0832100452570383,0.0046463646880716,6.4906053238505566,0.0558389876238521,0.9441610123761478,0.0873883416602879,0.0457847709269951,0.0394215229073005,168,54.0,0.7,11.372504809181438,12.24066465190211,6.120332325951055,3.0601661629755275,3.7908349363938125
1199.0500000000002,0.0203090661536455,0.6811900644682743,4.45549216115054,0.4467333562622208,0.0004077437474829,0.9995922562525164,0.0616655334472571,0.0029712180974153,6.82176141083597,0.0481828005257027,0.9518171994742972,0.0900005098637951,0.0436893156013284,0.0396310684398671,169,16.2,0.7,3.42892471208256,3.862347665535115,1.9311738327675576,0.9655869163837788,1.14297490402752
1199.0500000000002,0.0020605704997211,0.7002782095824827,1.3741026031834749,0.4797626626991987,1.9348699151482184e-05,0.9999806513008485,0.0405891625155467,0.0018439702820069,7.154246796107671,0.0454301140392563,0.9545698859607435,0.0932468852395869,0.0422726624555383,0.0397727337544461,170,4.86,0.7,1.0316043410414144,1.191173234499803,0.5955866172499015,0.2977933086249507,0.3438681136804715
1199.0500000000002,0.0002085939865037,0.7185866190657706,0.4230084812365812,0.5233655614949637,9.285773976742268e-07,0.9999990714226026,0.0197264712253329,0.0008726684132776,7.485769953132413,0.0442384450465019,0.955761554953498,0.0966799735383059,0.0410706469070272,0.0398929353092972,171,1.458,0.7,0.3115406680827881,0.3666947517092627,0.1833473758546313,0.0916736879273156,0.10384688936092935
1199.0500000000002,2.0117800026406596,0.0769581613427669,62.124717360047384,0.0514560909034596,0.5527802707651753,0.4472197292348251,0.1166892728249885,0.0053966809601734,5.945123468919749,0.0462483029187715,0.9537516970812284,0.0818301231442059,0.0492279618249475,0.0390772038175053,172,2000.0,0.8,58.579359655421285,61.56652907421352,30.78326453710676,15.39163226855338,19.526453218473762
1199.0500000000002,1.7220347994120917,0.3664126111705207,59.17550053903864,0.3225802245936275,0.4227448947200395,0.5772551052799608,0.1185081559694041,0.0107514757828595,6.004055330224256,0.0907235092281509,0.9092764907718488,0.0873497737080935,0.0535974513375485,0.0386402548662453,173,400.0,0.8,63.00833896136198,58.62601778728332,29.31300889364166,14.65650444682083,21.002779653787325
1199.0500000000002,0.4169217880766191,0.6138709846795961,19.827945807418033,0.4616052363142426,0.0304420172292912,0.9695579827707088,0.0929742289572904,0.0058173874081028,6.347385974180208,0.0625698913179312,0.9374301086820688,0.0866895002232403,0.0471858190248793,0.0392814180975121,174,80.0,0.8,19.13029049990278,19.64387150974708,9.82193575487354,4.91096787743677,6.376763499967594
1199.0500000000002,0.0255247419159265,0.6769156356584786,4.3728727447516995,0.44029618818564,0.0005539898390596,0.9994460101609396,0.0638106335031577,0.0031057904910733,6.78825261646526,0.0486719896128642,0.951328010387136,0.0896841690623077,0.0438448408799423,0.0396155159120057,175,16.0,0.8,3.8708643476179856,4.332260068214263,2.1661300341071317,1.0830650170535658,1.2902881158726618
1199.0500000000002,0.0012003634037917,0.7030581583864217,0.9083507223478432,0.4857591961339881,9.45125871068861e-06,0.99999054874129,0.0356582708071307,0.0016075111919073,7.232487339746276,0.0450810192274535,0.9549189807725464,0.0940435236737967,0.041974741967426,0.0398025258032573,176,3.2,0.8,0.7776690005162791,0.89991444273462,0.44995722136731,0.224978610683655,0.25922300017209304
1199.0500000000002,2.0164525275234073,0.0684110487020663,55.21789352835607,0.0453919369776767,0.5549056259271182,0.445094374072882,0.116656507569925,0.0053042083980551,5.944128347135502,0.0454686010848659,0.954531398915134,0.0817395820997865,0.0491584672059718,0.0390841532794027,177,2000.0,0.9,58.501263989249864,61.56994383185967,30.78497191592983,15.392485957964915,19.500421329749955
1199.0500000000002,1.365165183525754,0.497360027498283,40.16137323509893,0.4795738729962774,0.2717616525731985,0.7282383474268015,0.1131595147586581,0.0096782535063227,6.075312312461076,0.0855275270460944,0.9144724729539055,0.0868365238096786,0.0516852347830854,0.0388314765216915,178,200.0,0.9,50.52935700033239,44.76240247484547,22.381201237422736,11.190600618711368,16.843119000110796
1199.0500000000002,0.0482196348406176,0.6668476132104734,5.384788889728608,0.4299482056142471,0.0013090964753954,0.998690903524604,0.0698575228199708,0.0035138442124016,6.694272023207179,0.0503001548078554,0.9496998451921445,0.0888471348760845,0.0443349095570946,0.0395665090442905,179,20.0,0.9,5.438693010144258,6.001628518894261,3.0008142594471305,1.5004071297235653,1.8128976700480859
1199.0500000000002,0.000615002469715,0.7068509743611457,0.5707817966417937,0.4944092576063537,3.897307292206069e-06,0.9999961026927082,0.0295647700995907,0.0013220590990832,7.329288149991541,0.044717381345687,0.9552826186543129,0.0950420386309136,0.0416197236885809,0.0398380276311418,180,2.0,0.9,0.5482228874648554,0.6361658769250312,0.3180829384625156,0.1590414692312578,0.1827409624882851
